Código de Conexión,Equipo,Tipo de la observación,Fecha de la Observación,Código de la observación,Lectura de contador,Toda la lectura de contador del tiempo,Edad componente,Intervalo de la observación,días,Valoración de la Observación,Grado de Trakka,Edad del lubricante,Uso,Lubricante drenado,Agredado,Valoración del Estado Asignada,Notas sobre la Revisión del Estado,Otras recomendaciones,Efecto de Falla,Revisado,Revisor,Resumen de la Acción,Boro (ppm),Calcio (ppm),Cinc (ppm),Fosforado (ppm),Magnesio (ppm),Molibdeno (ppm),Agua (%),Nitración JOAP (Abs/cm),Oxidación JOAP (Abs/cm),Silicio (ppm),Sodio (ppm),Sulfatación JOAP (Abs/cm),Viscosidad @ 100°C (cSt),ISO 4406:1999 > 04µ,ISO 4406:1999 > 06µ,ISO 4406:1999 > 14µ,Aluminio (ppm),Cobre (ppm),Cromo (ppm),Hierro (ppm),Plomo (ppm),Bario (ppm),Cadmio (ppm),Estaño (ppm),Niquel (ppm),Fecha Calculada,Año,Mes,Flota
0060138 ZSHI,60138,Análisis flúido,16/08/2026,0060138 ZSHI 20260816,"38864,54","38926,14","38926,14","439,9",29,Normal,Crítico,,"38926,14",No,0,Crítico,"Los predictores del codigo ISO de limpieza estan en rango critico .  Asistente, abre una OT tipo TR P2 con las siguientes recomendaciones   1. Cambio del aceite hidraulico   2.  Cambie los desfogues del tanque hidráulico.  3. Cambie los filtros del sistema (By pass, flujo pleno, piloto, drenaje y alta eficiencia).  ",,,18/08/2026 11:24:56 a. m.,jbenitez2,,,"77,76","52,34","114,72",,"2,11",,,,"27,94",,,"9,85",23,20,15,"10,75","7,25","1,12","30,55",0,,,,,16/08/2026,2026,08,EX3600
0060138 ZSHI,60138,Análisis flúido,18/07/2026,0060138 ZSHI 20260718,"38424,64","38486,24","38486,24",458,28,Normal,Crítico,,"38486,24",No,0,Crítico,"Los predictores del codigo ISO de limpieza estan en rango de critico.  Asistente, abre una OT tipo TR P1 con las siguientes recomendaciones   1.  Cambie los desfogues del tanque hidráulico.  2. Cambie los filtros del sistema (By pass, flujo pleno, piloto, drenaje y alta eficiencia).  ",,Alto conteo de partículas,21/07/2026 4:26:36 p. m.,jbenitez2,,,"39,14","37,76","121,16",,"0,84",,,,"14,7",,,,24,22,20,"6,41","5,11","0,71","16,5","0,04",,,,,18/07/2026,2026,07,EX3600
0060138 ZSHI,60138,Análisis flúido,20/06/2026,0060138 ZSHI 20260620,"37966,64","38028,24","38028,24","489,2",32,Normal,Crítico,,"38028,24",No,0,Advertencia,"Los predictores del codigo ISO de limpieza estan en rango de advertencia.  Asistente, abre una OT tipo TR P3 con las siguientes recomendaciones y enventanarla el 12/7/2026   1.  Cambie los desfogues del tanque hidráulico.  2. Cambie los filtros del sistema (By pass, flujo pleno, piloto, drenaje y alta eficiencia).  ",,Alto conteo de partículas,22/06/2026 10:25:21 a. m.,jbenitez2,,,"89,62","47,67","136,54",,"0,79",,3,21,"10,04",,28,"10,05",22,20,16,"6,49","5,78","0,91","12,31",0,,,,,20/06/2026,2026,06,EX3600
0060138 ZSHI,60138,Análisis flúido,19/05/2026,0060138 ZSHI 20260519,"37477,44","37539,04","37539,04","472,5",30,Normal,Crítico,,"37539,04",No,0,Advertencia,"Los predictores del codigo ISO de limpieza estan en rango de advertencia.  Asistente, abre una OT tipo TR P2 con las siguientes recomendaciones y enventanarla el 7/6/2026   1.  Cambie los desfogues del tanque hidráulico.  2. Cambie los filtros del sistema (By pass, flujo pleno, piloto, drenaje y alta eficiencia).",,Altos metales de desgaste,25/05/2026 10:18:50 a. m.,jbenitez2,,,"93,49","31,96","104,5",,"0,18",,3,22,"5,32",,28,"9,96",22,18,15,"3,59","6,67","0,54","5,85","0,79",,,,,19/05/2026,2026,05,EX3600
0060138 ZSHI,60138,Análisis flúido,19/04/2026,0060138 ZSHI 20260419,"37004,94","37066,54","37066,54","473,4",30,Normal,Crítico,,"37066,54",No,0,Advertencia,"Los predictores del codigo ISO de limpieza estan en rango de critico.  Asistente, abre una OT tipo TR P2 con las siguientes recomendaciones    1.  Cambie los desfogues del tanque hidráulico.  2. Cambie los filtros del sistema (By pass, flujo pleno, piloto, drenaje y alta eficiencia).",,Alto conteo de partículas,21/04/2026 7:57:35 a. m.,jbenitez2,,,"83,88","52,45","137,31",,"0,26",,2,21,"1,27",,28,"10,3",21,19,15,"1,65","9,61","0,04","2,63",0,,,,,19/04/2026,2026,04,EX3600
0060138 ZSHI,60138,Análisis flúido,20/03/2026,0060138 ZSHI 20260320,"36531,54","36593,14","36593,14","453,4",57,Normal,Crítico,,"36593,14",No,0,Normal,ACTUALMENTE SE LE ESTA CAMBIANDO FILTRACION HIDRAULICA,,Ninguna falla identificada,25/03/2026 1:37:52 p. m.,jbenitez2,,,"113,62","49,84","82,45",,"0,02",,2,21,"2,71",,28,"10,457",17,16,13,"2,17","26,02","0,31","3,79",0,,,,,20/03/2026,2026,03,EX3600
0060138 ZSHI,60138,Análisis flúido,22/01/2026,0060138 ZSHI 20260122,"36078,14","36139,74","36139,74","364,1",24,Normal,Crítico,,"36139,74",No,0,Normal,"ACEITE NUEVO, SE TOMARA CONTRAMUESTRA",,Ninguna falla identificada,26/01/2026 6:35:46 a. m.,jbenitez2,,,"88,5","28,65","115,72",,"0,54",,,,"4,37",,,"10,22",21,19,14,"2,95","2,81","0,86","6,73","0,66",,,,,22/01/2026,2026,01,EX3600
0060138 ZSHI,60138,Análisis flúido,29/12/2025,0060138 ZSHI 20251229,"35714,04","35775,64","35775,64","153,8",9,Normal,Crítico,,"35775,64",No,0,Normal,ACTUALMENTE SE ESTA CAMBIANDO EL ACEITE HIDRAULICO ,,Ninguna falla identificada,6/01/2026 8:51:25 a. m.,jbenitez2,,,"138,45","71,41","151,1",,"0,65",,,,"6,75",,,"10,6",20,18,14,"3,79","7,33","2,32","11,64","0,1",,,,,29/12/2025,2025,12,EX3600
0060138 ZSHI,60138,Análisis flúido,20/12/2025,0060138 ZSHI 20251220,"35560,24","35621,84","35621,84","473,3",32,Normal,Crítico,,"35621,84",No,0,Advertencia,"Los predictores del codigo ISO de limpieza estan en rango de advertencia.  Asistente, abre una OT tipo TR P3 con las siguientes recomendaciones Y enventanarla en el evento del dia 4/1/2026 .  1.  Cambie los desfogues del tanque hidráulico.  2. Cambie los filtros del sistema (By pass, flujo pleno, piloto, drenaje y alta eficiencia)  Pedir el elemento filtrante STOCK: 483074 cant 6 se debe solicitar este filtro de flujo pleno.  ",,Altos metales de desgaste,23/12/2025 8:24:54 a. m.,jbenitez2,,,"73,01","13,58","108,25",,"0,11",,2,21,"1,73",,28,"11,026",23,22,19,"0,42","0,16",0,"0,48","0,05",,,,,20/12/2025,2025,12,EX3600
0060138 ZSHI,60138,Análisis flúido,18/11/2025,0060138 ZSHI 20251118,"35086,94","35148,54","35148,54","450,9",32,Normal,Crítico,,"35148,54",No,0,Normal,SE TOMARA CONTRAMUESTRA PARA VERIFICAR TENDENICA,,Alto conteo de partículas,6/01/2026 7:59:56 a. m.,jbenitez2,,,"154,79","86,85","151,78",,"0,39",,3,20,"5,68",,27,"10,042",23,21,17,"2,91","9,34","4,22","11,04","0,93",,,,,18/11/2025,2025,11,EX3600
0060138 ZSHI,60138,Análisis flúido,17/10/2025,0060138 ZSHI 20251017,"34636,04","34697,64","34697,64",181,12,Normal,Crítico,,"34697,64",No,0,Normal,"Todos los predictores permanecen dentro de los límites aceptables, continúe monitoreando de cerca.  ",,Ninguna falla identificada,22/10/2025 9:27:59 a. m.,jbenitez2,,,"126,13","64,35","152,15",,"0,01",,2,21,"5,23",,27,,17,15,7,"2,91","8,7","3,26","8,48","0,39",,,,,17/10/2025,2025,10,EX3600
0060138 ZSHI,60138,Análisis flúido,5/10/2025,0060138 ZSHI 20251005,"34455,04","34516,64","34516,64","472,3",37,Normal,Crítico,,"34516,64",No,0,Advertencia,"Los predictores del codigo ISO de limpieza estan en rango de advertencia.  Asistente, tu soporte con la apertura de una OT tipo TR con P3 envertanarla el dia 27/10/2025  la siguiente recomendación:    1.  Cambie los desfogues del tanque hidráulico.  2. Cambie los filtros del sistema (By pass, flujo pleno, piloto, drenaje y alta eficiencia)",,Altos metales de desgaste,15/10/2025 11:34:38 a. m.,jbenitez2,,,"160,47","83,54","227,13",,"0,87",,2,19,"7,27",,26,"9,7",21,19,16,"3,7","10,82","5,07","9,85",0,,,,,5/10/2025,2025,10,EX3600
0060138 ZSHI,60138,Análisis flúido,29/08/2025,0060138 ZSHI 20250829,"33982,74","34044,34","34044,34","419,8",25,Normal,Crítico,,"34044,34",No,0,Advertencia,"  Asistente, tu soporte con la apertura de una OT tipo TR con P3 envertanarla el dia 15/9/2025 y la siguiente recomendación:    1.  Cambie los desfogues del tanque hidráulico.  2. Cambie los filtros del sistema (By pass, flujo pleno, piloto, drenaje y alta eficiencia)    ",,Ninguna falla identificada,8/09/2025 1:45:05 p. m.,jbenitez2,,,"70,84","14,4","121,01",,0,,2,21,"1,55",,28,"10,944",20,18,16,0,"0,07","0,3","0,67",0,,,,,29/08/2025,2025,08,EX3600
0060138 ZSHI,60138,Análisis flúido,4/08/2025,0060138 ZSHI 20250804,"33562,94","33624,54","33624,54","203,2",11,Normal,Crítico,,"33624,54",No,0,Advertencia,YA SE TIENE UNA ORDEN ABIERTA PARA ESTE COMPONENTE #1502862,,Ninguna falla identificada,11/08/2025 10:50:11 a. m.,jbenitez2,,,"67,29","9,3","98,14",,"0,43",,2,21,"0,93",,28,"11,002",21,20,17,"0,2","0,07",0,"0,27",0,,,,,4/08/2025,2025,08,EX3600
0060138 ZSHI,60138,Análisis flúido,24/07/2025,0060138 ZSHI 20250724,"33359,74","33421,34","33421,34","251,5",14,Normal,Crítico,,"33421,34",No,0,Advertencia,YA SE TIENE UNA ORDEN ABIERTA PARA ESTE COMPONENTE #1502862,,Ninguna falla identificada,28/07/2025 4:12:10 p. m.,jbenitez2,,,"110,05","30,95","42,7",,0,,3,22,"13,06",,27,"9,84",23,21,16,"8,31","0,94","6,56","13,7",0,,,,,24/07/2025,2025,07,EX3600
0060138 ZSHI,60138,Análisis flúido,10/07/2025,0060138 ZSHI 20250710,"33108,24","33169,84","33169,84","196,5",11,Normal,Crítico,,"33169,84",No,0,Advertencia,"  Los predictores del codigo ISO de limpieza estan en rango de advertencia.    Asistente, abre una OT tipo TR P3 con las siguientes recomendaciones.    1.  Cambie los desfogues del tanque hidráulico.  2. Cambie los filtros del sistema (By pass, flujo pleno, piloto, drenaje y alta eficiencia)  ",,Ninguna falla identificada,15/07/2025 5:28:28 p. m.,jbenitez2,,,"120,82","84,28","182,19",,0,,3,22,"12,67",,27,"9,81",22,20,16,6,"1,3","7,6","16,28",0,,,,,10/07/2025,2025,07,EX3600
0060138 ZSHI,60138,Análisis flúido,29/06/2025,0060138 ZSHI 20250629,"32911,74","32973,34","32973,34","527,2",34,Normal,Crítico,,"32973,34",No,0,Advertencia,"Los predictores del codigo ISO de limpieza estan en rango de advertencia.    Asistente, abre una OT tipo TR P3 con las siguientes recomendaciones.    1.  Cambie los desfogues del tanque hidráulico.  2. Cambie los filtros del sistema (By pass, flujo pleno, piloto, drenaje y alta eficiencia)  ",,Ninguna falla identificada,1/07/2025 3:05:21 p. m.,jbenitez2,,,"105,13","61,08","106,44",,0,,3,21,"10,52",,27,"9,87",19,18,14,"5,25","0,75","6,74","12,08","0,57",,,,,29/06/2025,2025,06,EX3600
0060138 ZSHI,60138,Análisis flúido,26/05/2025,0060138 ZSHI 20250526,"32384,54","32446,14","32446,14","394,3",29,Normal,Crítico,,"32446,14",No,0,Crítico,YA SE TIENE UNA ACCION PARA ESTE COMPONENTE OT 1460879,,Ninguna falla identificada,28/05/2025 11:41:16 a. m.,jbenitez2,,,"109,88","73,35","123,72",,"0,53",,3,21,"11,04",,27,"9,92",21,20,16,"5,81","0,92","5,21","13,36","0,12",,,,,26/05/2025,2025,05,EX3600
0060138 ZSHI,60138,Análisis flúido,27/04/2025,0060138 ZSHI 20250427,"31990,24","32051,84","32051,84","934,67",56,Normal,Crítico,,"32051,84",No,0,Advertencia,"Los predictores del codigo ISO de limpieza estan en rango de advertencia.    Asistente, abre una OT tipo TR P3 con las siguientes recomendaciones.    1.  Cambie los desfogues del tanque hidráulico.  2. Cambie los filtros del sistema (By pass, flujo pleno, piloto, drenaje y alta eficiencia)    ",,Ninguna falla identificada,5/05/2025 1:50:44 p. m.,jbenitez2,,,"118,8","76,08","124,35",,0,,,,"11,2",,,,21,19,15,"5,95","1,03","6,15","11,98","2,1",,,,,27/04/2025,2025,04,EX3600
0060138 ZSHI,60138,Análisis flúido,2/03/2025,0060138 ZSHI 20250302,"31055,57","31117,17","31117,17","608,8",38,Normal,Crítico,,"31117,17",No,0,Normal,"EQUIPO EN PARAMETROS NORMALES , SE TENDRA BAJO MONITOREO.  ",,Ninguna falla identificada,28/04/2025 2:54:00 p. m.,jbenitez2,,,"70,27","49,92","104,29",,0,,,,"6,6",,,"10,109",19,17,13,"2,88","0,98","2,24","6,01",0,,,,,2/03/2025,2025,03,EX3600
0060138 ZSHI,60138,Análisis flúido,23/01/2025,0060138 ZSHI 20250123,"30446,77","30508,37","30508,37","48,8",3,Normal,Crítico,,"30508,37",No,0,Advertencia,Condicion identificada anteriormente y procesada con la OT # 1402613.,,Entrada de polvo,29/01/2025 12:49:29 p. m.,lrodriguez,Acción: Cambiar los filtros (Prioridad: 2 - Acción dentro de las dos Paradas Programadas (Máxi)  Situación: Accepted  Notas de Aceptación en 2025-02-28 14:45:46 por hpineda:      ,,"54,91","66,57","105,27",,"0,19",,2,21,"4,02",,27,"10,077",22,20,17,"1,46","1,19","0,21","9,25",0,,,,,23/01/2025,2025,01,EX3600
0060138 ZSHI,60138,Análisis flúido,20/01/2025,0060138 ZSHI 20250120,"30397,97","30459,57","30459,57","233,7",33,Normal,Crítico,,"30459,57",No,0,Advertencia,"Los predictores del codigo ISO de limpieza estan en rango de advertencia.    Asistente, abre una OT tipo TR P2 con las siguientes recomendaciones.    1.  Cambie los desfogues del tanque hidráulico.  2. Cambie los filtros del sistema (By pass, flujo pleno, piloto, drenaje y alta eficiencia)    ",,Entrada de polvo,27/01/2025 6:42:20 p. m.,lrodriguez,Acción: Cambiar los filtros (Prioridad: 2 - Acción dentro de las dos Paradas Programadas (Máxi)  Situación: Recommended      ,,"79,9","19,54","119,81",,0,,,,"3,49",,,"10,731",22,20,17,"1,38","0,39","0,62","1,82","1,15",,,,,20/01/2025,2025,01,EX3600
0060138 ZSHI,60138,Análisis flúido,18/12/2024,0060138 ZSHI 20241218,"30164,27","30225,87","30225,87","64,4",4,Normal,Crítico,,"30225,87",No,0,Advertencia,Condicion identificada y procesada con resultados anteriores.,,Entrada de polvo,21/12/2024 4:26:06 p. m.,lrodriguez,Acción: Cambiar los filtros (Prioridad: 1 - Acción dentro de la Parada Actual Programada (Máxi)  Situación: Recommended      ,,"72,62","73,75","147,08",,0,,,,"5,51",,,"9,79",19,17,14,"2,54","1,65","0,25","5,44","0,88",,,,,18/12/2024,2024,12,EX3600
0060138 ZSHI,60138,Análisis flúido,14/12/2024,0060138 ZSHI 20241214,"30099,87","30161,47","30161,47","449,2",34,Normal,Crítico,,"30161,47",No,0,Advertencia,Filtros programados para su PM el 24 de diciembre y el cambio de aceite en la parada anual de enero.,,Deterioro de la condición del fluido,21/12/2024 1:14:58 p. m.,lrodriguez,Acción: Cambiar los filtros (Prioridad: 1 - Acción dentro de la Parada Actual Programada (Máxi)  Situación: Recommended      ,,"63,14","79,85","102,75",,0,,2,19,"19,01",,25,"9,83",24,22,17,"2,95","1,44","0,33","6,3","0,52",,,,,14/12/2024,2024,12,EX3600
0060138 ZSHI,60138,Análisis flúido,10/11/2024,0060138 ZSHI 20241110,"29650,67","29712,27","29712,27",179,14,Normal,Advertencia,,"29712,27",No,0,Advertencia,"Los conteos de partículas son ligeramente elevados, sin embargo mínimos. Teniendo en cuenta que todos los otros predictores permanecen dentro de los límites aceptables, continúe monitoreando de cerca.  Particle counts are slightly elevated, However minimal. Considering all other predictors remain within acceptable limits, continue to monitor closely.  ",,Alto conteo de partículas,15/11/2024 8:44:33 p. m.,sysadmin,,,"66,92","91,03","145,7",,0,,,,"5,1",,,"9,96",22,20,17,"2,26","2,08","0,31","4,63","0,9",,,,,10/11/2024,2024,11,EX3600
0060138 ZSHI,60138,Análisis flúido,27/10/2024,0060138 ZSHI 20241027,"29471,67","29533,27","29533,27","444,2",34,Normal,Crítico,,"29533,27",No,0,Advertencia,"Se programa cambio de aceite, equipo proximo a PM.",,Entrada de polvo,19/11/2024 5:57:19 p. m.,lrodriguez,,,"59,9","198,86","127,45",,0,"0,5",3,13,"7,33",,20,,23,21,17,"3,55","1,83","0,36","9,65","1,03",,,,,27/10/2024,2024,10,EX3600
0060138 ZSHI,60138,Análisis flúido,23/09/2024,0060138 ZSHI 20240923,"29027,47","29089,07","29089,07","732,4",54,Normal,Normal,,"29089,07",No,0,Normal,"Todos los predictores permanecen dentro de los límites aceptables, continúe monitoreando de cerca.  ",,Ninguna falla identificada,24/09/2024 9:45:25 p. m.,sysadmin,,,"62,83","213,37","215,34",,"3,21",,,,"7,31",,,"9,174",18,15,12,"3,12","1,54","0,39","6,44",0,,,,,23/09/2024,2024,09,EX3600
0060138 ZSHI,60138,Análisis flúido,31/07/2024,0060138 ZSHI 20240731,"28295,07","28356,67","28356,67","633,2",42,Normal,Normal,,"28356,67",No,0,Normal,"Predictores dentro de rangos normales, seguir monitoreando de cerca.",,Ninguna falla identificada,8/08/2024 11:47:49 p. m.,lrodriguez,,,"54,69","372,9","192,88",,0,,,,"6,04",,,,18,17,14,"2,51","1,75","0,17","5,15",0,,,,,31/07/2024,2024,07,EX3600
0060138 ZSHI,60138,Análisis flúido,19/06/2024,0060138 ZSHI 20240619,"27661,87","27723,47","27723,47","172,2",11,Normal,Advertencia,,"27723,47",No,0,Advertencia,"Los conteos de partículas son ligeramente elevados, sin embargo mínimos. Teniendo en cuenta que todos los otros predictores permanecen dentro de los límites aceptables, continúe monitoreando de cerca.  Particle counts are slightly elevated, However minimal. Considering all other predictors remain within acceptable limits, continue to monitor closely.  ",,Alto conteo de partículas,24/06/2024 7:57:56 a. m.,sysadmin,,,"44,78","391,94","330,32",,0,,,,"0,95",,,,22,20,17,0,"0,48",0,0,0,,,,,19/06/2024,2024,06,EX3600
0060138 ZSHI,60138,Análisis flúido,8/06/2024,0060138 ZSHI 20240608,"27489,67","27551,27","27551,27","261,2",18,Normal,Advertencia,,"27551,27",No,0,Advertencia,"Los conteos de partículas son ligeramente elevados, sin embargo mínimos. Teniendo en cuenta que todos los otros predictores permanecen dentro de los límites aceptables, continúe monitoreando de cerca.  Particle counts are slightly elevated, However minimal. Considering all other predictors remain within acceptable limits, continue to monitor closely.  ",,Alto conteo de partículas,18/06/2024 4:45:25 p. m.,sysadmin,,,"29,49","374,61","276,71",,"0,47",,,,"1,95",,,,21,18,15,"0,31","0,11",0,"0,22",0,,,,,8/06/2024,2024,06,EX3600
0060138 ZSHI,60138,Análisis flúido,21/05/2024,0060138 ZSHI 20240521,"27228,47","27290,07","27290,07","572,3",35,Normal,Crítico,,"27290,07",No,0,Advertencia,"Los conteos de partículas son ligeramente elevados, sin embargo mínimos. Teniendo en cuenta que todos los otros predictores permanecen dentro de los límites aceptables, continúe monitoreando de cerca.  Particle counts are slightly elevated, However minimal. Considering all other predictors remain within acceptable limits, continue to monitor closely.  ",,Alto conteo de partículas,24/05/2024 9:43:20 p. m.,sysadmin,,,"62,22","397,44","310,4",,0,,,,"5,05",,,"8,45",23,21,17,"0,48","1,48",0,"2,58",0,,,,,21/05/2024,2024,05,EX3600
0060138 ZSHI,60138,Análisis flúido,16/04/2024,0060138 ZSHI 20240416,"26656,17","26717,77","26717,77","176,3",10,Normal,Advertencia,,"26717,77",No,0,Advertencia,Aceite programado para cambio el 29 de abril con su filtracion.,,Ninguna falla identificada,27/04/2024 7:56:15 p. m.,lrodriguez,,,"54,82","331,76","331,33",,0,,,,"7,69",,,"8,6",20,18,13,"3,06","2,64","0,53","5,24","0,4",,,,,16/04/2024,2024,04,EX3600
0060138 ZSHI,60138,Análisis flúido,6/04/2024,0060138 ZSHI 20240406,"26479,87","26541,47","26541,47","1351,59",85,Normal,Crítico,,"26541,47",No,0,Crítico,Aceite programado para cambio el 26 de abril con su filtracion.,,Ninguna falla identificada,14/04/2024 11:52:49 p. m.,lrodriguez,,,"67,37","342,04","341,86",,0,,,,"6,26",,,"11,1",23,21,17,"1,33","2,47","0,15","3,96","0,61",,,,,6/04/2024,2024,04,EX3600
0060138 ZSHI,60138,Análisis flúido,12/01/2024,0060138 ZSHI 20240112,"25128,28","25189,88","25189,88","323,1",40,Normal,Normal,,"25189,88",No,0,Normal,Componente en condiciones de operacion normales,,Ninguna falla identificada,17/01/2024 6:11:22 a. m.,fpertuz,,,"76,94","413,87","265,82",,"0,1",,,,"3,72",,,,20,17,13,"0,7","1,33","0,24","1,81","0,1",,,,,12/01/2024,2024,01,EX3600
0060138 ZSHI,60138,Análisis flúido,3/12/2023,0060138 ZSHI 20231203,"24805,18","24866,78","24866,78","220,3",12,Normal,Crítico,,"24866,78",No,0,Crítico,"el predictor de silicio se encuentra en critico y el predictor de cobre,hierro se encuentra en advertencia.","    Favor abrir una OT tipo TR P3 con las siguientes recomendaciones.    1. Realizar test hidráulico.  2. Inspeccionar fuentes de desgaste anormal, revise alarmas de contaminación del equipo y tiempos de ciclo por movimiento, medición de parámetros de componentes hidráulicos.  3. Verifique las presiones de drenaje de todos los componentes del sistema (Bombas y motores).  4. Cambie los desfogues del tanque hidráulico.  5. Cambie los filtros del sistema (By pass, drenaje, flujo pleno y alta eficiencia),   NOTA: favor  entregar  filtración desmontada, previamente preservada  a Jesus Benitez  para efectuar corte y análisis de tamiz     ",Ninguna falla identificada,7/12/2023 9:51:05 a. m.,fpertuz,,,"54,26","366,82","244,99",,"0,23",,,,"10,77",,,"8,72",24,23,20,"3,78","6,76","1,56","9,59",0,,,,,3/12/2023,2023,12,EX3600
0060138 ZSHI,60138,Análisis flúido,21/11/2023,0060138 ZSHI 20231121,"24584,88","24646,48","24646,48","227,3",14,Normal,Advertencia,,"24646,48",No,0,Advertencia,"el predictor de silicio, cobre y hierro se encuentra en estado de advertencia ","Los predictores de silicio en advertencia y hierro en crítico.  1. Inspeccionar fuentes de desgaste anormal, revise alarmas de contaminación del equipo y tiempos de ciclo por movimiento, medición de parámetros de componentes hidráulicos  2. Verifique las presiones de drenaje de todos los componentes del sistema (Bombas y motores).  3. Programar el cambio de toda la filtración: By pass, flujo pleno, drenaje y alta eficiencia  4. Cambie los desfogues del tanque hidráulico.  5. Tomar muestra de aceite hco.  ",Ninguna falla identificada,27/11/2023 12:48:14 p. m.,fpertuz,,,"61,02","373,44","239,39",,0,,,,"9,48",,,"8,73",19,18,14,"3,38","5,18","1,56","7,81",0,,,,,21/11/2023,2023,11,EX3600
0060138 ZSHI,60138,Análisis flúido,7/11/2023,0060138 ZSHI 20231107,"24357,58","24419,18","24419,18","88,5",8,Normal,Normal,,"24419,18",No,0,Normal,Componente en condiciones de operacion normales,Componente en condiciones de operacion normales,Ninguna falla identificada,11/11/2023 4:32:53 p. m.,fpertuz,,,"37,92","358,64","305,6",,0,,,,"1,82",,,"8,8",19,17,14,"0,25","0,05",0,"0,48","0,12",,,,,7/11/2023,2023,11,EX3600
0060138 ZSHI,60138,Análisis flúido,30/10/2023,0060138 ZSHI 20231030,"24269,08","24330,68","24330,68","519,9",36,Normal,Advertencia,,"24330,68",No,0,Normal,,,Ninguna falla identificada,11/11/2023 4:46:50 p. m.,fpertuz,,,"66,7","347,03","324,49",,0,,,,"9,15",,,"8,75",15,14,11,"2,65","3,86","1,38","8,06",0,,,,,30/10/2023,2023,10,EX3600
0060138 ZSHI,60138,Análisis flúido,24/09/2023,0060138 ZSHI 20230924,"23749,18","23810,78","23810,78","340,7",26,Crítico,Advertencia,,"23810,78",No,0,Advertencia,Los predictores de silicio y hierro en advertencia,"Los predictores de silicio en advertencia y hierro en crítico.  1. Inspeccionar fuentes de desgaste anormal, revise alarmas de contaminación del equipo y tiempos de ciclo por movimiento, medición de parámetros de componentes hidráulicos  2. Verifique las presiones de drenaje de todos los componentes del sistema (Bombas y motores).  3. Programar el cambio de toda la filtración: By pass, flujo pleno, drenaje y alta eficiencia  4. Cambie los desfogues del tanque hidráulico.  5. Tomar muestra de aceite hco.  ",Ninguna falla identificada,4/10/2023 2:24:57 p. m.,fpertuz,,,"65,83","374,68","262,92",,"0,12",,,,"8,32",,,"8,77",20,19,14,"3,88","3,94","1,98","8,19","0,52",,,,,24/09/2023,2023,09,EX3600
0060138 ZSHI,60138,Análisis flúido,29/08/2023,0060138 ZSHI 20230829,"23408,48","23470,08","23470,08","318,8",20,Normal,Crítico,,"23470,08",No,0,Crítico,"El predictor hierro , cobre , cromo  y silicio en criticidad. ","El predictor hierro , cobre , cromo  y silicio en criticidad.     Favor abrir una OT tipo TR P3 con las siguientes recomendaciones.    1. Realizar test hidráulico.  2. Inspeccionar fuentes de desgaste anormal, revise alarmas de contaminación del equipo y tiempos de ciclo por movimiento, medición de parámetros de componentes hidráulicos.  3. Verifique las presiones de drenaje de todos los componentes del sistema (Bombas y motores).  4. Cambie los desfogues del tanque hidráulico.  5. Cambie los filtros del sistema (By pass, drenaje, flujo pleno y alta eficiencia),   NOTA: favor  entregar  filtración desmontada, previamente preservada  a Harold Diaz para efectuar corte y análisis de tamiz     ",Ninguna falla identificada,4/09/2023 3:24:21 p. m.,fpertuz,,,"74,11","340,99","343,17",,"2,26",,,,"16,81",,,,26,25,20,"4,19","4,31","3,08","12,2",0,,,,,29/08/2023,2023,08,EX3600
0060138 ZSHI,60138,Análisis flúido,9/08/2023,0060138 ZSHI 20230809,"23089,68","23151,28","23151,28","429,9",30,Normal,Normal,,"23151,28",No,0,Normal,"Todos los predictores permanecen dentro de los límites aceptables, continúe monitoreando de cerca.  ",,Ninguna falla identificada,14/08/2023 8:01:50 a. m.,sysadmin,,,"39,18","343,43","337,47",,0,,,,"2,2",,,"8,75",20,19,16,0,"0,07","0,05","0,09",0,,,,,9/08/2023,2023,08,EX3600
0060138 ZSHI,60138,Análisis flúido,10/07/2023,0060138 ZSHI 20230710,"22659,78","22721,38","22721,38","451,9",31,Normal,Advertencia,,"22721,38",No,0,Normal,"se realizo test  hidraulico , se verificaron fuentes de desgaste anormal, se tomo contra muetras la cual muestra en advertencia,  disminuyo del 13,57  a 7,99 hierro (ppm) ",se  tomara una contra muestra para seguimiento ,Ninguna falla identificada,25/07/2023 1:39:32 p. m.,fpertuz,,,"56,9","380,08",168,,0,,,,"6,12",,,"8,5",23,22,18,"2,39","2,61","1,46","7,99","1,09",,,,,10/07/2023,2023,07,EX3600
0060138 ZSHI,60138,Análisis flúido,9/06/2023,0060138 ZSHI 20230609,"22207,88","22269,48","22269,48","81,2",8,Crítico,Crítico,,"22269,48",No,0,Crítico,Los predictores de hierro en crítico.,"1. Inspeccionar fuentes de desgaste anormal, revise alarmas de contaminación del equipo y tiempos de ciclo por movimiento, medición de parámetros de componentes hidráulicos  2. Verifique las presiones de drenaje de todos los componentes del sistema (Bombas y motores).  3. Programar el cambio de toda la filtración: By pass, flujo pleno, drenaje y alta eficiencia  4. Cambie los desfogues del tanque hidráulico.  5. Tomar muestra de aceite hco.    ",Ninguna falla identificada,28/06/2023 4:24:05 p. m.,fpertuz,,,"102,97","365,21","317,52",,0,,,,"8,46",,,"8,65",19,18,14,"3,36","2,25","1,93","13,07","0,72",,,,,9/06/2023,2023,06,EX3600
0060138 ZSHI,60138,Análisis flúido,1/06/2023,0060138 ZSHI 20230601,"22126,68","22188,28","22188,28","948,2",61,Crítico,Crítico,,"22188,28",No,0,Advertencia,"Predictor de hierro en critico y silicio en advertencia, filtros cambiados en PM del 3 de Junio, Previamiente se destruyo un motor de giro. Se mantiene en seguimiento. ",,Alto conteo de partículas,8/06/2023 3:58:53 p. m.,fpertuz,,,"113,22","342,39","343,12",,0,,,,"7,97",,,"8,9",19,17,13,"3,16","2,69","2,24","13,57","0,9",,,,,1/06/2023,2023,06,EX3600
0060138 ZSHI,60138,Análisis flúido,1/04/2023,0060138 ZSHI 20230401,"21178,48","21240,08","21240,08","500,7",28,Crítico,Crítico,,"21240,08",No,0,Advertencia,"Predictor de hierro en critico, ISO 06 y 14 en advertencia, motores de giro FLH, TLH y FRH con alarmas de contaminación consecutivas, se mantiene en seguimiento. ","Cambio de filtros de pilotaje, flujo pleno, bypass y alta eficiencia, proximo PM. ",Altos metales de desgaste,10/04/2023 2:53:59 p. m.,fpertuz,,,"43,02","321,18","325,55",,0,,,,"6,9",,,"8,88",24,23,20,"2,26","2,11","0,48","10,27",0,,,,,1/04/2023,2023,04,EX3600
0060138 ZSHI,60138,Análisis flúido,4/03/2023,0060138 ZSHI 20230304,"20677,78","20739,38","20739,38","432,9",33,Advertencia,Advertencia,,"20739,38",No,0,Advertencia,Predictor de hierro en advertencia,"1. Inspeccionar fuentes de desgaste anormal, revise alarmas de contaminación del equipo y tiempos de ciclo por movimiento, medición de parámetros de componentes hidráulicos.  2. Verifique las presiones de drenaje de todos los componentes del sistema (Bombas y motores).  3. Programar el cambio de toda la filtración y toma de contra-muestra de aceite.  4. Cambie los desfogues del tanque hidráulico.  5. Cambie los filtros del sistema (By pass, drenaje, flujo pleno y alta eficiencia)  ",Altos metales de desgaste,13/03/2023 4:04:04 p. m.,fpertuz,,,"35,61","343,06","230,74",,0,,,,"4,86",,,"8,854",20,17,13,"1,42","1,69","0,42","8,14","0,16",,,,,4/03/2023,2023,03,EX3600
0060138 ZSHI,60138,Análisis flúido,30/01/2023,0060138 ZSHI 20230130,"20244,88","20306,48","20306,48",150,10,Crítico,Crítico,,"20306,48",No,0,Crítico,"Predictores de silicio y Iso 6u en advertencia, hierro en critico. El aceite hidraulico se cambio en el PM presente y se realiza limpieza de tanque hidralico y cambio de filtros de succion.",,Altos metales de desgaste,7/02/2023 3:07:42 p. m.,fpertuz,,,"54,03","333,83","273,91",,0,,,,"8,71",,,"8,86",24,23,19,"2,69","3,85","0,95","13,96","0,79",,,,,30/01/2023,2023,01,EX3600
0060138 ZSHI,60138,Análisis flúido,20/01/2023,0060138 ZSHI 20230120,"20094,88","20156,48","20156,48","1035,1",71,Advertencia,Crítico,,"20156,48",No,0,Advertencia,El predictor de silicio y hierro en crítico.   ,"1. Inspeccionar fuentes de desgaste anormal, revise alarmas de contaminación del equipo y tiempos de ciclo por movimiento, medición de parámetros de componentes hidráulicos.  2. Verifique las presiones de drenaje de todos los componentes del sistema (Bombas y motores).  3. Programar el cambio de toda la filtración y toma de contra-muestra de aceite.  4. Cambie los desfogues del tanque hidráulico.  5. Cambie los filtros del sistema (By pass, drenaje, flujo pleno y alta eficiencia)  ",Altos metales de desgaste,24/01/2023 9:21:26 a. m.,fpertuz,"Acción: Cambiar los filtros (Prioridad: 3 - Acción en el siguiente Servicio (Máximo 21 días))  Situación: Closed  Realización de Notas en 2023-11-30 14:48:34 por imoreno1:    Cierre de notas en 2024-03-15 16:03:05 por etorres4:  Se Cierra Orden completada ,ante la mejoria en la salud del componente    Acción: Inspeccionar Respiradero (Prioridad: 3 - Acción en el siguiente Servicio (Máximo 21 días))  Situación: Closed  Realización de Notas en 2023-11-30 14:48:34 por imoreno1:    Cierre de notas en 2024-03-15 16:03:05 por etorres4:  Se Cierra Orden completada ,ante la mejoria en la salud del componente    Acción: Inspeccionar las fuentes de entrada de la suciedad (Prioridad: 3 - Acción en el siguiente Servicio (Máximo 21 días))  Situación: Closed  Realización de Notas en 2023-11-30 14:48:34 por imoreno1:    Cierre de notas en 2024-03-15 16:03:05 por etorres4:  Se Cierra Orden completada ,ante la mejoria en la salud del componente    Acción: Tomar muestra de aceite (Prioridad: 3 - Acción en el siguiente Servicio (Máximo 21 días))  Situación: Closed  Realización de Notas en 2023-11-30 14:48:34 por imoreno1:    Cierre de notas en 2024-03-15 16:03:05 por etorres4:  Se Cierra Orden completada ,ante la mejoria en la salud del componente    ",,"47,1","356,52","236,25",,"0,47",,,,"10,07",,,"9,036",21,20,16,"2,5","4,4","0,84","16,6",0,,,,,20/01/2023,2023,01,EX3600
0060138 ZSHI,60138,Análisis flúido,10/11/2022,0060138 ZSHI 20221110,"19059,78","19121,38","19121,38",451,38,Crítico,Crítico,,"19121,38",No,0,Advertencia,Los predictores de hierro se encuentran en rango de criticidad y los parametros de silicio e ISO en advertencia.,,Entrada de polvo,15/11/2022 1:48:37 p. m.,fpertuz,,,"51,78","371,49","271,22",,"0,3",,,,"9,79",,,"9,03",25,24,20,"1,9","3,69","0,69","12,52","0,21",,,,,10/11/2022,2022,11,EX3600
0060138 ZSHI,60138,Análisis flúido,3/10/2022,0060138 ZSHI 20221003,"18639,08","18670,38","18670,38","27,3",2,Crítico,Crítico,,"18670,38",No,0,Normal,Parametros en rangos normales,,Ninguna falla identificada,10/10/2022 9:23:54 a. m.,fpertuz,,,"78,9","360,43","291,32",,0,,,,"6,75",,,9,22,20,17,"1,71","4,77","1,11","13,27","0,43",,,,,3/10/2022,2022,10,EX3600
0060138 ZSHI,60138,Análisis flúido,1/10/2022,0060138 ZSHI 20221001,"18611,78","18643,08","18643,08","185,31",10,Crítico,Crítico,,"18643,08",No,0,Advertencia,Predictores de silicio en advertencia y hierro en critico.    ,"1. Inspeccionar fuentes de desgaste anormal, revise alarmas de contaminación del equipo y tiempos de ciclo por movimiento, medición de parámetros de componentes hidráulicos  2. Verifique las presiones de drenaje de todos los componentes del sistema (Bombas y motores).  3. Programar el cambio de toda la filtración: By pass, flujo pleno, drenaje y alta eficiencia  4. Cambie los desfogues del tanque hidráulico.  5. Tomar muestra de aceite hco.    ",Altos metales de desgaste,10/10/2022 9:59:48 a. m.,fpertuz,"Acción: Cambiar los filtros (Prioridad: 2 - Acción dentro de las dos Paradas Programadas (Máxi)  Situación: Closed  Realización de Notas en 2022-12-27 17:20:48 por cerrejon_web_service:    Cierre de notas en 2024-03-15 11:20:41 por etorres4:  Se Cierra Orden completada ,ante la mejoria en la salud del componente    Acción: Tomar muestra de aceite (Prioridad: 2 - Acción dentro de las dos Paradas Programadas (Máxi)  Situación: Closed  Realización de Notas en 2022-12-27 17:20:48 por cerrejon_web_service:    Cierre de notas en 2024-03-15 11:20:41 por etorres4:  Se Cierra Orden completada ,ante la mejoria en la salud del componente    ",,"77,74","378,07","285,78",,0,,,,"7,75",,,"8,997",22,20,17,"2,14","4,67","0,99","13,57","0,09",,,,,1/10/2022,2022,10,EX3600
0060138 ZSHI,60138,Análisis flúido,21/09/2022,0060138 ZSHI 20220921,"18457,77","18457,77","18457,77","327,99",34,Crítico,Crítico,,"18457,77",No,0,Advertencia,Los predictores de silicio se encuentran en advertencia y hierro se encuentran en rango de critico.  ,Realizar contramuestra de aceite hidraulico debido a que la muestra procesada se tomo unos dias antes del PM de 2000mil hrs que se realizó los dias 22 y 23 de Septiembre en el cual se cambió toda la filtración hidraúlica.,Altos metales de desgaste,27/09/2022 4:40:41 p. m.,fpertuz,"Acción: Tomar muestra de aceite (Prioridad: 2 - Acción dentro de las dos Paradas Programadas (Máxi)  Situación: Closed  Realización de Notas en 2022-12-27 17:20:55 por cerrejon_web_service:    Cierre de notas en 2024-03-15 09:44:33 por etorres4:  Se Cierra Orden completada ,ante la mejoria en la salud del componente    ",,"70,5","372,61","312,77",,0,,,,"7,45",,,"8,99",19,18,16,"1,8","4,81","1,03","11,6",0,,,,,21/09/2022,2022,09,EX3600
0060138 ZSHI,60138,Análisis flúido,18/08/2022,0060138 ZSHI 20220818,"18129,78","18129,78","18129,78","599,28",40,Crítico,Crítico,,"18129,78",No,0,Advertencia,Los predictores del hierro está en rangos de criticos.,"1. Inspeccione fuentes de desgaste anormal, revise alarmas de contaminación del equipo y tiempos de ciclo por movimiento, medición de parámetros de componentes hidráulicos  2. Verifique las presiones de drenaje de todos los componentes del sistema (Bombas y motores)  3. Programar el cambio de toda la filtración y toma de contramuestra de aceite de 1 LT para entregar a Primax.  4. Cambie los desfogues del tanque hidráulico.  5. Cambie los filtros del sistema (By pass, flujo pleno y alta eficiencia)  ",Altos metales de desgaste,26/08/2022 12:17:46 p. m.,fpertuz,"Acción: Cambiar los filtros (Prioridad: 2 - Acción dentro de las dos Paradas Programadas (Máxi)  Situación: Closed  Realización de Notas en 2022-09-19 11:45:20 por cerrejon_web_service:    Cierre de notas en 2024-03-15 09:44:31 por etorres4:  Se Cierra Orden completada ,ante la mejoria en la salud del componente    Acción: Inspeccionar por soltura mecanica (Prioridad: 2 - Acción dentro de las dos Paradas Programadas (Máxi)  Situación: Closed  Realización de Notas en 2022-09-19 11:45:20 por cerrejon_web_service:    Cierre de notas en 2024-03-15 09:44:31 por etorres4:  Se Cierra Orden completada ,ante la mejoria en la salud del componente    Acción: Investigar la fuente del desgaste anormal. (Prioridad: 2 - Acción dentro de las dos Paradas Programadas (Máxi)  Situación: Closed  Realización de Notas en 2022-09-19 11:45:20 por cerrejon_web_service:    Cierre de notas en 2024-03-15 09:44:31 por etorres4:  Se Cierra Orden completada ,ante la mejoria en la salud del componente    ",,"71,16","367,21","287,94",,0,,,,"6,38",,,"9,08",19,18,14,"1,74","4,42","0,78","10,24","1,55",,,,,18/08/2022,2022,08,EX3600
0060138 ZSHI,60138,Análisis flúido,9/07/2022,0060138 ZSHI 20220709,"17530,5","17530,5","17530,5","101,98",6,Crítico,Advertencia,,"17530,5",No,0,Advertencia,Ya se tiene una OT en proceso por este predictor,,Alto conteo de partículas,15/07/2022 9:58:25 a. m.,fpertuz,,,"75,43","369,88","289,85",,0,,,,"4,2",,,"8,76",18,16,12,0,"3,92","1,23","8,51",0,,,,,9/07/2022,2022,07,EX3600
0060138 ZSHI,60138,Análisis flúido,3/07/2022,0060138 ZSHI 20220703,"17428,52","17428,52","17428,52","848,14",74,Crítico,Advertencia,,"17428,52",No,0,Advertencia,"Haremos seguimiento a proxima contramuestra, filtros recien cambiados.",,Alto conteo de partículas,10/07/2022 7:32:06 p. m.,fpertuz,,,"69,41","388,73","248,52",,0,,,,"3,38",,,"8,77",17,15,11,"0,92","3,16","0,8","6,98","0,39",,,,,3/07/2022,2022,07,EX3600
0060138 ZSHI,60138,Análisis flúido,20/04/2022,0060138 ZSHI 20220420,"16580,38","16580,38","16580,38","430,29",30,Crítico,Advertencia,,"16580,38",No,0,Normal,"Combinación de aceites, mantendremos seguimiento a las muestras y mantendremos cambio de filtración bajo rutina convencional de Seis.",,Ninguna falla identificada,24/04/2022 11:48:31 p. m.,fpertuz,,,"42,04","325,32","272,37",,0,,,,"3,44",,,"8,828",22,21,19,"1,02","6,2","1,7",5,0,,,,,20/04/2022,2022,04,EX3600
0060138 ZSHI,60138,Análisis flúido,21/03/2022,0060138 ZSHI 20220321,"16150,09","16150,09","16150,09","975,02",63,Advertencia,Advertencia,,"16150,09",No,0,Advertencia,"Combinación de aceites, mantendremos seguimiento a las muestras y mantendremos cambio de filtración bajo rutina convencional de Seis.",,Transferencia de fluido,23/03/2022 10:28:04 a. m.,fpertuz,,,"36,86","281,78","214,37",,0,,,,"4,03",,,"8,668",21,20,17,"1,25","10,26","1,45",5,0,,,,,21/03/2022,2022,03,EX3600
0060138 ZSHI,60138,Análisis flúido,17/01/2022,0060138 ZSHI 20220117,"15175,07","15175,07","15175,07","728,07",46,Crítico,Advertencia,,"15175,07",No,0,Advertencia,"Los conteos de partículas son ligeramente elevados, sin embargo mínimos. Teniendo en cuenta que todos los otros predictores permanecen dentro de los límites aceptables, continúe monitoreando de cerca.  Particle counts are slightly elevated, However minimal. Considering all other predictors remain within acceptable limits, continue to monitor closely.  ",,Alto conteo de partículas,19/01/2022 8:10:55 p. m.,sysadmin,,,"42,65","439,82","345,96",,"0,48",,,,"0,85",,,"9,034",23,22,20,"0,28","0,08",0,0,0,,,,,17/01/2022,2022,01,EX3600
0060138 ZSHI,60138,Análisis flúido,2/12/2021,0060138 ZSHI 20211202,14447,14447,14447,"547,21",34,Advertencia,Crítico,,14447,No,0,Advertencia,Los predictor de cobre está en advertencia.  ,"1. Programar el cambio de toda la filtración y toma de contramuestra de aceite de 1 LT para entregar a Primax.  2. Cambie los filtros de flujo pleno, by pass y alta eficiencia.  ",Alto conteo de partículas,12/12/2021 10:05:48 p. m.,fpertuz,"Acción: Cambiar los filtros (Prioridad: 3 - Acción en el siguiente Servicio (Máximo 21 días))  Situación: Closed  Realización de Notas en 2021-12-20 10:50:13 por cerrejon_web_service:  Se efectua en parada programada  A.  Qu% encontr% al hacer el diagn%stico de la falla? (Parte, Modo)  SISTEMA HIDRAULICO (TRAKKA)  B.  Qu% trabajo se realiz%?  SISTEMA HIDRAULICO (TRAKKA)  C.  Cu%l fue la causa oposible causa de la falla? PARADA PROGRAMADA D.  Qu% desvia    Cierre de notas en 2024-03-14 16:24:08 por etorres4:  Se efectua cambio de giltracion y revisiones del sistema sin novedades relevantyes durante la parada de Seis    ",,"23,59","275,17","213,94",,"0,19",,,,"5,56",,,"8,827",18,16,13,"1,05","12,71","1,29","5,93",0,,,,,2/12/2021,2021,12,EX3600
0060138 ZSHI,60138,Análisis flúido,29/10/2021,0060138 ZSHI 20211029,"13899,79","13899,79","13899,79","367,89",29,Crítico,Advertencia,,"13899,79",No,0,Advertencia,"Los predictores de cobre y hierro están en advertencia, se debe forzar el test hidráulico en el pre seis.","1.	Inspeccione fuentes de desgaste anormal, revise alarmas de contaminación del equipo y tiempos de ciclo por movimiento, medición de parámetros de componentes hidraulicos  2.	Efectúe test hidráulico e inspeccione rendimiento de todas las bombas.  3.	Verifique las presiones de drenaje de todos los componentes del sistema (Bombas y motores)  4.	Programar el cambio de toda la filtración y toma de contramuestra de aceite de 1 LT para entregar a Primax.  ",Alto conteo de partículas,7/11/2021 10:01:09 p. m.,fpertuz,"Acción: Investigar la fuente del desgaste anormal. (Prioridad: 3 - Acción en el siguiente Servicio (Máximo 21 días))  Situación: Closed  Realización de Notas en 2021-11-17 10:48:24 por cerrejon_web_service:  A.  Qu% encontr% al hacer el diagn%stico de la falla? (Parte, Modo)  SSITEMA HIDRAULICO (TRAKKA)  B.  Qu% trabajo se realiz%?  SSITEMA HIDRAULICO (TRAKKA)  C.  Cu%l fue la causa oposible causa de la falla? PARADA PROGRAMADA  D.  Qu% desvi    Cierre de notas en 2024-03-15 09:44:25 por etorres4:  Se Cierra Orden completada ,ante la mejoria en la salud del componente    ",,"25,96","290,05","250,25",,"0,15",,,,"5,94",,,"8,817",22,21,18,"1,13","5,87","1,59",7,"0,44",,,,,29/10/2021,2021,10,EX3600
0060138 ZSHI,60138,Análisis flúido,30/09/2021,0060138 ZSHI 20210930,"13531,9","13531,9","13531,9","291,1",18,Crítico,Advertencia,,"13531,9",No,0,Advertencia,Ya se tiene una OT en proceso,,Ninguna falla identificada,3/10/2021 11:38:07 p. m.,fpertuz,,,"29,38","331,91","268,61",,0,,,,"8,05",,,"8,717",22,21,17,"1,48","6,29","1,48",7,"0,04",,,,,30/09/2021,2021,09,EX3600
0060138 ZSHI,60138,Análisis flúido,12/09/2021,0060138 ZSHI 20210912,"13240,8","13240,8","13240,8","172,06",14,Advertencia,Advertencia,,"13240,8",No,0,Advertencia,Los predictores de cobre y hierro están en rangos de advertencia.,"1. Cambiar los filtros del sistema hidráulico de flujo pleno, by pass y alta eficiencia  2. Tome una muestra de aceite de 1LT y entréguela en laboratorio de tribología de Cerrejon para que Primax analice los resultados.  ",Alto conteo de partículas,20/09/2021 12:46:01 a. m.,fpertuz,Acción: Cambiar los filtros (Prioridad: 3 - Acción en el siguiente Servicio (Máximo 21 días))  Situación: Closed  Realización de Notas en 2021-10-12 10:58:42 por fpertuz:    Cierre de notas en 2021-10-12 10:58:42 por fpertuz:  Se ejecuto en la parada programada    Acción: Muestrear Para Medir Propiedades De Aceite A Granel (Prioridad: 3 - Acción en el siguiente Servicio (Máximo 21 días))  Situación: Closed  Realización de Notas en 2021-10-12 10:58:42 por fpertuz:    Cierre de notas en 2021-10-12 10:58:42 por fpertuz:  Se ejecuto en la parada programada    ,,"28,03","309,88","275,18",,"0,11",,3,4,"8,42",,13,"8,724",21,20,17,"1,64","6,56","2,8",8,0,,,,,12/09/2021,2021,09,EX3600
0060138 ZSHI,60138,Análisis flúido,29/08/2021,0060138 ZSHI 20210829,"13068,74","13068,74","13068,74","467,63",35,Advertencia,Advertencia,,"13068,74",No,0,Normal,Seguimiento a la siguiente muestra,,Ninguna falla identificada,6/09/2021 12:18:49 a. m.,fpertuz,,,"42,57","329,35","261,93",,0,,,,"7,82",,,"8,744",20,19,16,"1,03","6,11","1,74",6,"0,17",,,,,29/08/2021,2021,08,EX3600
0060138 ZSHI,60138,Análisis flúido,25/07/2021,0060138 ZSHI 20210725,"12601,11","12601,11","12601,11","404,51",24,Advertencia,Normal,,"12601,11",No,0,Normal,"Todos los predictores permanecen dentro de los límites aceptables, continúe monitoreando de cerca.  ",,Ninguna falla identificada,26/07/2021 9:10:28 p. m.,sysadmin,,,"35,17","387,58","276,56",,"0,4",,,,"0,08",,,"9,017",17,15,13,"0,25","0,68","0,03",0,"0,14",,,,,25/07/2021,2021,07,EX3600
0060138 ZSHI,60138,Análisis flúido,1/07/2021,0060138 ZSHI 20210701,"12196,6","12196,6","12196,6","661,18",45,Crítico,Normal,,"12196,6",No,0,Normal,"Todos los predictores permanecen dentro de los límites aceptables, continúe monitoreando de cerca.  ",,Ninguna falla identificada,3/07/2021 9:10:27 p. m.,sysadmin,,,"34,63","470,8","270,79",,"0,31",,,,"0,07",,,"9,154",22,21,18,"0,15","0,16",0,0,"0,54",,,,,1/07/2021,2021,07,EX3600
0060138 ZSHI,60138,Análisis flúido,17/05/2021,0060138 ZSHI 20210517,"11535,42","11535,42","11535,42","448,26",32,Advertencia,Normal,,"11535,42",No,0,Normal,"Todos los predictores permanecen dentro de los límites aceptables, continúe monitoreando de cerca.  ",,Ninguna falla identificada,19/05/2021 9:10:42 p. m.,sysadmin,,,"46,39","323,55","203,3",,0,,,,"3,03",,,"8,7",19,17,13,"1,01","4,35","1,41",3,"0,49",,,,,17/05/2021,2021,05,EX3600
0060138 ZSHI,60138,Análisis flúido,15/04/2021,0060138 ZSHI 20210415,"11087,16","11087,16","11087,16","537,03",34,Crítico,Advertencia,,"11087,16",No,0,Normal,Se tiene programado para el PM proximo a ingresar,,Ninguna falla identificada,19/04/2021 6:03:26 p. m.,fpertuz,,,"64,06","397,14","226,75",,0,,,,"4,12",,,"8,595",,,,"1,13","5,57","1,22",4,"0,43",,,,,15/04/2021,2021,04,EX3600
0060138 ZSHI,60138,Análisis flúido,12/03/2021,0060138 ZSHI 20210312,"10550,13","10550,13","10550,13","559,36",32,Advertencia,Advertencia,,"10550,13",No,0,Advertencia,Los predictores de cobre esta en rango de advertencia.,"1. Cambiar los filtros del sistema hidráulico de flujo pleno, by pass y alta eficiencia  2. Tome una muestra de aceite de 1LT y entréguela en laboratorio de tribología de Cerrejon para que Primax analice los resultados.  ",Alto conteo de partículas,22/03/2021 10:43:18 p. m.,fpertuz,Acción: Cambiar los filtros (Prioridad: 3 - Acción en el siguiente Servicio (Máximo 21 días))  Situación: Closed  Realización de Notas en 2021-05-16 21:33:29 por fpertuz:  Se cambio la filtracion en la parada programada el 4/5/2021  Cierre de notas en 2021-05-16 21:33:29 por fpertuz:      ,,"53,43","363,94",249,,0,,,,"3,08",,,"8,605",20,19,17,"0,59","5,9","1,2",4,"0,21",,,,,12/03/2021,2021,03,EX3600
0060138 ZSHI,60138,Análisis flúido,8/02/2021,0060138 ZSHI 20210208,"9990,77","9990,77","9990,77","954,93",29,Crítico,Advertencia,,"9990,77",No,0,Advertencia,Los predictores de cobre esta en rango de advertencia,"1. Cambiar los filtros del sistema hidráulico de flujo pleno, by pass y alta eficiencia  2. Tome una muestra de aceite de 1LT y entréguela en laboratorio de tribología de Cerrejon para que Primax analice los resultados.  ",Altos metales de desgaste,15/02/2021 1:15:18 p. m.,fpertuz,Acción: Cambiar los filtros (Prioridad: 2 - Acción dentro de las dos Paradas Programadas (Máxi)  Situación: Closed  Realización de Notas en 2021-03-09 07:32:45 por fpertuz:  Ejecutado en la parada programada  Cierre de notas en 2021-03-09 07:32:45 por fpertuz:  Ejecutado en la parada programada    ,,"96,6","423,7",144,,0,,,,"2,9",,,"8,59",18,16,12,"1,3","8,2","1,5",6,0,,,,,8/02/2021,2021,02,EX3600
0060138 ZSHI,60138,Análisis flúido,10/01/2021,0060138 ZSHI 20210110,"9035,84","9035,84","9035,84","145,37",144,Advertencia,Advertencia,,"9035,84",No,0,Normal,"Ya tiene una OT asociada, este componente esta en seguimiento para hacer el test de desgaste por PB",,Ninguna falla identificada,10/02/2021 4:00:29 p. m.,fpertuz,,,"40,7","337,3","154,8",,"0,3",,,,"1,7",,,"8,487",19,18,15,"0,4","5,4","1,9",2,"0,7",,,,,10/01/2021,2021,01,EX3600
0060138 ZSHI,60138,Análisis flúido,19/08/2020,0060138 ZSHI 20200819,"8890,47","8890,47","8890,47","108,71",8,Advertencia,Advertencia,,"8890,47",No,0,Advertencia,El predictor del cobre esta en rangos de advertencia,1. Revisar estado de funcionamiento del filtro de alta eficiencia. (En caso que se detecte condicion con el filtro habilite en las proximas 24 Hrs)  2. Cambiar filtracion hidráulica.  ,Alto conteo de partículas,23/12/2020 8:06:41 a. m.,fpertuz,Acción: Cambiar los filtros (Prioridad: 2 - Acción dentro de las dos Paradas Programadas (Máxi)  Situación: Rejected  Notas de rechazo encendido 2020-12-28 15:48:51 por fpertuz:  Se programaron los filtros por una recomendacion vieja que estaba pendiente hoy 28/12/2020    ,,17,"371,6","165,2",,"0,3",,,,"1,4",,,,19,17,13,"0,8","5,9",2,2,"0,4",,,,,19/08/2020,2020,08,EX3600
0060138 ZSHI,60138,Análisis flúido,11/08/2020,0060138 ZSHI 20200811,"8781,76","8781,76","8781,76","341,7",22,Advertencia,Normal,,"8781,76",No,0,Normal,"Los predictores han regresado a la normalidad, mantener seguimiento a proxima muestra",,Ninguna falla identificada,19/08/2020 2:22:14 p. m.,fpertuz,,,"48,7","448,4","238,8",,0,,,,"0,6",,,,20,19,16,"0,2","0,1","0,1",0,0,,,,,11/08/2020,2020,08,EX3600
0060138 ZSHI,60138,Análisis flúido,20/07/2020,0060138 ZSHI 20200720,"8440,06","8440,06","8440,06","500,86",31,Advertencia,Advertencia,,"8440,06",No,0,Advertencia,Los predictores de cobre y cromo estan en rangos de Advertencia,"1. Cambiar filtros de flujo pleno, by pass, derivación y alta eficiencia en próxima parada programada.  2. Cambiar nuevamente los filtros 8 días después.  3. Revisar estado de sistema hidráulico, alarmas de contaminación de bombas y efectuar pruebas de ciclo.    ",Alto conteo de partículas,29/07/2020 12:13:05 a. m.,fpertuz,"Acción: Cambiar los filtros (Prioridad: 2 - Acción dentro de las dos Paradas Programadas (Máxi)  Situación: Closed  Realización de Notas en 2020-08-21 08:21:00 por lgomez10:  ""ejecutado por""""FELIX RUIZ	PALOMINO							13 de agosto de 2020  chm mineria""    Cierre de notas en 2021-02-17 15:07:31 por fpertuz:  ""ejecutado por""""FELIX RUIZ	PALOMINO							13 de agosto de 2020  chm mineria""      ",,"19,5","302,3","137,6",,0,,,,"1,7",,,,18,17,11,"0,6","7,7","4,2",2,0,,,,,20/07/2020,2020,07,EX3600
0060138 ZSHI,60138,Análisis flúido,19/06/2020,0060138 ZSHI 20200619,"7939,2","7939,2","7939,2","451,14",34,Advertencia,Normal,,"7939,2",No,0,Normal,"Los predictores  han regresado a la normalidad, hacer segumiento a proxima muestra",,Ninguna falla identificada,21/06/2020 9:38:22 p. m.,fpertuz,,,"34,1","449,8","232,2",,"0,4",,,,"0,8",,,"8,236",21,19,16,"0,1","0,2","0,1",0,0,,,,,19/06/2020,2020,06,EX3600
0060138 ZSHI,60138,Análisis flúido,16/05/2020,0060138 ZSHI 20200516,"7488,06","7488,06","7488,06","434,37",70,Crítico,Advertencia,,"7488,06",No,0,Advertencia,"Los conteos de partículas son ligeramente elevados, sin embargo mínimos. Teniendo en cuenta que todos los otros predictores permanecen dentro de los límites aceptables, continúe monitoreando de cerca.  Particle counts are slightly elevated, However minimal. Considering all other predictors remain within acceptable limits, continue to monitor closely.  ",,Alto conteo de partículas,17/05/2020 9:08:25 p. m.,sysadmin,,,"45,2","424,5","224,8",,0,,,,"2,3",,,"8,374",24,23,21,"0,3","0,2",0,0,0,,,,,16/05/2020,2020,05,EX3600
0060138 ZSHI,60138,Análisis flúido,7/03/2020,0060138 ZSHI 20200307,"7053,69","7053,69","7053,69","604,58",37,Advertencia,Advertencia,"7053,69","7053,69",No,0,Advertencia,El predictor de Cobre esta en rangos de advertencia,"1. Cambie los filtros de flujo pleno, By pass, Derivacion, Alta Eficiencia.  2. Verifique las alarmas de contaminacion del equipo en el momento de la intervencion.  3. Verifique las presiones de drenaje de los componentes hidraulicos.  4. Verifique tiempos de siclos del equipo.",Ninguna falla identificada,17/03/2020 8:40:06 a. m.,fpertuz,Acción: Cambiar aceite (Prioridad: 3 - Acción en el siguiente Servicio (Máximo 21 días))  Situación: Closed  Realización de Notas en 2020-06-16 15:31:18 por lgomez10:  SE EJECUTA DURATE SEIS EL 14-06-2020    Cierre de notas en 2021-02-17 15:09:12 por fpertuz:  SE EJECUTA DURATE SEIS EL 14-06-2020    Acción: Tomar muestra de aceite (Prioridad: 3 - Acción en el siguiente Servicio (Máximo 21 días))  Situación: Closed  Realización de Notas en 2020-06-16 15:31:17 por lgomez10:  SE EJECUTA DURATE SEIS EL 14-06-2020    Cierre de notas en 2021-02-17 15:09:12 por fpertuz:  SE EJECUTA DURATE SEIS EL 14-06-2020    ,,"28,5","345,4",169,,"0,6",,,,1,,,"8,233",19,18,14,"0,2","7,3","1,5",2,0,,,,,7/03/2020,2020,03,EX3600
0060138 ZSHI,60138,Análisis flúido,30/01/2020,0060138 ZSHI 20200130,"6449,11","6449,11","6449,11","542,53",34,Advertencia,Advertencia,,"6449,11",No,0,Normal,Tomar otra muestra de aceite ya que los niveles se encuentran elevados,seguir operando el componente,Ninguna falla identificada,5/02/2020 4:59:22 p. m.,,,,"37,4",386,"127,3",,"0,9",,,,"1,8",,,"8,276",17,15,11,"0,8","8,7",2,2,"1,1",,,,,30/01/2020,2020,01,EX3600
0060138 ZSHI,60138,Análisis flúido,27/12/2019,0060138 ZSHI 20191227,"5906,58","5906,58","5906,58","455,01",25,Advertencia,Advertencia,,"5906,58",No,0,Advertencia,El cobre elevado parece deberse a la lixiviación del núcleo más frío. Todos los demás predictores están dentro de los límites aceptables. No se asigna ninguna acción. Continúe muestreando y monitoree en el intervalo normal.    The elevated Copper appears to be due to cooler core leaching. All other predictors are within acceptable limits. Readings are stable. No actions are assigned. Continue to sample and monitor at the normal interval.,,Entrada de Refrigerante,2/01/2020 7:20:28 a. m.,,,,"41,7",398,291,,"0,6",,,,"0,8",,,"8,316",20,19,15,"0,6","8,7","1,4",2,0,,,,,27/12/2019,2019,12,EX3600
0060138 ZSHI,60138,Análisis flúido,2/12/2019,0060138 ZSHI 20191202,"5451,57","5451,57","5451,57","364,37",21,Crítico,Normal,,"5451,57",No,0,Normal,"Todos los predictores están actualmente dentro de los límites aceptables. Continúe monitoreando de cerca.    All predictors are currently within acceptable limits, Continue to monitor closely. ",,Ninguna falla identificada,9/12/2019 5:44:53 p. m.,arayment,,,"44,4","390,7","224,1",,"0,2",,,,"0,4",,,"8,414",22,21,19,"0,2","0,1","0,1",0,"0,7",,,,,2/12/2019,2019,12,EX3600
0060138 ZSHI,60138,Análisis flúido,11/11/2019,0060138 ZSHI 20191111,"5087,2","5087,2","5087,2","337,94",23,Normal,Advertencia,,"5087,2",No,0,Advertencia,El cobre elevado parece deberse a la lixiviación del núcleo más frío. Todos los demás predictores están dentro de los límites aceptables. No se asigna ninguna acción. Continúe muestreando y monitoree en el intervalo normal.    The elevated Copper appears to be due to cooler core leaching. All other predictors are within acceptable limits. Readings are stable. No actions are assigned. Continue to sample and monitor at the normal interval.,,Lixiviación química,13/11/2019 10:21:08 a. m.,dmiller,,,37,"359,9","227,3",,"0,6",,,,"1,6",,,"8,227",19,17,13,"0,2","7,1","1,3",1,"0,1",,,,,11/11/2019,2019,11,EX3600
0060138 ZSHI,60138,Análisis flúido,19/10/2019,0060138 ZSHI 20191019,"4749,26","4749,26","4749,26","370,7",31,Normal,Advertencia,,"4749,26",No,0,Normal,El cobre elevado parece deberse a la lixiviación del núcleo más frío. Todos los demás predictores están dentro de los límites aceptables. No se asigna ninguna acción. Continúe muestreando y monitoree en el intervalo normal.    The elevated Copper appears to be due to cooler core leaching. All other predictors are within acceptable limits. Readings are stable. No actions are assigned. Continue to sample and monitor at the normal interval.,,Lixiviación química,21/10/2019 2:57:11 p. m.,,,,"37,8","344,5","241,1",,0,,,,"1,4",,,"8,192",18,17,13,"0,2","10,1","2,4",1,0,,,,,19/10/2019,2019,10,EX3600
0060138 ZSHI,60138,Análisis flúido,18/09/2019,0060138 ZSHI 20190918,"4378,56","4378,56","4378,56","436,96",29,Crítico,Crítico,,"4378,56",No,0,Advertencia,El cobre elevado parece deberse a la lixiviación del núcleo más frío. Todos los demás predictores están dentro de los límites aceptables. No se asigna ninguna acción. Continúe muestreando y monitoree en el intervalo normal.    The elevated Copper appears to be due to cooler core leaching. All other predictors are within acceptable limits. Readings are stable. No actions are assigned. Continue to sample and monitor at the normal interval.,,Entrada de Refrigerante,19/09/2019 10:13:22 p. m.,,,,"67,3","331,5","297,3",,0,,,,"1,8",,,"7,917",17,16,11,0,"28,6","3,7",2,"1,1",,,,,18/09/2019,2019,09,EX3600
0060138 ZSHI,60138,Análisis flúido,20/08/2019,0060138 ZSHI 20190820,"3941,6","3941,6","3941,6","534,64",34,Crítico,Crítico,,"3941,6",No,0,Normal,El cobre elevado parece deberse a la lixiviación del núcleo más frío. Todos los demás predictores están dentro de los límites aceptables. No se asigna ninguna acción. Continúe muestreando y monitoree en el intervalo normal.    The elevated Copper appears to be due to cooler core leaching. All other predictors are within acceptable limits. Readings are stable. No actions are assigned. Continue to sample and monitor at the normal interval.,,Lixiviación química,24/08/2019 12:39:37 a. m.,arayment,,,"56,5","346,1","220,7",,"0,6",,,,"1,7",,,"8,06",19,18,14,"0,8","30,1","2,7",2,0,,,,,20/08/2019,2019,08,EX3600
0060138 ZSHI,60138,Análisis flúido,17/07/2019,0060138 ZSHI 20190717,"3406,96","3406,96","3406,96","554,67",34,Advertencia,Crítico,,"3406,96",No,0,Normal,El cobre elevado parece deberse a la lixiviación del núcleo más frío. Todos los demás predictores están dentro de los límites aceptables. No se asigna ninguna acción. Continúe muestreando y monitoree en el intervalo normal.    The elevated Copper appears to be due to cooler core leaching. All other predictors are within acceptable limits. Readings are stable. No actions are assigned. Continue to sample and monitor at the normal interval.,,Lixiviación química,19/07/2019 2:27:19 p. m.,,,,"55,1","297,9","243,4",,"1,4",,,,"1,1",,,"7,879",20,19,15,0,"21,7","1,5",1,0,,,,,17/07/2019,2019,07,EX3600
0060138 ZSHI,60138,Análisis flúido,13/06/2019,0060138 ZSHI 20190613,"2852,29","2852,29","2852,29","492,38",37,Crítico,Crítico,,"2852,29",No,0,Normal,El cobre elevado parece deberse a la lixiviación del núcleo más frío. Todos los demás predictores están dentro de los límites aceptables. No se asigna ninguna acción. Continúe muestreando y monitoree en el intervalo normal.    The elevated copper appears to be due to cooler core leaching. All other predictors are within acceptable limits. No actions are assigned. Continue to sample and monitor at the normal interval.,,Lixiviación química,14/06/2019 10:02:47 p. m.,jwalker,,,"69,8","343,1","190,7",,0,,,,"1,2",,,"7,917",18,17,15,"0,2","22,8","1,2",1,0,,,,,13/06/2019,2019,06,EX3600
0060138 ZSHI,60138,Análisis flúido,7/05/2019,0060138 ZSHI 20190507,"2359,91","2359,91","2359,91","238,53",12,Advertencia,Crítico,,"2359,91",No,0,Normal,El cobre elevado parece deberse a una lixiviación del núcleo más fría. Hay una ligera disminución en la viscosidad Notedtodos los demás predictores están dentro de los límites aceptables. No se asignan acciones. Continúe con la muestra y monitoree en el intervalo normal.    The elevated copper appears to be due to cooler core leaching. There is a slight decrease in viscosity notedAll other predictors are within acceptable limits. No actions are assigned. Continue to sample and monitor at the normal interval.,,Ninguna falla identificada,9/05/2019 9:19:03 a. m.,jwalker,,,"28,3","354,7","315,8",,"0,7",,,,0,,,"7,5",18,16,13,0,"24,8",0,2,"0,2",,,,,7/05/2019,2019,05,EX3600
0060138 ZSHI,60138,Análisis flúido,25/04/2019,0060138 ZSHI 20190425,"2121,38","2121,38","2121,38","271,69",15,Advertencia,Crítico,,"2121,38",No,0,Advertencia,  Los resultados de las pruebas se deben a ser un nuevo componente.  Aceite original aún en uso según el componente y la edad de lubricación (2121hrs).  El cobre está por encima de las alertas y la viscosidad está por debajo de las especificaciones establecidas.  Hay una acción aceptada en su lugar.    Test results are due to being a new component.   Original oil still in use according to component and lube age ( 2121hrs).   Copper is above alerts and viscosity is below set specs.   There is an accepted action in place.,,Desgaste por asentamiento,27/04/2019 7:38:32 a. m.,,,,"26,7","340,8","125,3",,"0,4",,,,"0,4",,,"7,971",17,16,12,"0,5","21,8","0,1",0,0,,,,,25/04/2019,2019,04,EX3600
0060138 ZSHI,60138,Análisis flúido,10/04/2019,0060138 ZSHI 20190410,"1849,69","1849,69","1849,69","464,91",25,Crítico,Crítico,,"1849,69",No,0,Advertencia,Los resultados de las pruebas se deben a ser un nuevo componente.  Aceite original aún en uso según el componente y la edad de lubricación (1849hrs).  El cobre está por encima de las alertas y la viscosidad está por debajo de las especificaciones establecidas.    Test results are due to being a new component.   Original oil still in use according to component and lube age ( 1849hrs).   Copper is above alerts and viscosity is below set specs. ,    P3  1) Change the oil and filters to remove contamination.     P3  1) Cambie el aceite y los filtros para eliminar la contaminación.,Desgaste por asentamiento,12/04/2019 2:06:57 p. m.,bdefatte,Acción: Cambiar de aceite y filtros (Prioridad: 3 - Acción en el siguiente Servicio (Máximo 21 días))  Situación: Closed  Realización de Notas en 2019-04-29 07:58:43 por JRuiz:  SE realizo el cambio la totalidad del aceite tanque hidráulico  Cierre de notas en 2019-05-14 07:42:11 por JRuiz:      ,,"3,2","118,7","153,2",,"0,3",,,,"0,9",,,"6,75",17,16,13,"0,2","46,5","0,1",0,0,,,,,10/04/2019,2019,04,EX3600
0060138 ZSHI,60138,Análisis flúido,16/03/2019,0060138 ZSHI 20190316,"1384,78","1384,78","1384,78","535,25",32,Advertencia,Normal,"1384,78","1384,78",No,0,Normal,"Todos los predictores permanecen dentro de los límites aceptables, continúe monitoreando de cerca.  ",,Ninguna falla identificada,17/03/2019 9:05:07 p. m.,sysadmin,,,"43,2","484,4","274,1",,0,,,,"0,8",,,"8,1",20,18,13,"0,5","0,8","0,1",0,0,,,,,16/03/2019,2019,03,EX3600
0060138 ZSHI,60138,Análisis flúido,12/02/2019,0060138 ZSHI 20190212,"849,53","849,53","849,53","445,83",25,Crítico,Advertencia,"849,53","849,53",No,0,Normal,Los resultados de las pruebas actuales fueron revisados por el equipo de CI y no justifican ninguna acción adicional fuera de los procedimientos típicos del sitio. Continúe con la rutina de mantenimiento y monitoreo.    Current test results were reviewed by CI Team and do not justify any additional actions outside of site typical procedures. Continue with routine maintenance and monitoring.,,Ninguna falla identificada,14/02/2019 10:04:32 a. m.,,,,"195,3",7,1199,,0,,,,1,,,"7,55",23,22,19,0,"1,3",0,1,"0,8",,,,,12/02/2019,2019,02,EX3600
0060138 ZSHI,60138,Análisis flúido,18/01/2019,0060138 ZSHI 20190118,"403,7","403,7","403,7","352,32",21,Crítico,Crítico,"403,7","403,7",No,0,Advertencia,"El cobre ha aumentado a niveles relativamente altos, pero en aislamiento es más probable que se deba a la lixiviación química. Sin embargo, esto debe confirmarse ya que los resultados actuales también podrían indicar que se está desarrollando un desgaste anormal. Todos los otros predictores están dentro de los límites aceptables.    Copper has spiked to relatively high levels but in isolation is most likely due to Chemical Leaching, However this needs to be confirmed as the current results could also be indicating some abnormal wear is developing. All other predictors are within acceptable limits.","P2,    1, inspeccione el filtro en busca de residuos anormales y registre los resultados.    P2,    1, Inspect filter for abnormal debris and record the results.",Lixiviación química,20/01/2019 3:17:51 p. m.,arayment,"Acción: Inspeccionar Residuos del filtro de aceite. (Prioridad: 2 - Acción dentro de las dos Paradas Programadas (Máxi)  Situación: Closed  Realización de Notas en 2019-03-05 06:51:44 por JRuiz:  OT EJCUTADAS Y VERIFICADAS, POR ERROR NO SE CIERRAN EN SU MO MENTO.  Cierre de notas en 2019-03-05 07:28:58 por JRuiz:      ",,"2,5","65,5","296,9",,"0,4",,,,"1,1",,,,21,19,14,"0,2","80,7",0,1,"0,2",,,,,18/01/2019,2019,01,EX3600
0060138 ZSHI,60138,Análisis flúido,28/12/2018,0060138 ZSHI 20181228,"51,38","51,38","51,38",,,Advertencia,Normal,"51,38","51,38",No,0,Normal,Esta es la primera muestra de registro en Trakka. Todos los predictores actuales están dentro de límites aceptables. No se asignan acciones. Continúe muestreando y supervisando en el intervalo normal.    This is the first sample of record in Trakka. All current predictors are within acceptable limits. No actions are assigned. Continue to sample and monitor at the normal interval.,,Ninguna falla identificada,31/12/2018 9:15:59 a. m.,jwalker,,,"23,8",255,"258,8",,"0,2",,,,"0,7",,,"7,904",19,18,15,0,"0,3",0,0,0,,,,,28/12/2018,2018,12,EX3600
0060139 ZSHI,60139,Análisis flúido,31/07/2026,0060139 ZSHI 20260731,"34788,3","34788,3","34788,3","358,2",61,Normal,Crítico,,"34788,3",No,0,Advertencia,"Los predictores del codigo ISO de limpieza estan en rango de advertencia.  Asistente, abre una OT tipo TR P1 con las siguientes recomendaciones y enventanarla el 7/8/2026   1.  Cambie los desfogues del tanque hidráulico.  2. Cambie los filtros del sistema (By pass, flujo pleno, piloto, drenaje y alta eficiencia).  ",,,3/08/2026 10:10:15 a. m.,jbenitez2,,,"151,37","51,85","140,31",,"0,32",,2,21,"2,62",,28,"10,99",21,19,16,"0,91","3,47","0,82","2,24",0,,,,,31/07/2026,2026,07,EX3600
0060139 ZSHI,60139,Análisis flúido,31/05/2026,0060139 ZSHI 20260531,"34430,1","34430,1","34430,1","449,4",26,Normal,Crítico,,"34430,1",No,0,Advertencia,EQUIPO PROXIMO DE ENTRAR A PARADA ANUAL CON CAMBIO DE ACEITE Y FILTROS,,Deterioro de la condición del fluido,4/06/2026 1:48:05 p. m.,jbenitez2,,,"45,32","9,26","117,15",,"0,42",,,,"2,16",,,"10,7",20,19,16,"1,69","0,13","1,18","3,67",0,,,,,31/05/2026,2026,05,EX3600
0060139 ZSHI,60139,Análisis flúido,5/05/2026,0060139 ZSHI 20260505,"33980,7","33980,7","33980,7",437,28,Normal,Crítico,,"33980,7",No,0,Advertencia,"ACTUALMENTE SE LE ESTA CAMBIANDO FILTROS , SE TOMARA CONRAMUESTRA PARA VERIFICAR TENDENCIA ",,Alto conteo de partículas,8/05/2026 8:06:28 a. m.,jbenitez2,,,"64,11","7,24","90,39",,"0,26",,3,23,"8,86",,28,"9,83",22,21,17,"5,26","0,41","3,03","11,18",0,,,,,5/05/2026,2026,05,EX3600
0060139 ZSHI,60139,Análisis flúido,7/04/2026,0060139 ZSHI 20260407,"33543,7","33543,7","33543,7","456,3",29,Normal,Crítico,,"33543,7",No,0,Advertencia,"Los predictores del codigo ISO de limpieza estan en rango de critico.  Asistente, abre una OT tipo TR P2 con las siguientes recomendaciones :  1.  Cambie los desfogues del tanque hidráulico.  2. Cambie los filtros del sistema (By pass, flujo pleno, piloto, drenaje y alta eficiencia).",,Alto conteo de partículas,13/04/2026 1:11:50 p. m.,jbenitez2,,,"73,09","9,88","176,92",,0,,,,"9,19",,,"9,9",21,18,14,"4,97","0,57","1,65",11,"1,63",,,,,7/04/2026,2026,04,EX3600
0060139 ZSHI,60139,Análisis flúido,9/03/2026,0060139 ZSHI 20260309,"33087,4","33087,4","33087,4","525,3",31,Normal,Crítico,,"33087,4",No,0,Advertencia,"Los predictores del codigo ISO de limpieza estan en rango de critico.  Asistente, abre una OT tipo TR P3 con las siguientes recomendaciones :  1.  Cambie los desfogues del tanque hidráulico.  2. Cambie los filtros del sistema (By pass, flujo pleno, piloto, drenaje y alta eficiencia).  ",,Alto conteo de partículas,16/03/2026 3:19:10 p. m.,jbenitez2,,,"57,29","9,57","115,08",,"0,02",,,,"0,83",,,"11,089",23,22,19,"0,39","0,12","0,08",0,0,,,,,9/03/2026,2026,03,EX3600
0060139 ZSHI,60139,Análisis flúido,6/02/2026,0060139 ZSHI 20260206,"32562,1","32562,1","32562,1","233,2",14,Normal,Crítico,,"32562,1",No,0,Advertencia,"Los predictores del codigo ISO de limpieza estan en rango de advertencia.  Asistente, abre una OT tipo TR P3 con las siguientes recomendaciones   1.  Cambie los desfogues del tanque hidráulico.  2. Cambie los filtros del sistema (By pass, flujo pleno, piloto, drenaje y alta eficiencia)  ",,Alto conteo de partículas,9/02/2026 1:34:27 p. m.,jbenitez2,,,"76,44","8,67","158,5",,0,,2,22,"5,93",,28,"10,05",20,17,18,"3,2","0,41","1,08","6,02",0,,,,,6/02/2026,2026,02,EX3600
0060139 ZSHI,60139,Análisis flúido,23/01/2026,0060139 ZSHI 20260123,"32328,9","32328,9","32328,9","427,5",27,Normal,Crítico,,"32328,9",No,0,Normal,"Todos los predictores en rango normal, seguir monitoreando de cerca.",,Ninguna falla identificada,26/01/2026 6:37:41 a. m.,jbenitez2,,,"80,1","7,86","149,95",,0,,,,"5,76",,,"10,22",17,15,11,"2,59","0,37","0,72","4,37",0,,,,,23/01/2026,2026,01,EX3600
0060139 ZSHI,60139,Análisis flúido,27/12/2025,0060139 ZSHI 20251227,"31901,4","31901,4","31901,4","400,9",23,Normal,Crítico,,"31901,4",No,0,Advertencia,"Los predictores del codigo ISO de limpieza estan en rango de advertencia.  Asistente, abre una OT tipo TR P3 con las siguientes recomendaciones   1.  Cambie los desfogues del tanque hidráulico.  2. Cambie los filtros del sistema (By pass, flujo pleno, piloto, drenaje y alta eficiencia)  Pedir el elemento filtrante STOCK: 483074 cant 6 se debe solicitar este filtro de flujo pleno.",,Alto conteo de partículas,6/01/2026 12:41:30 p. m.,jbenitez2,,,"59,95","7,4","102,54",,"0,22",,,,"3,08",,,"10,259",21,19,16,"2,01","0,15","0,41","2,65",0,,,,,27/12/2025,2025,12,EX3600
0060139 ZSHI,60139,Análisis flúido,4/12/2025,0060139 ZSHI 20251204,"31500,5","31500,5","31500,5",602,36,Normal,Crítico,,"31500,5",No,0,Crítico,"Los predictores del codigo ISO de limpieza estan en rango de critico.  Asistente, abre una OT tipo TR P1 con las siguientes recomendaciones Y enventanarla en el evento del dia 13/12/2025 .  1.Drenado y llenado de todo el aceite hidraulico del equipo.  2.  Cambie los desfogues del tanque hidráulico.  3. Cambie los filtros del sistema (By pass, flujo pleno, piloto, drenaje y alta eficiencia).",,Altos metales de desgaste,10/12/2025 12:28:49 p. m.,jbenitez2,,,"84,93","20,34","119,25",,"0,24",,3,22,"5,43",,28,"10,098",22,20,17,"2,6","0,35","0,97","5,7",0,,,,,4/12/2025,2025,12,EX3600
0060139 ZSHI,60139,Análisis flúido,29/10/2025,0060139 ZSHI 20251029,"30898,5","30898,5","30898,5","410,5",26,Normal,Crítico,,"30898,5",No,0,Normal,ACTUALMENTE SE LE ESTA CAMBIANDO EL ACEITE HIDRAULICO,,Ninguna falla identificada,19/11/2025 12:37:37 p. m.,jbenitez2,,,"71,87","3,92","99,21",,0,,2,21,"0,79",,28,"10,959",20,19,15,"0,58",0,"0,3","0,25","0,59",,,,,29/10/2025,2025,10,EX3600
0060139 ZSHI,60139,Análisis flúido,3/10/2025,0060139 ZSHI 20251003,30488,30488,30488,"48,6",3,Normal,Crítico,,30488,No,0,Normal,"Todos los predictores en rango normal, seguir monitoreando de cerca.",,Ninguna falla identificada,14/10/2025 2:25:38 p. m.,jbenitez2,,,"72,35","29,38","106,78",,"0,59",,3,22,"7,75",,28,"9,8",19,17,10,4,"0,9","1,69","8,57",0,,,,,3/10/2025,2025,10,EX3600
0060139 ZSHI,60139,Análisis flúido,30/09/2025,0060139 ZSHI 20250930,"30439,4","30439,4","30439,4","233,7",14,Normal,Crítico,,"30439,4",No,0,Normal,"ACTUALMENTE SE ESTA CAMBIANDO FILTRACION , SE TOMARA CONTRAMUESTRA PARA VERIFICAR TENDENCIA",,Ninguna falla identificada,8/10/2025 7:28:01 a. m.,jbenitez2,,,"61,87","6,33","90,48",,"0,95",,2,21,"0,56",,28,"10,949",21,19,15,0,"0,04",0,0,0,,,,,30/09/2025,2025,09,EX3600
0060139 ZSHI,60139,Análisis flúido,16/09/2025,0060139 ZSHI 20250916,"30205,7","30205,7","30205,7","42,9",3,Normal,Crítico,,"30205,7",No,0,Advertencia,Se le cambiara filtros y se tendra en monitoreo para verificar tendencia ,,Alto conteo de partículas,7/10/2025 8:20:40 a. m.,jbenitez2,,,"75,84","40,06","123,25",,0,,3,22,"16,35",,28,"9,86",26,25,19,"4,67","0,95","1,27","10,5",0,,,,,16/09/2025,2025,09,EX3600
0060139 ZSHI,60139,Análisis flúido,13/09/2025,0060139 ZSHI 20250913,"30162,8","30162,8","30162,8","3,9",1,Normal,Crítico,,"30162,8",No,0,Normal,"EQUIPO SE ENCUENTRA EN PARAMETROS NORMALES, PUEDE SEGUIR OPERANDO",,Ninguna falla identificada,22/09/2025 3:23:42 p. m.,jbenitez2,,,"73,3","46,15","134,35",,"0,3",,,,7,,,"9,9",18,16,12,"3,92","0,61","1,13","7,79","0,18",,,,,13/09/2025,2025,09,EX3600
0060139 ZSHI,60139,Análisis flúido,12/09/2025,0060139 ZSHI 20250912,"30158,9","30158,9","30158,9","372,6",27,Normal,Crítico,,"30158,9",No,0,Advertencia,se tomara una contramuestra para verificar tendencia,,Altos metales de desgaste,6/10/2025 10:45:27 a. m.,jbenitez2,,,"74,03","36,37","149,65",,0,,3,22,"8,3",,28,,23,22,14,"3,57","0,88","1,21","7,52",0,,,,,12/09/2025,2025,09,EX3600
0060139 ZSHI,60139,Análisis flúido,16/08/2025,0060139 ZSHI 20250816,"29786,3","29786,3","29786,3",614,35,Normal,Crítico,,"29786,3",No,0,Normal,SE TENDRA BAJO MONITOREO ,,Ninguna falla identificada,21/08/2025 5:07:23 p. m.,jbenitez2,,,"60,87","30,95","104,78",,"0,24",,3,22,"5,95",,28,"9,9",17,16,13,"3,85","0,89","1,07","6,23",0,,,,,16/08/2025,2025,08,EX3600
0060139 ZSHI,60139,Análisis flúido,12/07/2025,0060139 ZSHI 20250712,"29172,3","29172,3","29172,3","483,8",31,Normal,Crítico,,"29172,3",No,0,Advertencia,se tomara una contramuestra,,Ninguna falla identificada,15/07/2025 4:17:20 p. m.,jbenitez2,,,"96,16","37,3","127,98",,0,,,,"4,71",,,"10,022",18,17,13,"1,19","1,12","1,15","4,52",0,,,,,12/07/2025,2025,07,EX3600
0060139 ZSHI,60139,Análisis flúido,11/06/2025,0060139 ZSHI 20250611,"28688,5","28688,5","28688,5","497,8",45,Normal,Crítico,,"28688,5",No,0,Advertencia,"Los predictores del codigo ISO de limpieza estan en rango de advertencia.    Asistente, abre una OT tipo TR P3 enventanarla el dia 28/6/2025 con las siguientes recomendaciones.    1.  Cambie los desfogues del tanque hidráulico.  2. Cambie los filtros del sistema (By pass, flujo pleno, piloto, drenaje y alta eficiencia)  ",,Ninguna falla identificada,16/06/2025 11:28:47 a. m.,jbenitez2,,,"52,02","1,6","73,85",,0,,2,21,"0,4",,28,"11,041",21,19,16,0,"0,01",0,0,0,,,,,11/06/2025,2025,06,EX3600
0060139 ZSHI,60139,Análisis flúido,27/04/2025,0060139 ZSHI 20250427,"28190,7","28190,7","28190,7","453,93",28,Normal,Crítico,,"28190,7",No,0,Normal,EQUIPO PROXIMO ENTRAR A PARADA ANUAL ,,Ninguna falla identificada,5/05/2025 10:53:04 a. m.,jbenitez2,,,61,"8,04","102,98",,0,,,,"0,69",,,"11,015",20,18,14,"0,11","0,04",0,"0,19","0,78",,,,,27/04/2025,2025,04,EX3600
0060139 ZSHI,60139,Análisis flúido,30/03/2025,0060139 ZSHI 20250330,"27736,77","27736,77","27736,77","599,6",40,Normal,Crítico,,"27736,77",No,0,Normal,se tomara una contramuestra,,Ninguna falla identificada,28/04/2025 2:44:32 p. m.,jbenitez2,,,"128,18","58,6","144,95",,0,,,,"5,78",,,"10,087",19,17,13,"3,97","0,95","0,71","7,81","0,87",,,,,30/03/2025,2025,03,EX3600
0060139 ZSHI,60139,Análisis flúido,18/02/2025,0060139 ZSHI 20250218,"27137,17","27137,17","27137,17","357,9",20,Normal,Crítico,,"27137,17",No,0,Normal,EQUIPO PROXIMO ENTRAR A PARADA ANUAL ,,Ninguna falla identificada,28/04/2025 3:02:48 p. m.,jbenitez2,,,"72,73","9,07","111,32",,0,,2,21,"1,33",,28,"11,426",22,21,14,0,"0,03",0,"0,12","0,07",,,,,18/02/2025,2025,02,EX3600
0060139 ZSHI,60139,Análisis flúido,29/01/2025,0060139 ZSHI 20250129,"26779,27","26779,27","26779,27","431,5",23,Normal,Crítico,,"26779,27",No,0,Normal,Filtracion cambiada en ultimo PM del 30 de enero. Volver a muestrear para corroborar mejoria en codigo ISO.,,Ninguna falla identificada,3/02/2025 4:17:47 p. m.,lrodriguez,,,"76,7","9,59","97,68",,0,,,,"1,36",,,"11,129",21,20,17,0,"0,02",0,"0,18","0,3",,,,,29/01/2025,2025,01,EX3600
0060139 ZSHI,60139,Análisis flúido,6/01/2025,0060139 ZSHI 20250106,"26347,77","26347,77","26347,77","703,7",47,Normal,Crítico,,"26347,77",No,0,Normal,"Todos los predictores en rango normal, seguir monitoreando de cerca.",,Ninguna falla identificada,21/01/2025 3:58:45 p. m.,lrodriguez,,,77,"4,66","55,37",,0,,,,"0,27",,,"11,137",19,18,14,"0,82",0,"0,08",0,0,,,,,6/01/2025,2025,01,EX3600
0060139 ZSHI,60139,Análisis flúido,20/11/2024,0060139 ZSHI 20241120,"25644,07","25644,07","25644,07","57,8",4,Normal,Crítico,,"25644,07",No,0,Advertencia,"Predictores de codigo ISO de Limpieza altos, se programa cambio de toda la filtracion hidraulica en el SEIS de 2000.",,Entrada de polvo,26/11/2024 6:02:28 p. m.,lrodriguez,Acción: Cambiar los filtros (Prioridad: 2 - Acción dentro de las dos Paradas Programadas (Máxi)  Situación: Recommended      ,,"67,17","3,62","96,35",,"0,32",,,,"0,74",,,"10,978",19,18,15,"0,21","0,01",0,0,"0,2",,,,,20/11/2024,2024,11,EX3600
0060139 ZSHI,60139,Análisis flúido,16/11/2024,0060139 ZSHI 20241116,"25586,27","25586,27","25586,27","737,7",62,Normal,Advertencia,,"25586,27",No,0,Advertencia,"Predictores de codigo ISO de Limpieza altos, se programa cambio de toda la filtracion hidraulica en el SEIS de 2000.",,Entrada de polvo,26/11/2024 12:50:53 p. m.,lrodriguez,Acción: Cambiar los filtros (Prioridad: 1 - Acción dentro de la Parada Actual Programada (Máxi)  Situación: Recommended      ,,"110,09","107,88","134,37",,"0,67",,,,"4,36",,,"10,01",21,19,15,"1,49","1,01","0,24","6,06","0,21",,,,,16/11/2024,2024,11,EX3600
0060139 ZSHI,60139,Análisis flúido,15/09/2024,0060139 ZSHI 20240915,"24848,57","24848,57","24848,57","837,1",55,Normal,Crítico,,"24848,57",No,0,Advertencia,"Asistente, lanzar la OT estrategica de cambio de aceite hidraulico para homologacion a libre de zinc, cambio de filtros y desfogues.    ",,Deterioro de la condición del fluido,23/09/2024 12:43:22 p. m.,lrodriguez,Acción: Cambiar de aceite y filtros (Prioridad: 3 - Acción en el siguiente Servicio (Máximo 21 días))  Situación: Recommended      ,,"79,43","113,62","171,31",,"0,1",,,,"3,93",,,"10,093",23,21,17,"0,78","0,8","0,12","4,34",0,,,,,15/09/2024,2024,09,EX3600
0060139 ZSHI,60139,Análisis flúido,22/07/2024,0060139 ZSHI 20240722,"24011,47","24011,47","24011,47","618,3",39,Normal,Normal,,"24011,47",No,0,Normal,"Todos los predictores permanecen dentro de los límites aceptables, continúe monitoreando de cerca.  ",,Ninguna falla identificada,23/07/2024 9:55:42 p. m.,sysadmin,,,"105,75","338,78","272,21",,0,,,,"7,21",,,,17,16,12,"2,96","1,62","0,31","7,53",0,,,,,22/07/2024,2024,07,EX3600
0060139 ZSHI,60139,Análisis flúido,13/06/2024,0060139 ZSHI 20240613,"23393,17","23393,17","23393,17","145,6",9,Normal,Normal,,"23393,17",No,0,Normal,"Todos los predictores permanecen dentro de los límites aceptables, continúe monitoreando de cerca.  ",,Ninguna falla identificada,18/06/2024 4:45:51 p. m.,sysadmin,,,"110,32","331,42","324,2",,0,,,,"5,54",,,,18,17,14,"1,1","1,21","0,3","4,93",0,,,,,13/06/2024,2024,06,EX3600
0060139 ZSHI,60139,Análisis flúido,4/06/2024,0060139 ZSHI 20240604,"23247,57","23247,57","23247,57","671,1",42,Normal,Normal,,"23247,57",No,0,Normal,"Todos los predictores permanecen dentro de los límites aceptables, continúe monitoreando de cerca.  ",,Ninguna falla identificada,18/06/2024 4:45:25 p. m.,sysadmin,,,"123,68","335,98","311,09",,0,,,,"7,25",,,,16,14,11,"1,21","1,51","0,1","4,82",0,,,,,4/06/2024,2024,06,EX3600
0060139 ZSHI,60139,Análisis flúido,23/04/2024,0060139 ZSHI 20240423,"22576,47","22576,47","22576,47","399,97",41,Normal,Normal,,"22576,47",No,0,Normal,"Todos los predictores permanecen dentro de los límites aceptables, continúe monitoreando de cerca.  ",,Ninguna falla identificada,16/05/2024 3:32:42 p. m.,fpertuz,,,"30,98","332,34","317,33",,0,,,,"1,92",,,"8,55",20,18,13,"0,44",0,"0,36",0,"0,38",,,,,23/04/2024,2024,04,EX3600
0060139 ZSHI,60139,Análisis flúido,13/03/2024,0060139 ZSHI 20240313,"22176,5","22176,5","22176,5","452,98",27,Normal,Advertencia,,"22176,5",No,0,Advertencia,Los predictores de silicio y hierro se encuentran en advertencia.,El cambio de aceite esta programado para el proximo 29 de marzo de 2024.,Ninguna falla identificada,21/03/2024 7:47:47 p. m.,fpertuz,,,"105,54","406,78","340,82",,0,,,,"8,12",,,"8,35",20,18,14,"2,62","1,1","0,44","8,05",0,,,,,13/03/2024,2024,03,EX3600
0060139 ZSHI,60139,Análisis flúido,15/02/2024,0060139 ZSHI 20240215,"21723,52","21723,52","21723,52","178,2",11,Normal,Normal,,"21723,52",No,0,Normal,"Todos los predictores permanecen dentro de los límites aceptables, continúe monitoreando de cerca.  ",,Ninguna falla identificada,21/02/2024 6:41:03 a. m.,sysadmin,,,"38,01","368,06","332,43",,0,,,,"2,44",,,"8,6",17,16,11,0,"0,12","0,01",0,"0,23",,,,,15/02/2024,2024,02,EX3600
0060139 ZSHI,60139,Análisis flúido,4/02/2024,0060139 ZSHI 20240204,"21545,32","21545,32","21545,32","312,5",24,Normal,Normal,,"21545,32",No,0,Normal,"Todos los predictores permanecen dentro de los límites aceptables, continúe monitoreando de cerca.  ",,Ninguna falla identificada,7/02/2024 6:43:23 a. m.,sysadmin,,,"49,12","348,05","335,85",,0,,,,"6,36",,,"8,25",23,22,18,"1,35","0,76","0,58","3,93","0,08",,,,,4/02/2024,2024,02,EX3600
0060139 ZSHI,60139,Análisis flúido,11/01/2024,0060139 ZSHI 20240111,"21232,82","21232,82","21232,82","518,8",32,Normal,Normal,,"21232,82",No,0,Normal,"Todos los predictores permanecen dentro de los límites aceptables, continúe monitoreando de cerca.  ",,Ninguna falla identificada,15/01/2024 6:47:44 a. m.,sysadmin,,,"40,7","376,77","321,58",,0,,,,"4,51",,,"8,3",22,20,14,"1,37","0,69","0,55","4,9","1,57",,,,,11/01/2024,2024,01,EX3600
0060139 ZSHI,60139,Análisis flúido,10/12/2023,0060139 ZSHI 20231210,"20714,02","20714,02","20714,02","125,3",7,Normal,Normal,,"20714,02",No,0,Normal,"Todos los predictores permanecen dentro de los límites aceptables, continúe monitoreando de cerca.  ",,Ninguna falla identificada,12/12/2023 6:47:24 a. m.,sysadmin,,,"33,19","393,58","241,89",,"0,11",,,,"1,9",,,"8,67",22,21,18,"0,25","0,08","0,02","0,05","0,26",,,,,10/12/2023,2023,12,EX3600
0060139 ZSHI,60139,Análisis flúido,3/12/2023,0060139 ZSHI 20231203,"20588,72","20588,72","20588,72","426,5",31,Normal,Normal,,"20588,72",No,0,Normal,"Todos los predictores permanecen dentro de los límites aceptables, continúe monitoreando de cerca.  ",,Ninguna falla identificada,5/12/2023 6:33:14 a. m.,sysadmin,,,"39,98","393,24","241,56",,0,,,,"2,51",,,"8,79",20,19,15,"0,42","0,36","0,16","1,15",0,,,,,3/12/2023,2023,12,EX3600
0060139 ZSHI,60139,Análisis flúido,2/11/2023,0060139 ZSHI 20231102,"20162,22","20162,22","20162,22","196,8",18,Normal,Normal,,"20162,22",No,0,Normal,"Todos los predictores permanecen dentro de los límites aceptables, continúe monitoreando de cerca.  ",,Ninguna falla identificada,7/11/2023 6:33:38 a. m.,sysadmin,,,"50,13","341,19","320,23",,"0,01",,,,"5,11",,,"8,69",21,19,16,"1,6","1,08","0,38","3,14","0,07",,,,,2/11/2023,2023,11,EX3600
0060139 ZSHI,60139,Análisis flúido,15/10/2023,0060139 ZSHI 20231015,"19965,42","19965,42","19965,42","381,1",28,Normal,Normal,,"19965,42",No,0,Normal,"Todos los predictores permanecen dentro de los límites aceptables, continúe monitoreando de cerca.  ",,Ninguna falla identificada,18/10/2023 7:49:15 a. m.,sysadmin,,,"46,71","406,21","254,03",,0,,,,"2,51",,,"8,4",23,20,14,"0,69","0,76","0,26","1,62","0,24",,,,,15/10/2023,2023,10,EX3600
0060139 ZSHI,60139,Análisis flúido,17/09/2023,0060139 ZSHI 20230917,"19584,32","19584,32","19584,32","614,3",40,Normal,Normal,,"19584,32",No,0,Normal,"Todos los predictores permanecen dentro de los límites aceptables, continúe monitoreando de cerca.  ",,Ninguna falla identificada,19/09/2023 7:55:41 a. m.,sysadmin,,,"68,94","344,31","350,6",,0,,2,2,"4,07",,11,"8,6",18,17,13,"0,33","1,37","0,28","3,07","0,47",,,,,17/09/2023,2023,09,EX3600
0060139 ZSHI,60139,Análisis flúido,8/08/2023,0060139 ZSHI 20230808,"18970,02","18970,02","18970,02",492,37,Normal,Normal,,"18970,02",No,0,Normal,"Todos los predictores permanecen dentro de los límites aceptables, continúe monitoreando de cerca.  ",,Ninguna falla identificada,11/08/2023 7:42:29 a. m.,sysadmin,,,"37,94","347,9","338,84",,0,,,,"1,95",,,"8,55",18,16,12,0,"0,02","0,08","0,22","0,65",,,,,8/08/2023,2023,08,EX3600
0060139 ZSHI,60139,Análisis flúido,2/07/2023,0060139 ZSHI 20230702,"18478,02","18478,02","18478,02","515,1",44,Normal,Normal,,"18478,02",No,0,Normal,"Los predictores se mantienen en estado de advertencia, continua seguimiento.","Los predictores se mantienen en estado de advertencia, continua seguimiento.",Ninguna falla identificada,6/07/2023 10:25:59 a. m.,fpertuz,,,"29,54","386,27","262,09",,0,,,,"2,83",,,"8,5",17,15,12,"0,5","1,39","0,46","3,06","0,03",,,,,2/07/2023,2023,07,EX3600
0060139 ZSHI,60139,Análisis flúido,19/05/2023,0060139 ZSHI 20230519,"17962,92","17962,92","17962,92","90,3",7,Advertencia,Advertencia,,"17962,92",No,0,Advertencia,Predictores de silicio y hierro en advertencia.,Se cambio aceite hidraulico el 20/05/23.,Alto conteo de partículas,23/05/2023 3:40:34 p. m.,fpertuz,,,"28,77","354,55","254,03",,"0,01",,,,"9,35",,,"8,63",16,15,11,"2,31","3,12","2,04","9,4","0,32",,,,,19/05/2023,2023,05,EX3600
0060139 ZSHI,60139,Análisis flúido,12/05/2023,0060139 ZSHI 20230512,"17872,62","17872,62","17872,62","136,4",8,Normal,Crítico,,"17872,62",No,0,Advertencia,"Predictores de silicio en critico, ISO 4, 6, 14 y hierro en advertencia.",Se realizara cambio parcial de aceite hidraulico.,Alto conteo de partículas,23/05/2023 3:37:55 p. m.,fpertuz,,,"33,67","343,87","296,86",,0,,,,"11,7",,,"8,72",25,24,20,"3,19","2,63","1,83","9,47","0,4",,,,,12/05/2023,2023,05,EX3600
0060139 ZSHI,60139,Análisis flúido,4/05/2023,0060139 ZSHI 20230504,"17736,22","17736,22","17736,22","546,2",35,Normal,Advertencia,,"17736,22",No,0,Advertencia,Predictor de hierro en advertencia. Se mantiene en seguimiento. ,Se realizará cambio parcial de aceite hidraulico. ,Alto conteo de partículas,23/05/2023 3:38:40 p. m.,fpertuz,,,"36,41",316,"316,06",,0,,,,"6,56",,,"8,67",17,16,12,"1,94","2,59","1,89","6,96",0,,,,,4/05/2023,2023,05,EX3600
0060139 ZSHI,60139,Análisis flúido,30/03/2023,0060139 ZSHI 20230330,"17190,02","17190,02","17190,02","346,4",21,Crítico,Advertencia,,"17190,02",No,0,Advertencia,"Predictor de hierro y silicio en advertencia, ISO 04 y 06 en advertencia, bomba #3 con alarmas de contaminacion consecutivas. Se mantiene en seguimiento componentes.","Filtracion cambiada el 5 de Abril, se procede a nueva toma de muestra.",Altos metales de desgaste,10/04/2023 3:02:55 p. m.,fpertuz,,,"32,82","323,3","315,83",,0,,,,"7,97",,,"8,763",25,24,10,"1,9","2,17","1,16","6,36",0,,,,,30/03/2023,2023,03,EX3600
0060139 ZSHI,60139,Análisis flúido,9/03/2023,0060139 ZSHI 20230309,"16843,62","16843,62","16843,62","506,5",30,Advertencia,Normal,,"16843,62",No,0,Normal,"Todos los predictores permanecen dentro de los límites aceptables, continúe monitoreando de cerca.  ",,Ninguna falla identificada,11/03/2023 2:35:10 p. m.,sysadmin,,,29,"353,06","253,03",,"0,37",,,,"6,96",,,"8,799",20,18,14,"1,6","2,07","0,68","4,39",0,,,,,9/03/2023,2023,03,EX3600
0060139 ZSHI,60139,Análisis flúido,7/02/2023,0060139 ZSHI 20230207,"16337,12","16337,12","16337,12","363,4",22,Advertencia,Normal,,"16337,12",No,0,Normal,"Todos los predictores permanecen dentro de los límites aceptables, continúe monitoreando de cerca.  ",,Ninguna falla identificada,9/02/2023 8:09:03 p. m.,sysadmin,,,"35,94","353,3","299,45",,0,,,,"4,3",,,"8,77",20,19,15,"1,11","2,35","0,7","4,21","0,87",,,,,7/02/2023,2023,02,EX3600
0060139 ZSHI,60139,Análisis flúido,16/01/2023,0060139 ZSHI 20230116,"15973,72","15973,72","15973,72","127,1",8,Normal,Crítico,,"15973,72",No,0,Normal,"CARGUE MASIVO DE LA INFORMACION , SEGUIR OPERANDO ","CARGUE MASIVO DE LA INFORMACION , SEGUIR OPERANDO ",Ninguna falla identificada,14/09/2023 9:26:36 a. m.,DMartinez,,,"30,62","225,92","294,61",,0,,,,"6,16",,,"8,986",24,22,18,"0,93","38,6","0,13","10,6",0,,,,,16/01/2023,2023,01,EX3600
0060139 ZSHI,60139,Análisis flúido,8/01/2023,0060139 ZSHI 20230108,"15846,62","15846,62","15846,62","621,3",60,Advertencia,Normal,,"15846,62",No,0,Normal,Se encuentran parametros en rangos normales de operación.,,Ninguna falla identificada,12/01/2023 9:10:41 a. m.,fpertuz,,,"36,63","376,27","278,28",,0,,,,"2,26",,,"8,77",20,18,14,"0,24","0,01","0,03",0,"0,19",,,,,8/01/2023,2023,01,EX3600
0060139 ZSHI,60139,Análisis flúido,9/11/2022,0060139 ZSHI 20221109,"15225,32","15225,32","15225,32","554,47",47,Crítico,Crítico,,"15225,32",No,0,Advertencia,Los predictores de cobre se encuentran en advertencia y hierro en critico.  ,"1. Inspeccionar fuentes de desgaste anormal, revise alarmas de contaminación del equipo y tiempos de ciclo por movimiento, medición de parámetros de componentes hidráulicos  2. Verifique las presiones de drenaje de todos los componentes del sistema (Bombas y motores).  3. Programar el cambio de toda la filtración y toma de contra-muestra de aceite hidraulico.  4. Cambie los desfogues del tanque hidráulico.  5. Cambie los filtros del sistema (By pass, drenaje, flujo pleno y alta eficiencia)  ",Altos metales de desgaste,11/11/2022 9:52:41 a. m.,fpertuz,"Acción: Cambiar los filtros (Prioridad: 3 - Acción en el siguiente Servicio (Máximo 21 días))  Situación: Closed  Realización de Notas en 2022-12-22 17:19:46 por cerrejon_web_service:    Cierre de notas en 2024-03-15 11:20:44 por etorres4:  Se Cierra Orden completada ,ante la mejoria en la salud del componente    Acción: Tomar muestra de aceite (Prioridad: 3 - Acción en el siguiente Servicio (Máximo 21 días))  Situación: Closed  Realización de Notas en 2022-12-22 17:19:46 por cerrejon_web_service:    Cierre de notas en 2024-03-15 11:20:44 por etorres4:  Se Cierra Orden completada ,ante la mejoria en la salud del componente    ",,"68,12","354,03","305,32",,0,,,,"3,37",,,9,20,18,15,"0,96","8,83","1,96","10,07","0,19",,,,,9/11/2022,2022,11,EX3600
0060139 ZSHI,60139,Análisis flúido,23/09/2022,0060139 ZSHI 20220923,"14670,85","14670,85","14670,85","324,23",37,Advertencia,Advertencia,,"14670,85",No,0,Normal,"Componente en buenas condiciones, puede operar con normalidad.",,Ninguna falla identificada,29/09/2022 11:17:10 a. m.,fpertuz,,,"41,89","364,16","293,73",,0,,,,"4,52",,,"9,06",19,17,13,"2,18","8,77","1,69","6,99","0,7",,,,,23/09/2022,2022,09,EX3600
0060139 ZSHI,60139,Análisis flúido,17/08/2022,0060139 ZSHI 20220817,"14346,62","14346,62","14346,62","704,12",51,Advertencia,Crítico,,"14346,62",No,0,Normal,"Componente en buenas condiciones, puede operar con normalidad.",,Ninguna falla identificada,26/08/2022 8:16:00 a. m.,fpertuz,,,"51,06","346,95","275,18",,0,,,,"4,12",,,"9,1",20,18,14,"2,36","13,4","1,58","6,67","1,08",,,,,17/08/2022,2022,08,EX3600
0060139 ZSHI,60139,Análisis flúido,27/06/2022,0060139 ZSHI 20220627,"13642,5","13642,5","13642,5","415,73",37,Advertencia,Advertencia,,"13642,5",No,0,Advertencia,"Combinación de aceites, mantendremos seguimiento a las muestras y mantendremos cambio de filtración bajo rutina convencional de Seis.",,Alto conteo de partículas,4/07/2022 8:08:57 p. m.,fpertuz,,,"54,2","366,71","269,7",,0,,,,"2,51",,,"8,77",18,16,13,"1,35","8,65","1,57","4,23","0,24",,,,,27/06/2022,2022,06,EX3600
0060139 ZSHI,60139,Análisis flúido,21/05/2022,0060139 ZSHI 20220521,"13226,77","13226,77","13226,77","382,47",26,Crítico,Normal,,"13226,77",No,0,Normal,"Todos los predictores permanecen dentro de los límites aceptables, continúe monitoreando de cerca.  ",,Ninguna falla identificada,23/05/2022 9:11:41 p. m.,sysadmin,,,"73,73","347,02","261,08",,0,,,,"3,72",,,"8,784",20,19,16,"2,02","2,7","1,29",3,0,,,,,21/05/2022,2022,05,EX3600
0060139 ZSHI,60139,Análisis flúido,25/04/2022,0060139 ZSHI 20220425,"12844,3","12844,3","12844,3","328,46",28,Advertencia,Normal,,"12844,3",No,0,Normal,"Componente en buenas condiciones, puede operar con normalidad.",,Ninguna falla identificada,1/05/2022 8:27:42 p. m.,fpertuz,,,"40,35","323,24","263,37",,0,,,,"0,3",,,"8,95",20,19,16,0,"0,27","0,18",0,0,,,,,25/04/2022,2022,04,EX3600
0060139 ZSHI,60139,Análisis flúido,28/03/2022,0060139 ZSHI 20220328,"12515,84","12515,84","12515,84","459,28",31,Crítico,Advertencia,,"12515,84",No,0,Advertencia,"No se abrira OT, esta maquina ya tiene programada una intervencion el proximo martes 5 de Abril para desmontaje de paneles de enfriamiento, limpieza de tuberia de retorno, cambiod e toda la filtracion hidraulica y cambio del aceite por antecedentes de falla de cilindros de cucharon",,Alto conteo de partículas,3/04/2022 10:49:24 p. m.,fpertuz,,,"94,99","357,37","186,9",,"0,26",,,,"6,26",,,"8,578",19,17,14,"2,83","9,46","1,55",6,"0,19",,,,,28/03/2022,2022,03,EX3600
0060139 ZSHI,60139,Análisis flúido,25/02/2022,0060139 ZSHI 20220225,"12056,56","12056,56","12056,56","783,55",50,Crítico,Normal,,"12056,56",No,0,Normal,"Todos los predictores permanecen dentro de los límites aceptables, continúe monitoreando de cerca.  ",,Ninguna falla identificada,27/02/2022 8:10:52 p. m.,sysadmin,,,"100,47","387,92","323,55",,0,,,,"5,07",,,"8,654",20,19,13,"2,3","4,97","0,88",4,0,,,,,25/02/2022,2022,02,EX3600
0060139 ZSHI,60139,Análisis flúido,6/01/2022,0060139 ZSHI 20220106,"11273,01","11273,01","11273,01","666,8",44,Crítico,Normal,,"11273,01",No,0,Normal,"Todos los predictores permanecen dentro de los límites aceptables, continúe monitoreando de cerca.  ",,Ninguna falla identificada,8/01/2022 8:10:28 p. m.,sysadmin,,,"84,91","336,64","281,13",,"0,04",,,,"5,11",,,"8,569",19,18,14,"1,07","4,67","0,84",4,0,,,,,6/01/2022,2022,01,EX3600
0060139 ZSHI,60139,Análisis flúido,23/11/2021,0060139 ZSHI 20211123,"10606,21","10606,21","10606,21","638,54",51,Crítico,Normal,,"10606,21",No,0,Normal,Los predictores metalicos  en rangos de trabajo normal.,,Ninguna falla identificada,29/11/2021 12:37:18 p. m.,fpertuz,,,"99,56","327,38","268,92",,0,,,,"3,46",,,"8,678",21,20,16,"0,96","4,85","0,58",4,"0,26",,,,,23/11/2021,2021,11,EX3600
0060139 ZSHI,60139,Análisis flúido,3/10/2021,0060139 ZSHI 20211003,"9967,67","9967,67","9967,67","254,49",16,Advertencia,Advertencia,,"9967,67",No,0,Advertencia,Ya tiene una OT abierta para la parada programada,,Alto conteo de partículas,11/10/2021 4:07:42 p. m.,fpertuz,,,"25,28","274,78","262,68",,"0,15",,,,"2,7",,,"8,674",20,18,15,"1,52","7,91","0,21",3,0,,,,,3/10/2021,2021,10,EX3600
0060139 ZSHI,60139,Análisis flúido,17/09/2021,0060139 ZSHI 20210917,"9713,18","9713,18","9713,18","191,17",13,Advertencia,Normal,,"9713,18",No,0,Normal,"Los parametros han regresado a la normalidad, seguimiento a la siguiente muestra.",,Ninguna falla identificada,23/09/2021 1:55:23 p. m.,fpertuz,,,"32,3","375,53","204,43",,0,,,,"0,15",,,"9,018",19,18,14,"0,24","0,06",0,0,0,,,,,17/09/2021,2021,09,EX3600
0060139 ZSHI,60139,Análisis flúido,4/09/2021,0060139 ZSHI 20210904,"9522,01","9522,01","9522,01","566,09",42,Crítico,Advertencia,,"9522,01",No,0,Advertencia,Se tiene la OT SH169672 de trakka pendiente por ejecutar,,Ninguna falla identificada,6/09/2021 12:13:21 a. m.,fpertuz,,,"25,96","281,44","242,63",,"0,15",,,,"2,8",,,"8,651",22,21,18,"1,18","8,05","0,11",3,0,,,,,4/09/2021,2021,09,EX3600
0060139 ZSHI,60139,Análisis flúido,24/07/2021,0060139 ZSHI 20210724,"8955,92","8955,92","8955,92","397,85",23,Advertencia,Advertencia,,"8955,92",No,0,Advertencia,Los predictores de cobre está en rango advertencia.,"1. Cambiar los filtros del sistema hidráulico de flujo pleno, by pass y alta eficiencia  2. Tome una muestra de aceite de 1LT y entréguela en laboratorio de tribología de Cerrejon para que Primax analice los resultados.  ",Alto conteo de partículas,26/07/2021 5:16:01 p. m.,fpertuz,"Acción: Cambiar los filtros (Prioridad: 3 - Acción en el siguiente Servicio (Máximo 21 días))  Situación: Closed  Realización de Notas en 2021-09-19 12:06:33 por cerrejon_web_service:  A.  Qu% encontr% al hacer el diagn%stico de la falla? (Parte, Modo)  139 Sistema Hidraulico (TRAKKA)  B.  Qu% trabajo se realiz%?  139 Sistema Hidraulico (TRAKKA)  C.  Cu%l fue lacausa o posible causa de la falla? PARADA PROGRAMADA  D.  Q    Cierre de notas en 2021-09-27 08:05:31 por DMartinez:  SE EVIDENCIA MEJORIA EN LA SALUD DEL COMPONENTE    ",,"26,21","253,95","224,52",,"0,03",,,,"2,73",,,"8,522",20,19,15,"1,82","6,84","0,21",3,0,,,,,24/07/2021,2021,07,EX3600
0060139 ZSHI,60139,Análisis flúido,1/07/2021,0060139 ZSHI 20210701,"8558,07","8558,07","8558,07","576,86",45,Crítico,Normal,,"8558,07",No,0,Normal,"Los predictores estan en rangos de operacion, seguimiento a la siguiente muestra",,Ninguna falla identificada,4/07/2021 11:23:32 p. m.,fpertuz,,,"34,11","429,79","235,91",,"0,12",,,,"0,08",,,"9,206",21,20,18,"0,07","0,17",0,0,"0,51",,,,,1/07/2021,2021,07,EX3600
0060139 ZSHI,60139,Análisis flúido,17/05/2021,0060139 ZSHI 20210517,"7981,21","7981,21","7981,21","630,38",31,Advertencia,Advertencia,,"7981,21",No,0,Advertencia,"Seguimeitno a proxima muestra, este equipo tiene seis en proximos dos dias y tiene contemplado el cambio de toda la filtracion hidraulica",,Ninguna falla identificada,3/06/2021 10:57:01 a. m.,fpertuz,,,"48,91","340,85","270,73",,"0,16",,,,"2,96",,,"8,631",20,17,13,"1,66","8,13","0,17",2,"0,32",,,,,17/05/2021,2021,05,EX3600
0060139 ZSHI,60139,Análisis flúido,16/04/2021,0060139 ZSHI 20210416,"7350,83","7350,83","7350,83","285,12",32,Crítico,Crítico,,"7350,83",No,0,Normal,Se tienen programado el cambio de filtracion para el pm proximo a ingresar,,Ninguna falla identificada,19/04/2021 6:03:51 p. m.,fpertuz,,,"51,76","398,19","247,77",,"0,09",,,,"2,97",,,"15,16",,,,"1,27","8,83","0,06",2,"0,23",,,,,16/04/2021,2021,04,EX3600
0060139 ZSHI,60139,Análisis flúido,15/03/2021,0060139 ZSHI 20210315,"7065,71","7065,71","7065,71","530,72",35,Advertencia,Advertencia,,"7065,71",No,0,Advertencia,Los predictores de cobre esta en rango de advertencia.,"1. Cambiar los filtros del sistema hidráulico de flujo pleno, by pass y alta eficiencia  2. Tome una muestra de aceite de 1LT y entréguela en laboratorio de tribología de Cerrejon para que Primax analice los resultados.  ",Alto conteo de partículas,22/03/2021 10:41:48 p. m.,fpertuz,"Acción: Cambiar los filtros (Prioridad: 3 - Acción en el siguiente Servicio (Máximo 21 días))  Situación: Closed  Realización de Notas en 2021-04-03 15:16:31 por cerrejon_web_service:  se cierra por vencimiento de fechas 30 marzo 2021,harol diaz    Cierre de notas en 2021-06-15 17:08:28 por fpertuz:  Se cambiaron los filtros del sistema, seguimiento a la muestra.    ",,"55,51","375,27","268,91",,0,,,,"1,63",,,"8,508",18,17,12,"0,46","7,36",0,1,"0,1",,,,,15/03/2021,2021,03,EX3600
0060139 ZSHI,60139,Análisis flúido,8/02/2021,0060139 ZSHI 20210208,"6534,99","6534,99","6534,99","645,39",25,Crítico,Advertencia,,"6534,99",No,0,Advertencia,Los predictores de cobre esta en rango de advertencia,"1. Cambiar los filtros del sistema hidráulico de flujo pleno, by pass y alta eficiencia  2. Tome una muestra de aceite de 1LT y entréguela en laboratorio de tribología de Cerrejon para que Primax analice los resultados.  ",Altos metales de desgaste,15/02/2021 1:22:05 p. m.,fpertuz,"Acción: Cambiar los filtros (Prioridad: 2 - Acción dentro de las dos Paradas Programadas (Máxi)  Situación: Rejected  Notas de rechazo encendido 2021-02-18 09:09:17 por fpertuz:  Observacion duplicada, existe otra pendiente de ejecucion SH161561    ",,"43,6","368,5",191,,"0,3",,,,"1,8",,,"8,611",23,21,15,"0,7","7,4","0,1",2,0,,,,,8/02/2021,2021,02,EX3600
0060139 ZSHI,60139,Análisis flúido,14/01/2021,0060139 ZSHI 20210114,"5889,6","5889,6","5889,6",0,17,Advertencia,Advertencia,,"5889,6",No,0,Advertencia,Los predictores de cobre esta en rango de advertencia,"1. Cambiar los filtros del sistema hidráulico de flujo pleno, by pass y alta eficiencia  2. Tome una muestra de aceite de 1LT y entréguela en laboratorio de tribología de Cerrejon para que Primax analice los resultados.  ",Alto conteo de partículas,18/01/2021 7:09:14 p. m.,fpertuz,Acción: Cambiar los filtros (Prioridad: 2 - Acción dentro de las dos Paradas Programadas (Máxi)  Situación: Closed  Realización de Notas en 2021-02-18 13:04:15 por cerrejon_web_service:  SE CIERRA ESTA OT POR QUE HAY OTRA ACCION MAS RECIENTE DE ESTE MISMO SISTEMA CON RECOMENDACIONES ASOCIADAS    Cierre de notas en 2021-03-09 17:18:17 por fpertuz:  SE CIERRA ESTA OT POR QUE HAY OTRA ACCION MAS RECIENTE DE ESTE MISMO SISTEMA CON RECOMENDACIONES ASOCIADAS      Acción: Tomar muestra de aceite (Prioridad: 2 - Acción dentro de las dos Paradas Programadas (Máxi)  Situación: Closed  Realización de Notas en 2021-02-18 13:04:16 por cerrejon_web_service:  SE CIERRA ESTA OT POR QUE HAY OTRA ACCION MAS RECIENTE DE ESTE MISMO SISTEMA CON RECOMENDACIONES ASOCIADAS    Cierre de notas en 2021-03-09 17:18:17 por fpertuz:  SE CIERRA ESTA OT POR QUE HAY OTRA ACCION MAS RECIENTE DE ESTE MISMO SISTEMA CON RECOMENDACIONES ASOCIADAS      ,,"50,3","437,2","108,2",,"0,1",,,,"1,7",,,"8,426",20,18,15,"0,4","6,5",0,1,"0,8",,,,,14/01/2021,2021,01,EX3600
0060139 ZSHI,60139,Análisis flúido,28/12/2020,0060139 ZSHI 20201228,"5889,6","5889,6","5889,6","348,02",120,Advertencia,Normal,,"5889,6",No,0,Normal,"El predictor de cobre ha regresado a la normalidad, mantendremos seguimiento a la proxima muestra.",,Ninguna falla identificada,4/01/2021 10:30:05 a. m.,fpertuz,,,"51,5","480,5","179,1",,"0,9",,,,"1,5",,,"8,74",19,18,15,"0,9","0,1","0,4",0,0,,,,,28/12/2020,2020,12,EX3600
0060139 ZSHI,60139,Análisis flúido,30/08/2020,0060139 ZSHI 20200830,"5541,58","5541,58","5541,58","569,29",36,Normal,Advertencia,,"5541,58",No,0,Advertencia,Los predictores de cobre están en rangos advertencia.,"1. Cambiar filtros de flujo pleno, by pass y alta eficiencia.  2. Efectuar inspección de alarmas de contaminación, limpieza y efectuar pruebas de rendimiento del equipo.  ",Alto conteo de partículas,23/12/2020 8:35:51 a. m.,fpertuz,Acción: Cambiar los filtros (Prioridad: 2 - Acción dentro de las dos Paradas Programadas (Máxi)  Situación: Rejected  Notas de rechazo encendido 2021-01-26 19:15:13 por fpertuz:  Se abre OT tipo TR SH158669    ,,"53,8",408,"187,7",,0,,,,"1,9",,,,18,17,13,1,"6,2",0,1,"0,1",,,,,30/08/2020,2020,08,EX3600
0060139 ZSHI,60139,Análisis flúido,25/07/2020,0060139 ZSHI 20200725,"4972,29","4972,29","4972,29","473,54",27,Advertencia,Advertencia,,"4972,29",No,0,Advertencia,El predictor de del cobre esta en rangos de advertencia.,"1. Cambiar filtros de flujo pleno, by pass, derivación y alta eficiencia en próxima parada programada.  2. Cambiar nuevamente los filtros 8 días después.  3. Revisar estado de sistema hidráulico, alarmas de contaminación de bombas y efectuar pruebas de ciclo.  ",Alto conteo de partículas,29/07/2020 12:48:01 a. m.,fpertuz,Acción: Cambiar los filtros (Prioridad: 2 - Acción dentro de las dos Paradas Programadas (Máxi)  Situación: Closed  Realización de Notas en 2020-08-04 18:12:19 por lgomez10:  SE CAMBIO LA FILTRACION  Cierre de notas en 2021-02-17 15:12:21 por fpertuz:  SE CAMBIO LA FILTRACION    ,,"58,2","388,4","197,7",,0,,,,"1,4",,,,20,19,15,"0,8","7,3","0,1",1,0,,,,,25/07/2020,2020,07,EX3600
0060139 ZSHI,60139,Análisis flúido,28/06/2020,0060139 ZSHI 20200628,"4498,75","4498,75","4498,75","491,13",34,Advertencia,Normal,,"4498,75",No,0,Normal,"Todos los predictores permanecen dentro de los límites aceptables, continúe monitoreando de cerca.  ",,Ninguna falla identificada,30/06/2020 9:08:29 p. m.,sysadmin,,,"40,7","478,2","64,3",,"0,1",,,,"0,3",,,"8,359",18,16,12,"0,1","0,1","0,1",0,"0,3",,,,,28/06/2020,2020,06,EX3600
0060139 ZSHI,60139,Análisis flúido,25/05/2020,0060139 ZSHI 20200525,"4007,62","4007,62","4007,62",509,78,Advertencia,Normal,,"4007,62",No,0,Normal,"Todos los predictores permanecen dentro de los límites aceptables, continúe monitoreando de cerca.  ",,Ninguna falla identificada,26/05/2020 9:28:28 p. m.,sysadmin,,,"45,3","429,5","264,3",,"0,1",,,,"0,6",,,"8,395",20,18,15,"0,2","0,1","0,1",0,0,,,,,25/05/2020,2020,05,EX3600
0060139 ZSHI,60139,Análisis flúido,8/03/2020,0060139 ZSHI 20200308,"3498,62","3498,62","3498,62","133,83",7,Advertencia,Normal,"3498,62","3498,62",No,0,Normal,Seguin las dos ultimas muestras de aceite los predictores han regresado a sus parametros normales,Mantener seguimiento hasta la proxima muestra,Ninguna falla identificada,16/03/2020 10:37:11 p. m.,fpertuz,,,"53,9","412,3","201,6",,"0,6",,,,0,,,"8,412",21,19,16,0,"0,1","0,1",0,"0,4",,,,,8/03/2020,2020,03,EX3600
0060139 ZSHI,60139,Análisis flúido,1/03/2020,0060139 ZSHI 20200301,"3364,79","3364,79","3364,79","35,53",2,Advertencia,Normal,,"3364,79",No,0,Normal,Los predictores en la ultima muestra del 8/3/2020 han regresado a la normalidad,Mpnitoriar el  aceite hasta proxima muestra,Ninguna falla identificada,16/03/2020 10:13:44 p. m.,fpertuz,,,"51,8","426,8","225,1",,"0,1",,,,"0,2",,,"8,388",23,17,16,0,0,"0,1",0,0,,,,,1/03/2020,2020,03,EX3600
0060139 ZSHI,60139,Análisis flúido,28/02/2020,0060139 ZSHI 20200228,"3329,26","3329,26","3329,26","214,4",12,Crítico,Crítico,,"3329,26",No,0,Normal,"Esta recomendacion se disparo 2 veces, ya se tomaron las acciones asociadas, cambio de filtracion, verificacion de componentes hidraulicos y re muestreo del aceite","Mantener en seguimiento, als dos ultimas muestras ya aparecen los predictores en sus rangos normales de trabajo.",Ninguna falla identificada,16/03/2020 10:01:41 p. m.,fpertuz,,,"7,8",99,"232,8",,"0,3",,,,"5,6",,,"7,236",20,19,15,"0,7","42,5",0,1,0,,,,,28/02/2020,2020,02,EX3600
0060139 ZSHI,60139,Análisis flúido,16/02/2020,0060139 ZSHI 20200216,"3114,86","3114,86","3114,86","700,75",41,Crítico,Crítico,"3114,86","3114,86",No,0,Normal,"Esta recomendacion se ha disparado dos veces, ya se tomaron las acciones respectivas como cambio de filtracion hidraulica, revision de componentes hidraulicos y retoma muestra.","Mantener en seguimiento a proxima muestra, las dos ultimas muestras actuales muestran comportamiento normal",Ninguna falla identificada,16/03/2020 10:00:26 p. m.,fpertuz,,,"9,6","111,4","229,1",,"0,2",,,,1,,,"7,613",22,20,16,"0,2","41,2",0,2,0,,,,,16/02/2020,2020,02,EX3600
0060139 ZSHI,60139,Análisis flúido,6/01/2020,0060139 ZSHI 20200106,"2414,11","2414,11","2414,11","105,52",9,Crítico,Normal,"2414,11","2414,11",No,0,Normal,No muestra novedades bajo el ultimo analisis,Esperemos la siguiente muestra para verificar evolucion del aceite. Pro el momento seguir operando con el aceite en estas condiciones.,Ninguna falla identificada,29/01/2020 2:18:35 p. m.,,,,"74,8","447,6",220,,"0,3",,,,"0,4",,,"8,521",19,17,13,0,"0,1",0,0,1,,,,,6/01/2020,2020,01,EX3600
0060139 ZSHI,60139,Análisis flúido,28/12/2019,0060139 ZSHI 20191228,"2308,59","2308,59","2308,59","31,04",2,Crítico,Crítico,,"2308,59",No,0,Advertencia,"El Cobre sigue por encima del valor de advertencia. El código ISO tambien se ha incrementado, Calcio y el Zinc se han disminuido sustancialmente. El resto de los predictores se encuentran dentro de los valores permisibles de uso.","Recomendacion:  Realice las siguientes actividades con Prioridad P3:  1.- Drene el aceite en Uso,  2.- Verifique si se observan particulas metalicas en el aceite.  3.- Realice limpieza interna del Tanque para eliminar la contaminacion metalica y no metalica (Flushing).  4. Nuevamente complete con aceite limpio y nuevo.  Component Code: ZSHI  Standard Job: Duracion: 12 Horas; # tecnicos: 3  Prefijo: SH  Work Order Desc: ZSHI: El Cobre sigue por encima del valor de advertencia. El código ISO tambien se ha incrementado, Calcio y el Zinc se han disminuido sustancialmente. El resto de los predictores se encuentran dentro de los valores permisibles de uso.  Work Order Type: AN  Maintenance Type: PE  Extended Text: Nuevamente el Hierro continua en Aumento,  Job Codes CODIGO ESPECIAL: TR  Centro de Costo: XCMMAHTX  Prioridad: P3",Altos metales de desgaste,2/01/2020 9:23:25 a. m.,,Acción: Cambiar de aceite y filtros (Prioridad: 3 - Acción en el siguiente Servicio (Máximo 21 días))  Situación: Closed  Realización de Notas en 2020-03-12 11:32:16 por ajimene2:  PROGRAMADA ZSHI: El Cobre sigue por encima del valor  Cierre de notas en 2021-02-17 15:13:22 por fpertuz:  SE CAMBIO LA FILTRACION    ,,2,"58,4","224,7",,"0,1",,,,"0,5",,,"7,203",20,19,15,0,40,"0,1",2,0,,,,,28/12/2019,2019,12,EX3600
0060139 ZSHI,60139,Análisis flúido,26/12/2019,0060139 ZSHI 20191226,"2277,55","2277,55","2277,55","227,23",12,Crítico,Crítico,,"2277,55",No,0,Crítico,"El Cobre sigue por encima del valor de advertencia. El código ISO tambien se ha incrementado, Calcio y el Zinc se han disminuido sustancialmente. El resto de los predictores se encuentran dentro de los valor",,Altos metales de desgaste,2/01/2020 9:24:17 a. m.,,,,"3,7","85,4","264,7",,"0,4",,,,"0,4",,,"7,18",20,19,15,0,49,0,2,0,,,,,26/12/2019,2019,12,EX3600
0060139 ZSHI,60139,Análisis flúido,14/12/2019,0060139 ZSHI 20191214,"2050,32","2050,32","2050,32","769,26",37,Crítico,Crítico,,"2050,32",No,0,Crítico,"El Cobre sigue por encima del valor de advertencia. El código ISO tambien se ha incrementado, Calcio y el Zinc se han disminuido sustancialmente. El resto de los predictores se encuentran dentro de los valores permisibles de uso.","Recomendacion:  Realice las siguientes actividades con Prioridad P3:  1.- Drene el aceite en Uso,  2.- Verifique si se observan particulas metalicas en el aceite.  3.- Realice limpieza interna del Tanque para eliminar la contaminacion metalica y no metalica (Flushing).  4. Nuevamente complete con aceite limpio y nuevo.  Component Code: ZSHI  Standard Job: Duracion: 12 Horas; # tecnicos: 3  Prefijo: SH  Work Order Desc: ZSHI: El Cobre sigue por encima del valor de advertencia. El código ISO tambien se ha incrementado, Calcio y el Zinc se han disminuido sustancialmente. El resto de los predictores se encuentran dentro de los valores permisibles de uso.  Work Order Type: AN  Maintenance Type: PE  Extended Text: Nuevamente el Hierro continua en Aumento,  Job Codes CODIGO ESPECIAL: TR  Centro de Costo: XCMMAHTX  Prioridad: P3  ",Altos metales de desgaste,16/12/2019 9:32:53 a. m.,JRuiz,"Acción: Cambiar de aceite y filtros (Prioridad: 2 - Acción dentro de las dos Paradas Programadas (Máxi)  Situación: Rejected  Notas de rechazo encendido 2020-01-29 15:41:56 por fpertuztemp:  El Cobre sigue por encima del valor de advertencia. El código ISO tambien se ha incrementado, Calcio y el Zinc se han disminuido sustancialmente. El resto de los predictores se encuentran dentro de los valores permisibles de uso.    Acción: Drenar el Aceite, Limpiar a fondo, Rellenar Aceite (Prioridad: 2 - Acción dentro de las dos Paradas Programadas (Máxi)  Situación: Rejected  Notas de rechazo encendido 2020-01-29 15:41:56 por fpertuztemp:  El Cobre sigue por encima del valor de advertencia. El código ISO tambien se ha incrementado, Calcio y el Zinc se han disminuido sustancialmente. El resto de los predictores se encuentran dentro de los valores permisibles de uso.    ",,"2,6","47,3","248,6",,0,,,,1,,,"7,134",20,18,15,0,"40,2",0,1,0,,,,,14/12/2019,2019,12,EX3600
0060139 ZSHI,60139,Análisis flúido,7/11/2019,0060139 ZSHI 20191107,"1281,06","1281,06","1281,06","440,69",31,Crítico,Normal,"1281,06","1281,06",No,0,Normal,"Todos los predictores permanecen dentro de los límites aceptables, continúe monitoreando de cerca.  ",,Ninguna falla identificada,9/11/2019 8:05:35 p. m.,sysadmin,,,"117,7","370,7","235,2",,"0,7",,,,"0,9",,,"8,333",19,17,14,0,"0,1",0,0,0,,,,,7/11/2019,2019,11,EX3600
0060139 ZSHI,60139,Análisis flúido,7/10/2019,0060139 ZSHI 20191007,"840,37","840,37","840,37",,,Crítico,Normal,,"840,37",No,0,Normal,"Los niveles de ISO son un poco altos para un sistema hidráulico, pero todos los demás predictores están dentro de los límites establecidos  Monitoreará los siguientes resultados de la muestra",,Ninguna falla identificada,9/10/2019 3:03:28 p. m.,cpearcy,,,"40,1","360,2","231,1",,"0,1",,,,1,,,"8,389",23,21,19,"0,3","0,1",0,0,0,,,,,7/10/2019,2019,10,EX3600
0060140 ZSHI,60140,Análisis flúido,6/08/2026,0060140 ZSHI 20260806,"34956,28","34968,48","34968,48",460,25,Normal,Crítico,,"34968,48",No,0,Crítico,"  Los predictores del codigo ISO de limpieza estan en rango de critico .  Asistente, abre una OT tipo TR P1 con las siguientes recomendaciones   1.  Cambie los desfogues del tanque hidráulico.  2. Cambie los filtros del sistema (By pass, flujo pleno, piloto, drenaje y alta eficiencia).",,,10/08/2026 1:15:21 p. m.,jbenitez2,,,"97,79","41,12","140,75",,"0,28",,,,"9,61",,,"9,97",20,19,16,"4,67","0,93","9,49","10,11",0,,,,,6/08/2026,2026,08,EX3600
0060140 ZSHI,60140,Análisis flúido,12/07/2026,0060140 ZSHI 20260712,"34496,28","34508,48","34508,48","498,3",28,Normal,Crítico,,"34508,48",No,0,Normal,"sin novedad, seguir monitoreando de cerca.",,Ninguna falla identificada,14/07/2026 10:14:26 a. m.,jbenitez2,,,"75,07","1,31","88,18",,"0,27",,2,22,0,,29,"11,19",20,17,11,0,0,0,"0,09","0,22",,,,,12/07/2026,2026,07,EX3600
0060140 ZSHI,60140,Análisis flúido,14/06/2026,0060140 ZSHI 20260614,"33997,98","34010,18","34010,18","351,9",25,Normal,Crítico,,"34010,18",No,0,Advertencia,YA SE TIENE UNA OT PARA ESTE COMPONENTE #1685149,,Altos metales de desgaste,17/06/2026 10:05:48 a. m.,jbenitez2,,,"85,56","21,07","96,23",,0,,,,"4,47",,,"9,9",19,17,12,"3,2","1,15","8,28","8,87","0,07",,,,,14/06/2026,2026,06,EX3600
0060140 ZSHI,60140,Análisis flúido,20/05/2026,0060140 ZSHI 20260520,"33646,08","33658,28","33658,28","459,2",23,Normal,Crítico,,"33658,28",No,0,Advertencia,"Los predictores del codigo ISO de limpieza estan en rango de advertencia.  Asistente, abre una OT tipo TR P2 con las siguientes recomendaciones y enventanarla el 18/6/2026    1.  Cambie los desfogues del tanque hidráulico.  2. Cambie los filtros del sistema (By pass, flujo pleno, piloto, drenaje y alta eficiencia).",,Alto conteo de partículas,25/05/2026 2:37:37 p. m.,jbenitez2,,,"72,5","5,25","98,18",,"2,76",,2,21,"0,03",,28,"11,22",23,21,19,0,"0,07","0,1","0,31",0,,,,,20/05/2026,2026,05,EX3600
0060140 ZSHI,60140,Análisis flúido,27/04/2026,0060140 ZSHI 20260427,"33186,88","33199,08","33199,08",257,17,Normal,Crítico,,"33199,08",No,0,Normal,"Todos los predictores permanecen dentro de los límites aceptables, continúe monitoreando de cerca.",,Ninguna falla identificada,29/04/2026 7:27:42 a. m.,jbenitez2,,,"86,6","34,47","107,92",,"0,67",,2,21,"2,41",,28,"10,203",17,15,11,"1,54","1,09","4,4","4,76","0,8",,,,,27/04/2026,2026,04,EX3600
0060140 ZSHI,60140,Análisis flúido,10/04/2026,0060140 ZSHI 20260410,"32929,88","32942,08","32942,08","246,9",41,Normal,Crítico,,"32942,08",No,0,Advertencia,"Los predictores del codigo ISO de limpieza estan en rango de critico.  Asistente, abre una OT tipo TR P2 con las siguientes recomendaciones :  1.  Cambie los desfogues del tanque hidráulico.  2. Cambie los filtros del sistema (By pass, flujo pleno, piloto, drenaje y alta eficiencia).",,Alto conteo de partículas,13/04/2026 1:09:33 p. m.,jbenitez2,,,"57,25","3,57","83,34",,"0,36",,2,21,"0,04",,28,"11,194",20,18,13,"0,05",0,"0,06",0,0,,,,,10/04/2026,2026,04,EX3600
0060140 ZSHI,60140,Análisis flúido,28/02/2026,0060140 ZSHI 20260228,"32682,98","32695,18","32695,18","174,1",10,Normal,Crítico,,"32695,18",No,0,Normal,SE ESTA CAMBIANDO ACEITE ACTUALMENTE,,Ninguna falla identificada,4/03/2026 7:58:03 a. m.,jbenitez2,,,"63,13","19,98","130,51",,"0,5",,,,"4,34",,,"9,73",16,15,10,"3,08","0,98","5,01","12,28",0,,,,,28/02/2026,2026,02,EX3600
0060140 ZSHI,60140,Análisis flúido,18/02/2026,0060140 ZSHI 20260218,"32508,88","32521,08","32521,08","223,2",12,Normal,Crítico,,"32521,08",No,0,Normal,"se le cambio filtros , se tomara contramuestra para verificar tendencia",,Ninguna falla identificada,23/02/2026 10:56:34 a. m.,jbenitez2,,,"54,71","9,5","91,79",,"0,23",,3,21,"3,6",,27,"9,9",21,20,16,"2,77","0,9","3,73","10,56","0,27",,,,,18/02/2026,2026,02,EX3600
0060140 ZSHI,60140,Análisis flúido,6/02/2026,0060140 ZSHI 20260206,"32285,68","32297,88","32297,88",435,25,Normal,Crítico,,"32297,88",No,0,Normal,"Todos los predictores permanecen dentro de los límites aceptables, continúe monitoreando de cerca.",,Ninguna falla identificada,9/02/2026 1:16:18 p. m.,jbenitez2,,,"80,35","9,95","137,72",,0,,2,22,"3,92",,28,"10,38",18,17,13,"1,95","0,87","2,75","7,2",0,,,,,6/02/2026,2026,02,EX3600
0060140 ZSHI,60140,Análisis flúido,12/01/2026,0060140 ZSHI 20260112,"31850,68","31862,88","31862,88","719,1",43,Normal,Crítico,,"31862,88",No,0,Advertencia,YA SE TIENE UNA OT PARA ESTE COMPONENTE 1603592,,Alto conteo de partículas,19/01/2026 12:24:01 p. m.,jbenitez2,,,"79,77","12,36","73,45",,0,,3,22,"3,99",,27,10,20,18,14,"2,51","1,07","3,2","9,67",0,,,,,12/01/2026,2026,01,EX3600
0060140 ZSHI,60140,Análisis flúido,30/11/2025,0060140 ZSHI 20251130,"31131,58","31143,78","31143,78","422,1",26,Normal,Crítico,,"31143,78",No,0,Advertencia,"Los predictores del codigo ISO de limpieza estan en rango de advertencia.  Asistente, abre una OT tipo TR P3 con las siguientes recomendaciones   1.  Cambie los desfogues del tanque hidráulico.  2. Cambie los filtros del sistema (By pass, flujo pleno, piloto, drenaje y alta eficiencia)  Pedir el elemento filtrante STOCK: 483074 cant 6 se debe solicitar este filtro de flujo pleno.  ",,Alto conteo de partículas,6/01/2026 1:15:28 p. m.,jbenitez2,,,"75,57","8,21","29,06",,0,,2,21,"2,36",,27,"10,192",21,20,16,"1,66","0,76","2,16","5,83",0,,,,,30/11/2025,2025,11,EX3600
0060140 ZSHI,60140,Análisis flúido,4/11/2025,0060140 ZSHI 20251104,"30709,48","30721,68","30721,68","531,7",40,Normal,Crítico,,"30721,68",No,0,Advertencia,SE TOMARA UNA CONTRAMUESTRA PARA VERIFICAR TENDENCIA,,Alto conteo de partículas,6/01/2026 7:27:39 a. m.,jbenitez2,,,"74,15","6,12","144,45",,0,,2,21,"0,76",,28,"10,922",20,19,16,"0,51",0,"0,06","0,53","0,89",,,,,4/11/2025,2025,11,EX3600
0060140 ZSHI,60140,Análisis flúido,25/09/2025,0060140 ZSHI 20250925,"30177,78","30189,98","30189,98","517,6",37,Normal,Crítico,,"30189,98",No,0,Normal,"Todos los predictores permanecen dentro de los límites aceptables, continúe monitoreando de cerca.  ",,Ninguna falla identificada,1/10/2025 7:47:48 a. m.,jbenitez2,,,"85,92","33,22","156,56",,0,,3,21,"4,14",,28,"9,9",19,17,13,"1,51","1,54","4,11","9,33",0,,,,,25/09/2025,2025,09,EX3600
0060140 ZSHI,60140,Análisis flúido,19/08/2025,0060140 ZSHI 20250819,"29660,18","29672,38","29672,38","397,5",28,Normal,Crítico,,"29672,38",No,0,Advertencia,"    Asistente, tu soporte con la apertura de una OT tipo TR con P3 envertanarla el dia 3/9/2025 y la siguiente recomendación:      1.  Cambie los desfogues del tanque hidráulico.  2. Cambie los filtros del sistema (By pass, flujo pleno, piloto, drenaje y alta eficiencia)  ",,Ninguna falla identificada,25/08/2025 2:51:41 p. m.,jbenitez2,,,"84,31","35,5","109,02",,"0,39",,2,21,"3,05",,27,"10,167",22,20,16,"1,61","0,94","2,55","7,08",0,,,,,19/08/2025,2025,08,EX3600
0060140 ZSHI,60140,Análisis flúido,22/07/2025,0060140 ZSHI 20250722,"29262,68","29274,88","29274,88","495,9",38,Normal,Crítico,,"29274,88",No,0,Normal,"equipo proximo a entrar a pm se le cambiaran filtros y se tomara muestra , para verificar tendencias",,Ninguna falla identificada,28/07/2025 4:39:14 p. m.,jbenitez2,,,"63,18","18,18","91,86",,"0,41",,2,21,"2,48",,28,"10,184",18,16,12,"1,26","0,87","1,59","6,53","0,2",,,,,22/07/2025,2025,07,EX3600
0060140 ZSHI,60140,Análisis flúido,14/06/2025,0060140 ZSHI 20250614,"28766,78","28778,98","28778,98","570,9",38,Normal,Crítico,,"28778,98",No,0,Normal,"Todos los predictores permanecen dentro de los límites aceptables, continúe monitoreando de cerca.  ",,Ninguna falla identificada,16/06/2025 9:01:10 a. m.,jbenitez2,,,"71,03","33,49","105,04",,"0,77",,,,"4,01",,,"10,085",18,17,14,"1,85","1,38","2,09","9,2","0,02",,,,,14/06/2025,2025,06,EX3600
0060140 ZSHI,60140,Análisis flúido,7/05/2025,0060140 ZSHI 20250507,"28195,88","28208,08","28208,08","447,08",32,Normal,Crítico,,"28208,08",No,0,Advertencia,YA SE TIENE UNA ORDEN PARA CORREGIR OT 1457264,,Ninguna falla identificada,12/05/2025 2:39:59 p. m.,jbenitez2,,,"71,98","39,98","53,23",,0,,3,22,8,,28,"9,8",18,16,14,"4,09","3,57","2,46","17,99",0,,,,,7/05/2025,2025,05,EX3600
0060140 ZSHI,60140,Análisis flúido,5/04/2025,0060140 ZSHI 20250405,"27748,8",27761,27761,"457,1",27,Normal,Crítico,,27761,No,0,Advertencia,"Los predictores del codigo ISO de limpieza estan en rango de advertencia.    Asistente, abre una OT tipo TR P3 con las siguientes recomendaciones.    1.  Cambie los desfogues del tanque hidráulico.  2. Cambie los filtros del sistema (By pass, flujo pleno, piloto, drenaje y alta eficiencia)  ",,Ninguna falla identificada,28/04/2025 3:07:42 p. m.,jbenitez2,,,"53,38","4,31","80,22",,0,,2,21,"1,12",,28,"11,091",22,20,17,"0,06","0,1","0,37","0,27",0,,,,,5/04/2025,2025,04,EX3600
0060140 ZSHI,60140,Análisis flúido,9/03/2025,0060140 ZSHI 20250309,"27291,7","27303,9","27303,9","674,4",36,Normal,Crítico,,"27303,9",No,0,Normal,SE TENDRA EN BAJO MONITOREO,,Ninguna falla identificada,28/04/2025 2:49:22 p. m.,jbenitez2,,,"72,47","2,48","79,41",,0,,2,20,"0,93",,27,"11,2",20,17,15,"0,48","0,01","0,11","0,18","0,12",,,,,9/03/2025,2025,03,EX3600
0060140 ZSHI,60140,Análisis flúido,1/02/2025,0060140 ZSHI 20250201,"26617,3","26629,5","26629,5","1538,6",137,Normal,Crítico,,"26629,5",No,0,Normal,"Todos los predictores en rango normal, seguir monitoreando de cerca.",,Ninguna falla identificada,3/02/2025 3:39:20 p. m.,lrodriguez,,,"96,57","40,58","109,85",,"0,08",,,,"0,78",,,"10,894",20,19,12,"1,5","5,51","0,67","0,96","0,11",,,,,1/02/2025,2025,02,EX3600
0060140 ZSHI,60140,Análisis flúido,17/09/2024,0060140 ZSHI 20240917,"25078,7","25090,9","25090,9","414,7",27,Normal,Crítico,,"25090,9",No,0,Advertencia,"Los conteos de partículas son ligeramente elevados, sin embargo mínimos. Teniendo en cuenta que todos los otros predictores permanecen dentro de los límites aceptables, continúe monitoreando de cerca.  Particle counts are slightly elevated, However minimal. Considering all other predictors remain within acceptable limits, continue to monitor closely.  ",,Alto conteo de partículas,19/09/2024 8:35:41 p. m.,sysadmin,,,"69,97","141,6","232,72",,"2,8",,,,"5,92",,,"9,412",22,21,18,"2,35","6,1","0,71","5,65",0,,,,,17/09/2024,2024,09,EX3600
0060140 ZSHI,60140,Análisis flúido,21/08/2024,0060140 ZSHI 20240821,24664,"24676,2","24676,2","15,7",1,Normal,Crítico,,"24676,2",No,0,Advertencia,"Los conteos de partículas son ligeramente elevados, sin embargo mínimos. Teniendo en cuenta que todos los otros predictores permanecen dentro de los límites aceptables, continúe monitoreando de cerca.  Particle counts are slightly elevated, However minimal. Considering all other predictors remain within acceptable limits, continue to monitor closely.  ",,Alto conteo de partículas,25/08/2024 10:06:38 p. m.,sysadmin,,,"69,15","146,18","174,98",,0,,,,"6,15",,,,24,22,19,"1,86","5,8","0,7","3,87",0,,,,,21/08/2024,2024,08,EX3600
0060140 ZSHI,60140,Análisis flúido,20/08/2024,0060140 ZSHI 20240820,"24648,3","24660,5","24660,5","677,5",49,Normal,Advertencia,,"24660,5",No,0,Advertencia,"Los conteos de partículas son ligeramente elevados, sin embargo mínimos. Teniendo en cuenta que todos los otros predictores permanecen dentro de los límites aceptables, continúe monitoreando de cerca.  Particle counts are slightly elevated, However minimal. Considering all other predictors remain within acceptable limits, continue to monitor closely.  ",,Alto conteo de partículas,25/08/2024 10:06:29 p. m.,sysadmin,,,"51,97","160,05","152,86",,"0,58",,,,"3,84",,,"9,63",22,18,12,"1,61","5,41","0,58","3,47",0,,,,,20/08/2024,2024,08,EX3600
0060140 ZSHI,60140,Análisis flúido,2/07/2024,0060140 ZSHI 20240702,"23970,8",23983,23983,"835,8",60,Normal,Crítico,,23983,No,0,Advertencia,"El predictor de viscocidad se encuentra en critico.    Asistente, abrir una OT tipo TRAKKA P1 con las siguientes intrucciones:    Tomar contramuestra y mandar a medir oxidacion para corroborar tendencia.    Gracias.",,Deterioro de la condición del fluido,13/07/2024 10:38:50 a. m.,lrodriguez,,,"62,05","344,8","293,38",,0,,,,"5,76",,,"13,847",18,16,12,"2,52","4,06","0,8","3,99","0,18",,,,,2/07/2024,2024,07,EX3600
0060140 ZSHI,60140,Análisis flúido,3/05/2024,0060140 ZSHI 20240503,23135,"23147,2","23147,2",241,16,Normal,Normal,,"23147,2",No,0,Normal,Equipo en PM actualmente con cambio de aceite hidraulico mas filtros programado. Hacer seguimiento.,,Ninguna falla identificada,9/05/2024 10:46:20 a. m.,fpertuz,,,"39,25","350,78","319,76",,0,,,,"1,61",,,"8,5",20,19,15,"0,16","0,01","0,18","1,41","0,35",,,,,3/05/2024,2024,05,EX3600
0060140 ZSHI,60140,Análisis flúido,17/04/2024,0060140 ZSHI 20240417,22894,"22906,2","22906,2","405,3",27,Normal,Crítico,,"22906,2",No,0,Advertencia,"Los predictores del aluminio, silicio y hierro están en rangos de advertencia.","Asistente, abre una OT tipo TR P2 con las siguientes instrucciones.    1.  Inspeccione fuentes de desgaste anormal, revise alarmas de contaminación del equipo y tiempos de ciclo por movimiento, medición de parámetros de componentes hidráulicos.  2. Verifique las presiones de drenaje de todos los componentes del sistema (Bombas y motores)  3. Inspeccione condiciones en los motores hidraulicos de enfriamiento de refrigerante e hidraulico, tome las temperaturas de cada motor por separado.  4. Cambie los desfogues del tanque hidráulico.  5. Cambie los filtros del sistema (By pass, flujo pleno, piloto, drenaje y alta eficiencia)  6. Corte el filtro de drenaje y verifique presencia de particulas metalicas.  ",Entrada de polvo,28/04/2024 10:18:12 p. m.,lrodriguez,Acción: Investigar la fuente del desgaste anormal. (Prioridad: 2 - Acción dentro de las dos Paradas Programadas (Máxi)  Situación: Completed  Realización de Notas en 2024-07-22 08:46:55 por etorres4:      ,,"76,31","331,06","332,71",,0,,,,"10,64",,,"8,55",20,19,13,"6,01","2,72","1,61","7,26",0,,,,,17/04/2024,2024,04,EX3600
0060140 ZSHI,60140,Análisis flúido,21/03/2024,0060140 ZSHI 20240321,"22488,7","22500,9","22500,9","652,13",40,Normal,Crítico,,"22500,9",No,0,Normal,Equipo en PM actualmente con cambio de aceite hidraulico mas filtros programado. Hacer seguimiento.,,Ninguna falla identificada,15/04/2024 12:10:27 a. m.,lrodriguez,,,"57,86","410,85","251,25",,"0,26",,,,"11,07",,,"8,55",20,18,15,"4,37","2,83","1,02","6,65",0,,,,,21/03/2024,2024,03,EX3600
0060140 ZSHI,60140,Análisis flúido,10/02/2024,0060140 ZSHI 20240210,"21836,57","21848,77","21848,77",104,8,Normal,Normal,,"21848,77",No,0,Normal,"Todos los predictores permanecen dentro de los límites aceptables, continúe monitoreando de cerca.  ",,Ninguna falla identificada,13/02/2024 6:41:13 a. m.,sysadmin,,,"72,53","401,23","272,89",,0,,,,"6,88",,,"8,5",23,21,17,"2,54","2,54","0,51","4,58",0,,,,,10/02/2024,2024,02,EX3600
0060140 ZSHI,60140,Análisis flúido,2/02/2024,0060140 ZSHI 20240202,"21732,57","21744,77","21744,77","345,7",26,Normal,Normal,,"21744,77",No,0,Normal,"Predictores en control, puede seguir operando con normalidad.",,Ninguna falla identificada,6/02/2024 3:40:34 p. m.,fpertuz,,,"37,4","341,75","311,19",,0,,,,"2,1",,,"8,65",20,18,14,"0,06","0,02",0,0,"0,01",,,,,2/02/2024,2024,02,EX3600
0060140 ZSHI,60140,Análisis flúido,7/01/2024,0060140 ZSHI 20240107,"21386,87","21399,07","21399,07","117,4",8,Normal,Advertencia,,"21399,07",No,0,Advertencia,"el predictor de silicio, aluminio y hierro se encuentra en advertencia","    1. Inspeccionar fuentes de desgaste anormal, revise alarmas de contaminación del equipo y tiempos de ciclo por movimiento, medición de parámetros de componentes hidráulicos  2. Verifique las presiones de drenaje de todos los componentes del sistema (Bombas y motores).  3. Programar el cambio de toda la filtración: By pass, flujo pleno, drenaje y alta eficiencia  4. Cambie los desfogues del tanque hidráulico.  5. Tomar muestra de aceite hco.  ",Ninguna falla identificada,11/01/2024 9:30:20 a. m.,fpertuz,,,"92,98","399,99","335,94",,0,,,,"9,61",,,"8,65",20,18,14,"4,19","4,05","0,76","7,73","1,98",,,,,7/01/2024,2024,01,EX3600
0060140 ZSHI,60140,Análisis flúido,30/12/2023,0060140 ZSHI 20231230,"21269,47","21281,67","21281,67","401,9",24,Normal,Advertencia,,"21281,67",No,0,Advertencia,el predictor silicio en advertencia ,"    1. Inspeccionar fuentes de desgaste anormal, revise alarmas de contaminación del equipo y tiempos de ciclo por movimiento, medición de parámetros de componentes hidráulicos  2. Verifique las presiones de drenaje de todos los componentes del sistema (Bombas y motores).  3. Programar el cambio de toda la filtración: By pass, flujo pleno, drenaje y alta eficiencia  4. Cambie los desfogues del tanque hidráulico.  5. Tomar muestra de aceite hco.  ",Ninguna falla identificada,5/01/2024 8:42:02 a. m.,fpertuz,,,"75,69","417,33","274,33",,"0,16",,,,"8,23",,,,22,20,14,"3,39","3,59","0,57","5,61","0,23",,,,,30/12/2023,2023,12,EX3600
0060140 ZSHI,60140,Análisis flúido,6/12/2023,0060140 ZSHI 20231206,"20867,57","20879,77","20879,77","312,6",21,Normal,Crítico,,"20879,77",No,0,Crítico,el predictor del silicio mientras que el hierro esta en advertencia ,"    1. Inspeccionar fuentes de desgaste anormal, revise alarmas de contaminación del equipo y tiempos de ciclo por movimiento, medición de parámetros de componentes hidráulicos  2. Verifique las presiones de drenaje de todos los componentes del sistema (Bombas y motores).  3. Programar el cambio de toda la filtración: By pass, flujo pleno, drenaje y alta eficiencia  4. Cambie los desfogues del tanque hidráulico.  5. Tomar muestra de aceite hco.  ",Ninguna falla identificada,14/12/2023 3:28:10 p. m.,fpertuz,,,"93,85","454,67","274,13",,"0,66",,3,3,"15,55",,12,"8,79",26,25,20,"3,85","4,29","0,45","8,54",0,,,,,6/12/2023,2023,12,EX3600
0060140 ZSHI,60140,Análisis flúido,15/11/2023,0060140 ZSHI 20231115,"20554,97","20567,17","20567,17","229,4",16,Normal,Advertencia,,"20567,17",No,0,Advertencia,Los predictores de hierro  en advertencia.  ,"Los predictores de hierro  en advertencia.    1. Inspeccionar fuentes de desgaste anormal, revise alarmas de contaminación del equipo y tiempos de ciclo por movimiento, medición de parámetros de componentes hidráulicos  2. Verifique las presiones de drenaje de todos los componentes del sistema (Bombas y motores).  3. Programar el cambio de toda la filtración: By pass, flujo pleno, drenaje y alta eficiencia  4. Cambie los desfogues del tanque hidráulico.  5. Tomar muestra de aceite hco.  ",Ninguna falla identificada,21/11/2023 1:17:08 p. m.,fpertuz,,,"110,23","402,73","329,97",,0,,,,"8,07",,,,18,17,12,"2,94","3,99","0,48","7,21","0,86",,,,,15/11/2023,2023,11,EX3600
0060140 ZSHI,60140,Análisis flúido,30/10/2023,0060140 ZSHI 20231030,"20325,57","20337,77","20337,77","169,8",12,Normal,Normal,,"20337,77",No,0,Normal,"Predictores en control, puede seguir operando con normalidad.","Predictores en control, puede seguir operando con normalidad.",Ninguna falla identificada,11/11/2023 4:47:44 p. m.,fpertuz,,,"86,77","374,44","327,42",,0,,,,"5,34",,,"8,76",20,19,16,"0,17","2,17","0,22","3,67",0,,,,,30/10/2023,2023,10,EX3600
0060140 ZSHI,60140,Análisis flúido,18/10/2023,0060140 ZSHI 20231018,"20155,77","20167,97","20167,97","446,1",30,Normal,Advertencia,,"20167,97",No,0,Normal,Los recuentos de ISO elevados y el silicio elevado en esta muestra parecen afectados por un muestreo inadecuado. Las tasas de desgaste metalúrgico son aceptables. Continúe construyendo una tendencia operativa confiable tomando muestras en el siguiente intervalo de servicio regular programado y cada vez que se cambie el fluido.  The elevated ISO counts and elevated Silicon in this sample appear affected by improper sampling. Metallurgical wear rates are acceptable. Continue to build a reliable operating trend by sampling at the next regular scheduled service interval and any time the fluid is changed.   ,,Ninguna falla identificada,11/11/2023 4:34:13 p. m.,fpertuz,,,"109,94","355,86","328,76",,0,,,,"7,85",,,"8,5",24,23,20,"1,16","2,97","0,51","4,88",0,,,,,18/10/2023,2023,10,EX3600
0060140 ZSHI,60140,Análisis flúido,18/09/2023,0060140 ZSHI 20230918,"19709,67","19721,87","19721,87","555,3",53,Normal,Normal,,"19721,87",No,0,Normal,"Todos los predictores permanecen dentro de los límites aceptables, continúe monitoreando de cerca.  ",,Ninguna falla identificada,21/09/2023 7:52:36 a. m.,sysadmin,,,"87,05","360,91","338,53",,0,,,,"3,81",,,"8,83",20,18,14,"0,55","1,12","0,38","2,87","0,44",,,,,18/09/2023,2023,09,EX3600
0060140 ZSHI,60140,Análisis flúido,27/07/2023,0060140 ZSHI 20230727,"19154,37","19166,57","19166,57","545,2",34,Normal,Normal,,"19166,57",No,0,Normal,predictores dentro de rango normal ,predictores dentro de rango normal ,Ninguna falla identificada,31/07/2023 11:32:55 a. m.,fpertuz,,,"35,61","385,64","178,25",,"0,19",,,,"2,26",,,"8,4",22,20,17,"0,26","0,14",0,"0,09","0,13",,,,,27/07/2023,2023,07,EX3600
0060140 ZSHI,60140,Análisis flúido,23/06/2023,0060140 ZSHI 20230623,"18609,17","18621,37","18621,37","545,1",38,Normal,Crítico,,"18621,37",No,0,Crítico,Los predictores de silicio en crítico.,"Los predictores de silicio en crítico.    1. Inspeccionar fuentes de desgaste anormal, revise alarmas de contaminación del equipo y tiempos de ciclo por movimiento, medición de parámetros de componentes hidráulicos  2. Verifique las presiones de drenaje de todos los componentes del sistema (Bombas y motores).  3. Programar el cambio de toda la filtración: By pass, flujo pleno, drenaje y alta eficiencia  4. Cambie los desfogues del tanque hidráulico.  5. Tomar muestra de aceite hco.  ",Desgaste de los frenos,28/06/2023 4:38:07 p. m.,fpertuz,,,"46,76","332,63","280,39",,"0,26",,,,"10,23",,,"9,1",24,23,19,"2,82","2,58","1,39","9,37","0,13",,,,,23/06/2023,2023,06,EX3600
0060140 ZSHI,60140,Análisis flúido,16/05/2023,0060140 ZSHI 20230516,"18064,07","18076,27","18076,27","917,6",63,Crítico,Advertencia,,"18076,27",No,0,Advertencia,Predictor de silicio y hierro en advertencia. Pendiente cambio de filtracion hidrualica. En seguimiento motores de giro por contaminación. ,,Ninguna falla identificada,8/06/2023 4:19:03 p. m.,fpertuz,,,"68,5","326,89","330,47",,0,,4,3,"8,17",,17,"8,83",24,22,16,"2,38","2,33","1,52","8,55","0,32",,,,,16/05/2023,2023,05,EX3600
0060140 ZSHI,60140,Análisis flúido,14/03/2023,0060140 ZSHI 20230314,"17146,47","17158,67","17158,67","671,4",41,Advertencia,Normal,,"17158,67",No,0,Normal,Predictores se encuentran en rango.,,Ninguna falla identificada,10/04/2023 3:05:19 p. m.,fpertuz,,,"37,73","322,53","288,49",,0,,,,"1,2",,,"8,71",20,18,14,0,"0,22","0,12",0,"0,1",,,,,14/03/2023,2023,03,EX3600
0060140 ZSHI,60140,Análisis flúido,1/02/2023,0060140 ZSHI 20230201,"16475,07","16487,27","16487,27","787,6",50,Crítico,Crítico,,"16487,27",No,0,Advertencia,  El predictor de silicio en advertencia y hierro en crítico.   ,"1. Inspeccionar fuentes de desgaste anormal, revise alarmas de contaminación del equipo y tiempos de ciclo por movimiento, medición de parámetros de componentes hidráulicos.  2. Verifique las presiones de drenaje de todos los componentes del sistema (Bombas y motores).  3. Programar el cambio de toda la filtración y toma de contra-muestra de aceite.  4. Cambie los desfogues del tanque hidráulico.  5. Cambie los filtros del sistema (By pass, drenaje, flujo pleno y alta eficiencia)  ",Altos metales de desgaste,7/02/2023 4:41:01 p. m.,fpertuz,"Acción: Cambiar los filtros (Prioridad: 3 - Acción en el siguiente Servicio (Máximo 21 días))  Situación: Closed  Realización de Notas en 2023-11-30 14:48:35 por imoreno1:    Cierre de notas en 2024-03-15 16:03:30 por etorres4:  Se Cierra Orden completada ,ante la mejoria en la salud del componente    Acción: Inspeccionar las fuentes de entrada de la suciedad (Prioridad: 3 - Acción en el siguiente Servicio (Máximo 21 días))  Situación: Closed  Realización de Notas en 2023-11-30 14:48:35 por imoreno1:    Cierre de notas en 2024-03-15 16:03:30 por etorres4:  Se Cierra Orden completada ,ante la mejoria en la salud del componente    Acción: Tomar muestra de aceite (Prioridad: 3 - Acción en el siguiente Servicio (Máximo 21 días))  Situación: Closed  Realización de Notas en 2023-11-30 14:48:35 por imoreno1:    Cierre de notas en 2024-03-15 16:03:30 por etorres4:  Se Cierra Orden completada ,ante la mejoria en la salud del componente    ",,"111,59","346,03","312,13",,0,,,,"7,4",,,"8,991",21,20,16,"3,22","3,4","1,73","10,8","0,42",,,,,1/02/2023,2023,02,EX3600
0060140 ZSHI,60140,Análisis flúido,13/12/2022,0060140 ZSHI 20221213,"15687,47","15699,67","15699,67","824,8",66,Advertencia,Crítico,,"15699,67",No,0,Advertencia,El predictor de hierro se encuentra en critico. ,"1. Inspeccionar fuentes de desgaste anormal, revise alarmas de contaminación del equipo y tiempos de ciclo por movimiento, medición de parámetros de componentes hidráulicos.  2. Verifique las presiones de drenaje de todos los componentes del sistema (Bombas y motores).  3. Programar el cambio de toda la filtración y toma de contra-muestra de aceite.  4. Cambie los desfogues del tanque hidráulico.  5. Cambie los filtros del sistema (By pass, drenaje, flujo pleno y alta eficiencia)  ",Ninguna falla identificada,29/12/2022 10:01:55 a. m.,fpertuz,"Acción: Cambiar los filtros (Prioridad: 3 - Acción en el siguiente Servicio (Máximo 21 días))  Situación: Closed  Realización de Notas en 2023-01-14 17:14:24 por cerrejon_web_service:    Cierre de notas en 2024-03-15 11:20:46 por etorres4:  Se Cierra Orden completada ,ante la mejoria en la salud del componente    Acción: Tomar muestra de aceite (Prioridad: 3 - Acción en el siguiente Servicio (Máximo 21 días))  Situación: Closed  Realización de Notas en 2023-01-14 17:14:24 por cerrejon_web_service:    Cierre de notas en 2024-03-15 11:20:46 por etorres4:  Se Cierra Orden completada ,ante la mejoria en la salud del componente    ",,"57,02","300,77","258,5",,"0,6",,,,"6,99",,,"8,97",19,17,12,"2,19","4,1","1,82","11,95","0,13",,,,,13/12/2022,2022,12,EX3600
0060140 ZSHI,60140,Análisis flúido,8/10/2022,0060140 ZSHI 20221008,"14874,87","14874,87","14874,87","819,3",74,Advertencia,Advertencia,,"14874,87",No,0,Normal,Mantendremos seguimiento y manejaremos con cambio de filtracion.,,Ninguna falla identificada,10/10/2022 10:37:04 a. m.,fpertuz,,,"31,34","324,37","259,49",,0,,,,"4,12",,,"8,97",17,15,11,"1,67","3,23","0,7",8,0,,,,,8/10/2022,2022,10,EX3600
0060140 ZSHI,60140,Análisis flúido,26/07/2022,0060140 ZSHI 20220726,"14055,57","14055,57","14055,57","456,91",33,Advertencia,Advertencia,,"14055,57",No,0,Advertencia,Mantendremos seguimiento y manejaremos con cambio de filtracion.,,Alto conteo de partículas,1/08/2022 3:24:27 p. m.,fpertuz,,,"34,02","316,56","265,21",,0,,,,"4,64",,,"8,76",20,19,16,"1,46","3,57","0,5","6,83",0,,,,,26/07/2022,2022,07,EX3600
0060140 ZSHI,60140,Análisis flúido,23/06/2022,0060140 ZSHI 20220623,"13598,66","13598,66","13598,66","84,98",6,Advertencia,Advertencia,,"13598,66",No,0,Advertencia,  Los predictores del hierro esta en rango de advertencia  ,"1. Inspeccione fuentes de desgaste anormal, revise alarmas de contaminación del equipo y tiempos de ciclo por movimiento, medición de parámetros de componentes hidráulicos  2. Verifique las presiones de drenaje de todos los componentes del sistema (Bombas y motores)  3. Programar el cambio de toda la filtración y toma de contramuestra de aceite de 1 LT para entregar a Primax.3  4. Cambie los filtros del sistema (By pass, flujo pleno y alta eficiencia)  ",Altos metales de desgaste,27/06/2022 11:28:45 p. m.,fpertuz,"Acción: Cambiar los filtros (Prioridad: 3 - Acción en el siguiente Servicio (Máximo 21 días))  Situación: Closed  Realización de Notas en 2022-09-30 11:48:28 por cerrejon_web_service:    Cierre de notas en 2024-03-15 09:44:29 por etorres4:  Se Cierra Orden completada ,ante la mejoria en la salud del componente    Acción: Investigar la fuente del desgaste anormal. (Prioridad: 3 - Acción en el siguiente Servicio (Máximo 21 días))  Situación: Closed  Realización de Notas en 2022-09-30 11:48:29 por cerrejon_web_service:    Cierre de notas en 2024-03-15 09:44:29 por etorres4:  Se Cierra Orden completada ,ante la mejoria en la salud del componente    ",,"40,25","326,35","280,97",,0,,,,"4,09",,,"8,69",19,17,14,"0,88","4,4","0,63","6,74",0,,,,,23/06/2022,2022,06,EX3600
0060140 ZSHI,60140,Análisis flúido,17/06/2022,0060140 ZSHI 20220617,"13513,68","13513,68","13513,68","559,6",40,Advertencia,Advertencia,,"13513,68",No,0,Normal,"Seguimiento a incremento de partuclas de Fe en siguiente contramuestra, el ISO se mantienen estable",,Ninguna falla identificada,20/06/2022 2:21:26 p. m.,fpertuz,,,"38,84","329,13","276,08",,0,,,,"3,95",,,"8,73",17,16,12,"1,27","3,99","0,63","6,33","0,03",,,,,17/06/2022,2022,06,EX3600
0060140 ZSHI,60140,Análisis flúido,8/05/2022,0060140 ZSHI 20220508,"12954,08","12954,08","12954,08","494,99",34,Crítico,Normal,,"12954,08",No,0,Normal,"Componente en buenas condiciones, puede operar con normalidad.",,Ninguna falla identificada,13/05/2022 7:29:02 a. m.,fpertuz,,,"42,92","323,12","256,79",,0,,,,"3,71",,,"8,74",23,22,18,"1,53","4,26","0,47","3,78","0,26",,,,,8/05/2022,2022,05,EX3600
0060140 ZSHI,60140,Análisis flúido,4/04/2022,0060140 ZSHI 20220404,"12459,09","12459,09","12459,09","398,2",24,Advertencia,Advertencia,,"12459,09",No,0,Advertencia,"Combinación de aceites, mantendremos seguimiento a las muestras y mantendremos cambio de filtración bajo rutina convencional de Seis.",,Transferencia de fluido,11/04/2022 12:20:59 a. m.,fpertuz,,,"55,25","242,17","270,85",,0,,,,"6,22",,,"8,633",20,18,14,2,"9,81","0,63",6,0,,,,,4/04/2022,2022,04,EX3600
0060140 ZSHI,60140,Análisis flúido,11/03/2022,0060140 ZSHI 20220311,"12060,89","12060,89","12060,89","527,78",31,Crítico,Advertencia,,"12060,89",No,0,Advertencia,"Combinación de aceites, mantendremos seguimiento a las muestras y mantendremos cambio de filtración bajo rutina convencional de Seis.",,Deterioro de la condición del fluido,14/03/2022 8:45:54 a. m.,fpertuz,,,"61,75",271,"253,95",,0,,,,"4,33",,,"8,682",22,20,17,"1,6","10,28","0,38",6,"0,41",,,,,11/03/2022,2022,03,EX3600
0060140 ZSHI,60140,Análisis flúido,8/02/2022,0060140 ZSHI 20220208,"11533,11","11533,11","11533,11","1186,17",85,Crítico,Advertencia,,"11533,11",No,0,Normal,"Los predictores metalicos estan en rangos de operacion, mantendremos seguimiento al cambiod e los aceites en la rutina.",,Ninguna falla identificada,13/02/2022 11:02:30 p. m.,fpertuz,,,"73,19","237,92","241,09",,0,,,,"2,23",,,"8,521",20,19,16,"0,6","8,69","0,21",4,"0,41",,,,,8/02/2022,2022,02,EX3600
0060140 ZSHI,60140,Análisis flúido,15/11/2021,0060140 ZSHI 20211115,"10346,94","10346,94","10346,94","555,65",38,Advertencia,Normal,,"10346,94",No,0,Normal,"Los predictores metalicos estan en rangos de operacion, seguimiento a la siguiente muestra",,Ninguna falla identificada,20/11/2021 5:21:27 p. m.,fpertuz,,,"36,62","363,01","221,58",,0,,,,"0,03",,,"9,028",,,,0,"0,09",0,0,0,,,,,15/11/2021,2021,11,EX3600
0060140 ZSHI,60140,Análisis flúido,8/10/2021,0060140 ZSHI 20211008,"9791,29","9791,29","9791,29","219,29",13,Advertencia,Crítico,,"9791,29",No,0,Advertencia,Ya tiene una OT asociada a la proxima parada programada,,Alto conteo de partículas,11/10/2021 4:09:15 p. m.,fpertuz,,,"2,13","122,23","201,8",,"0,31",,,,"0,35",,,"8,521",20,19,15,"0,36","18,23","0,05",4,"0,25",,,,,8/10/2021,2021,10,EX3600
0060140 ZSHI,60140,Análisis flúido,25/09/2021,0060140 ZSHI 20210925,9572,9572,9572,"266,83",17,Advertencia,Crítico,,9572,No,0,Advertencia,Los predictores de cobre está en rango crítico.,"1. Cambiar los filtros del sistema hidráulico de flujo pleno, by pass y alta eficiencia  2. Tome una muestra de aceite de 1LT y entréguela en laboratorio de tribología de Cerrejon para que Primax analice los resultados.  ",Alto conteo de partículas,27/09/2021 7:54:02 p. m.,fpertuz,"Acción: Cambiar los filtros (Prioridad: 3 - Acción en el siguiente Servicio (Máximo 21 días))  Situación: Closed  Realización de Notas en 2021-11-15 10:47:50 por cerrejon_web_service:  A.  Qu% encontr% al hacer el diagn%stico de la falla? (Parte, Modo)  SISTEMA HIDRAULICO (TRAKKA)  B.  Qu% trabajo se realiz%?  SISTEMA HIDRAULICO (TRAKKA)  C.  Cu%l fue la causa oposible causa de la falla? PARADA PROGRAMADA  D.  Qu% desvi    Cierre de notas en 2024-03-15 09:44:20 por etorres4:  Se Cierra Orden completada ,ante la mejoria en la salud del componente    ",,0,"134,45","223,87",,0,,,,"0,21",,,"8,431",20,18,13,"0,24","19,06","0,07",4,0,,,,,25/09/2021,2021,09,EX3600
0060140 ZSHI,60140,Análisis flúido,8/09/2021,0060140 ZSHI 20210908,"9305,17","9305,17","9305,17","218,04",18,Advertencia,Crítico,,"9305,17",No,0,Advertencia,Los predictores de cobre está en rango crítico.,"1. Cambiar los filtros del sistema hidráulico de flujo pleno, by pass y alta eficiencia  2. Tome una muestra de aceite de 1LT y entréguela en laboratorio de tribología de Cerrejon para que Primax analice los resultados.  ",Alto conteo de partículas,13/09/2021 12:31:26 a. m.,fpertuz,"Acción: Cambiar los filtros (Prioridad: 3 - Acción en el siguiente Servicio (Máximo 21 días))  Situación: Closed  Realización de Notas en 2021-09-29 12:07:54 por cerrejon_web_service:  A.  Qu% encontr% al hacer el diagn%stico de la falla? (Parte, Modo)  134 Transmision Giro Frontal LH(TRAKKA)  B.  Qu% trabajo se realiz%?  134 Transmision Giro Frontal LH(TRAKKA)C.  Cu%l fue la causa o posible causa de la falla? PARADA P    Cierre de notas en 2024-03-15 09:44:21 por etorres4:  Se Cierra Orden completada ,ante la mejoria en la salud del componente    ",,"0,84","131,88","203,72",,0,,,,"0,35",,,"8,458",18,16,12,"0,18","18,79",0,3,0,,,,,8/09/2021,2021,09,EX3600
0060140 ZSHI,60140,Análisis flúido,21/08/2021,0060140 ZSHI 20210821,"9087,13","9087,13","9087,13","104,28",8,Advertencia,Crítico,,"9087,13",No,0,Advertencia,"Monitoreo a la siguiente muestra, se tomaron acciones despues de la toma de esta muestra en que se ejecuto el PM",,Ninguna falla identificada,22/08/2021 11:35:14 p. m.,fpertuz,,,0,"142,1","338,91",,"0,43",,,,0,,,"8,541",22,20,16,0,"21,39","0,08",5,"0,22",,,,,21/08/2021,2021,08,EX3600
0060140 ZSHI,60140,Análisis flúido,13/08/2021,0060140 ZSHI 20210813,"8982,85","8982,85","8982,85","382,82",28,Advertencia,Crítico,,"8982,85",No,0,Advertencia,Los predictores de cobre está en rango crítico.,"1. Cambiar los filtros del sistema hidráulico de flujo pleno, by pass y alta eficiencia  2. Tome una muestra de aceite de 1LT y entréguela en laboratorio de tribología de Cerrejon para que Primax analice los resultados.  ",Alto conteo de partículas,16/08/2021 11:33:57 p. m.,fpertuz,Acción: Cambiar los filtros (Prioridad: 3 - Acción en el siguiente Servicio (Máximo 21 días))  Situación: Closed  Realización de Notas en 2021-09-13 00:41:49 por fpertuz:    Cierre de notas en 2021-09-13 00:41:49 por fpertuz:  Se ejecuto en el seis    Acción: Investigar la fuente del desgaste anormal. (Prioridad: 3 - Acción en el siguiente Servicio (Máximo 21 días))  Situación: Closed  Realización de Notas en 2021-09-13 00:41:49 por fpertuz:    Cierre de notas en 2021-09-13 00:41:49 por fpertuz:  Se ejecuto en el seis    ,,"0,89","142,27","213,9",,0,,,,"0,29",,,"8,494",20,19,16,"0,22","19,36","0,03",4,"0,12",,,,,13/08/2021,2021,08,EX3600
0060140 ZSHI,60140,Análisis flúido,16/07/2021,0060140 ZSHI 20210716,"8600,03","8600,03","8600,03","576,45",34,Advertencia,Crítico,,"8600,03",No,0,Advertencia,Los predictores de cobre está en rango crítico.,"  1. Cambiar los filtros del sistema hidráulico de flujo pleno, by pass y alta eficiencia  2. Tome una muestra de aceite de 1LT y entréguela en laboratorio de tribología de Cerrejon para que Primax analice los resultados.  ",Alto conteo de partículas,19/07/2021 3:11:34 p. m.,fpertuz,"Acción: Cambiar los filtros (Prioridad: 3 - Acción en el siguiente Servicio (Máximo 21 días))  Situación: Closed  Realización de Notas en 2021-07-30 12:16:10 por cerrejon_web_service:  A.  Qu% encontr% al hacer el diagn%stico de la falla? (Parte, Modo)  SISTEMA HIDRAULICO (TRAKKA)  B.  Qu% trabajo se realiz%?  SISTEMA HIDRAULICO (TRAKKA)  C.  Cu%l fue la causa oposible causa de la falla?  SISTEMA HIDRAULICO (TRAKKA)  D.    Cierre de notas en 2024-03-15 09:44:18 por etorres4:  Se Cierra Orden completada ,ante la mejoria en la salud del componente    ",,"0,26","133,17","259,85",,"0,47",,,,"0,36",,,"8,471",19,17,14,"0,48","21,01",0,4,0,,,,,16/07/2021,2021,07,EX3600
0060140 ZSHI,60140,Análisis flúido,12/06/2021,0060140 ZSHI 20210612,"8023,58","8023,58","8023,58","713,06",51,Advertencia,Crítico,,"8023,58",No,0,Crítico,Los predictores de cobre está en rango critico.,"1. Cambiar los filtros del sistema hidráulico de flujo pleno, by pass y alta eficiencia  2. Tome una muestra de aceite de 1LT y entréguela en laboratorio de tribología de Cerrejon para que Primax analice los resultados.  ",Alto conteo de partículas,18/06/2021 4:13:56 p. m.,fpertuz,"Acción: Cambiar los filtros (Prioridad: 2 - Acción dentro de las dos Paradas Programadas (Máxi)  Situación: Closed  Realización de Notas en 2021-07-13 12:17:50 por cerrejon_web_service:  EJECUTADO DURANTE SEIS EL 09-07-2021    Cierre de notas en 2024-03-15 09:44:19 por etorres4:  Se Cierra Orden completada ,ante la mejoria en la salud del componente    ",,"1,38","146,49","265,19",,0,,,,"0,49",,,"8,47",20,19,16,"0,29","19,41",0,3,"0,12",,,,,12/06/2021,2021,06,EX3600
0060140 ZSHI,60140,Análisis flúido,22/04/2021,0060140 ZSHI 20210422,"7310,52","7310,52","7310,52","279,3",18,Advertencia,Crítico,,"7310,52",No,0,Crítico,Los predictores de cobre esta en rango critico.,"1. Cambiar los filtros del sistema hidráulico de flujo pleno, by pass y alta eficiencia  2. Tome una muestra de aceite de 1LT y entréguela en laboratorio de tribología de Cerrejon para que Primax analice los resultados.  ",Alto conteo de partículas,27/04/2021 8:36:04 p. m.,fpertuz,"Acción: Cambiar los filtros (Prioridad: 3 - Acción en el siguiente Servicio (Máximo 21 días))  Situación: Closed  Realización de Notas en 2021-06-09 12:14:20 por cerrejon_web_service:  SE EJECUTA DURANTE SEIS DE 250 HRS EL DIA 07 DE JUNIO DEL 2021 POR ALEX ROJANO    Cierre de notas en 2021-06-15 17:08:07 por fpertuz:  Se cambiaron los filtros del sistema, seguimiento a la muestra.    ",,"0,28","155,69","192,74",,0,,3,4,"0,79",,12,"8,49",20,19,15,"0,05","19,7","0,08",2,"0,37",,,,,22/04/2021,2021,04,EX3600
0060140 ZSHI,60140,Análisis flúido,4/04/2021,0060140 ZSHI 20210404,"7031,22","7031,22","7031,22","562,22",33,Advertencia,Crítico,,"7031,22",No,0,Crítico,El predictor de cobre esta en rangos criticos.,"1.	Drenar aceite  2.	Suministrar 20 gls y efectuar enjuague cangureando la máquina y haciendo el movimiento de traslación 5 minutos  3.	Repetir el paso dos  4.	Completar nivel del componente  5.	Hacer movimiento del mando 5 minutos  6.	Tomar muestra de aceite, marcar el frasco con la fecha, marcar el frasco el componente y entregar al técnico líder de confiabilidad en turno (Julio o Harold) para que lo entregue en tribología.  ",Alto conteo de partículas,6/04/2021 4:55:44 p. m.,fpertuz,"Acción: Drenar el Aceite, Limpiar a fondo, Rellenar Aceite (Prioridad: 2 - Acción dentro de las dos Paradas Programadas (Máxi)  Situación: Rejected  Notas de rechazo encendido 2021-05-02 18:54:23 por fpertuz:  Duplicada    Acción: Cambiar aceite (Prioridad: 2 - Acción dentro de las dos Paradas Programadas (Máxi)  Situación: Rejected  Notas de rechazo encendido 2021-05-02 18:54:23 por fpertuz:  Duplicada    ",,"3,64","175,59","225,79",,"0,08",,,,"0,6",,,"8,428",20,18,14,"0,1","19,06",0,2,0,,,,,4/04/2021,2021,04,EX3600
0060140 ZSHI,60140,Análisis flúido,2/03/2021,0060140 ZSHI 20210302,6469,6469,6469,"547,86",31,Advertencia,Crítico,,6469,No,0,Normal,Ya tiene una OT abierta para el predictor asociado previamente,,Ninguna falla identificada,7/03/2021 9:02:00 p. m.,fpertuz,,,"0,6","186,2","160,6",,0,,,,"0,8",,,"8,846",22,20,16,0,"15,3",0,2,0,,,,,2/03/2021,2021,03,EX3600
0060140 ZSHI,60140,Análisis flúido,30/01/2021,0060140 ZSHI 20210130,"5921,14","5921,14","5921,14","545,72",35,Advertencia,Crítico,,"5921,14",No,0,Crítico,Los predictores de cobre esta en rango critico,"1. Cambiar los filtros del sistema hidráulico de flujo pleno, by pass y alta eficiencia  2. Tome una muestra de aceite de 1LT y entréguela en laboratorio de tribología de Cerrejon para que Primax analice los resultados.  ",Alto conteo de partículas,3/02/2021 8:33:40 p. m.,fpertuz,"Acción: Cambiar los filtros (Prioridad: 2 - Acción dentro de las dos Paradas Programadas (Máxi)  Situación: Closed  Realización de Notas en 2021-02-10 13:04:09 por cerrejon_web_service:  A. Qu% encontr% al hacer el diagn%stico de la falla? (Parte, Modo) SISTEMA HIDRAULICO (TRAKKA) B. Qu% trabajo se realiz%? SISTEMA HIDRAULICO (TRAKKA) C. Cu%l fue la causa oposible causa de la falla? PARADA PROGRAMADA D. Qu% desvi    Cierre de notas en 2021-02-17 15:14:05 por fpertuz:  SE CAMBIO LA FILTRACION    ",,"1,7","186,1","137,6",,0,,,,"0,7",,,"8,476",20,19,15,"0,3","20,4","0,2",1,"0,8",,,,,30/01/2021,2021,01,EX3600
0060140 ZSHI,60140,Análisis flúido,26/12/2020,0060140 ZSHI 20201226,"5375,42","5375,42","5375,42","462,62",133,Crítico,Crítico,,"5375,42",No,0,Crítico,Los predictores de Cobre están en critico,"1. Cambie toda la filtración hidráulica de flujo pleno, by pass y alta eficiencia.",Alto conteo de partículas,28/12/2020 3:22:35 p. m.,fpertuz,Acción: Cambiar los filtros (Prioridad: 2 - Acción dentro de las dos Paradas Programadas (Máxi)  Situación: Closed  Realización de Notas en 2021-01-13 06:52:51 por fpertuz:  Se cambiaron filtros del sistema hidraulico y se efectua limpieza de alarmas de contaminacion.    Durante las pruebas de rendimiento no se evidencian fallas   Cierre de notas en 2021-01-13 06:52:51 por fpertuz:  Seguimiento a la siguiente muestra    ,,"12,7","331,5","172,9",,0,,,,"1,8",,,"8,396",23,22,18,"0,7",16,"0,3",1,0,,,,,26/12/2020,2020,12,EX3600
0060140 ZSHI,60140,Análisis flúido,15/08/2020,0060140 ZSHI 20200815,"4912,8","4912,8","4912,8","135,39",10,Advertencia,Crítico,,"4912,8",No,0,Crítico,El predictor del cobre esta en rango critico,1. Revisar estado de funcionamiento del filtro de alta eficiencia. (En caso que se detecte condicion con el filtro habilite en las proximas 24 Hrs)  2. Cambiar filtracion hidraulica,Altos metales de desgaste,19/08/2020 2:51:26 p. m.,fpertuz,"Acción: Cambiar los filtros (Prioridad: 1 - Acción dentro de la Parada Actual Programada (Máxi)  Situación: Closed  Realización de Notas en 2020-08-28 09:54:54 por lgomez10:  ""realizado por""""CONFIABILIDAD		HAROL DIAZ    chm mineria	13 de agosto de 2020""    Cierre de notas en 2021-02-17 16:27:03 por fpertuz:  ""realizado por""""CONFIABILIDAD		HAROL DIAZ    chm mineria	13 de agosto de 2020""      ",,9,"327,2","175,7",,"0,1",,,,"0,6",,,,19,18,14,"0,5","17,2","0,1",1,0,,,,,15/08/2020,2020,08,EX3600
0060140 ZSHI,60140,Análisis flúido,5/08/2020,0060140 ZSHI 20200805,"4777,41","4777,41","4777,41","299,18",22,Advertencia,Advertencia,,"4777,41",No,0,Advertencia,El predictor de cobre bajo a rangos de advertencia.,"  1.Cambiar los filtros hidráulicos de flujo pleno, by pass y alta eficiencia.  ",Alto conteo de partículas,10/08/2020 3:07:13 p. m.,fpertuz,"Acción: Cambiar los filtros (Prioridad: 2 - Acción dentro de las dos Paradas Programadas (Máxi)  Situación: Closed  Realización de Notas en 2020-08-21 08:29:15 por lgomez10:  ""realizado por""""CONFIABILIDAD		HAROL DIAZ    chm mineria	13 de agosto de 2020""    Cierre de notas en 2021-02-17 16:27:58 por fpertuz:  ""realizado por""""CONFIABILIDAD		HAROL DIAZ    chm mineria	13 de agosto de 2020""    ",,"19,9","326,3","195,8",,0,,,,"0,4",,,,17,15,11,0,"11,3",0,1,"1,1",,,,,5/08/2020,2020,08,EX3600
0060140 ZSHI,60140,Análisis flúido,14/07/2020,0060140 ZSHI 20200714,"4478,23","4478,23","4478,23","529,24",33,Advertencia,Crítico,,"4478,23",No,0,Crítico,El predictor del cobre  se disparo a críticos.,1. Cambie todos los filtros del sistema hidraulico a excepcion de los de succion.  2. Efectue  un recambio pasadas 50 Horas de la parada programada.  3. Inspeccione las alarmas de contaminacion del equipo y efectue pruebas de rendimiento garantizando que los componentes del sistema hidraulico como bombas y motores estan trabajando en normalidad.  ,Alto conteo de partículas,20/07/2020 3:57:21 p. m.,fpertuz,Acción: Cambiar los filtros (Prioridad: 1 - Acción dentro de la Parada Actual Programada (Máxi)  Situación: Closed  Realización de Notas en 2020-08-04 18:10:03 por lgomez10:  EJECUTADO  Cierre de notas en 2021-02-17 16:29:20 por fpertuz:  EJECUTADO    Acción: Inspeccionar por cualquier aflojamiento mecanico (Prioridad: 1 - Acción dentro de la Parada Actual Programada (Máxi)  Situación: Closed  Realización de Notas en 2020-08-04 18:10:02 por lgomez10:  EJECUTADO  Cierre de notas en 2021-02-17 16:29:20 por fpertuz:  EJECUTADO    ,,"12,9","312,8",238,,"0,4",,,,1,,,,21,20,17,"0,6","20,9",0,1,0,,,,,14/07/2020,2020,07,EX3600
0060140 ZSHI,60140,Análisis flúido,11/06/2020,0060140 ZSHI 20200611,"3948,99","3948,99","3948,99","170,48",14,Advertencia,Normal,,"3948,99",No,0,Normal,"Predictores en sus rangos normales, esperemos la siguiente muestra y mantener seguimiento.",,Ninguna falla identificada,15/06/2020 10:11:09 p. m.,fpertuz,,,"58,2","470,4","229,8",,0,,,,"1,4",,,"8,282",21,20,17,"0,9",0,"0,2",0,0,,,,,11/06/2020,2020,06,EX3600
0060140 ZSHI,60140,Análisis flúido,28/05/2020,0060140 ZSHI 20200528,"3778,51","3778,51","3778,51","199,83",14,Advertencia,Crítico,,"3778,51",No,0,Crítico,El prodictor del cobre nuevamente esta por fuera de sus parametros normales,"1. tomar R muestreo del aceite hidraulico, entregar una muestra de un litro a Primax y una muestra normal al laboratorio de tribologia.    Este aceite se cambio el 19/5/2020.",Alto conteo de partículas,1/06/2020 5:37:21 p. m.,fpertuz,"Acción: Tomar muestra de aceite (Prioridad: 2 - Acción dentro de las dos Paradas Programadas (Máxi)  Situación: Closed  Realización de Notas en 2020-06-08 08:56:39 por lgomez10:  ""SE EJECUTA DURANTE EL PM POR CHM  EL 06-06-2020""    Cierre de notas en 2020-06-16 10:31:52 por fpertuz:      ",,"22,5","318,1","133,3",,"0,6",,,,"0,6",,,"8,067",20,18,15,"0,4","14,5","0,1",1,"1,2",,,,,28/05/2020,2020,05,EX3600
0060140 ZSHI,60140,Análisis flúido,14/05/2020,0060140 ZSHI 20200514,"3578,68","3578,68","3578,68","454,5",70,Crítico,Normal,"3578,68","3578,68",No,0,Normal,"Todos los predictores permanecen dentro de los límites aceptables, continúe monitoreando de cerca.  ",,Ninguna falla identificada,16/05/2020 9:08:29 p. m.,sysadmin,,,"42,9","385,5","216,3",,0,,,,"0,5",,,"8,332",22,21,19,0,"0,5",0,0,0,,,,,14/05/2020,2020,05,EX3600
0060140 ZSHI,60140,Análisis flúido,5/03/2020,0060140 ZSHI 20200305,"3124,18","3124,18","3124,18","504,03",32,Crítico,Normal,"3124,18","3124,18",No,0,Normal,"Todos los predictores permanecen dentro de los límites aceptables, continúe monitoreando de cerca.  ",,Ninguna falla identificada,8/03/2020 9:06:34 p. m.,sysadmin,,,"52,7","422,2","290,5",,"0,4",,,,"0,6",,,"8,428",22,21,18,0,"0,4",0,0,0,,,,,5/03/2020,2020,03,EX3600
0060140 ZSHI,60140,Análisis flúido,2/02/2020,0060140 ZSHI 20200202,"2620,15","2620,15","2620,15","621,09",37,Crítico,Crítico,"2620,15","2620,15",No,0,Normal,Tomar otra muestra de aceite ya que los niveles se encuentran elevados,Seguir operando el componente,Ninguna falla identificada,5/02/2020 4:58:00 p. m.,,,,"1,3","34,1","231,6",,"0,1",,,,"0,9",,,"7,204",18,17,13,"0,4",56,0,1,"0,2",,,,,2/02/2020,2020,02,EX3600
0060140 ZSHI,60140,Análisis flúido,27/12/2019,0060140 ZSHI 20191227,"1999,06","1999,06","1999,06","579,41",30,Crítico,Advertencia,,"1999,06",No,0,Advertencia,El plomo se encuentra elevado. Se debe rechequear muestra para confirmar valor,,Altos metales de desgaste,2/01/2020 9:47:12 a. m.,,,,"218,1","2,3",1461,,0,,,,0,,,"8,483",20,19,15,0,"0,8",0,2,"4,1",,,,,27/12/2019,2019,12,EX3600
0060140 ZSHI,60140,Análisis flúido,27/11/2019,0060140 ZSHI 20191127,"1419,65","1419,65","1419,65","468,94",28,Crítico,Crítico,"43650,01","1419,65",No,0,Advertencia,El cobre está por encima de las alertas y la viscosidad es ligeramente baja. Estos indicadores son signos habituales de rotura en el desgaste para la edad de este componente y el aceite OEM en uso. Todos los demás predictores permanecen dentro de límites aceptables. continúe tomando muestras a intervalos regulares y vigile de cerca.    Copper is above alerts and viscosity is slightly low. These indicators are usual signs of break in wear for the age of this component and OEM oil in use. All other predictors remain within acceptable limits. continue to sample at regular intervals and monitor closely. ,,Desgaste por asentamiento,28/11/2019 10:35:25 p. m.,,,,"0,2","43,9","251,7",,0,,,,"0,5",,,"7,144",,,,0,"70,4",0,1,0,,,,,27/11/2019,2019,11,EX3600
0060140 ZSHI,60140,Análisis flúido,30/10/2019,0060140 ZSHI 20191030,"950,71","950,71","950,71",475,25,Crítico,Crítico,"950,71","950,71",No,0,Advertencia,El cobre se eleva por encima de las alertas de ganancia y la viscosidad es ligeramente menor. Estos indicadores son signos habituales de rotura en el desgaste para la edad de este componente.  Todos los demás predictores permanecen dentro de límites aceptables. continúe tomando muestras a intervalos regulares y vigile de cerca.    Copper is elevated above earning alerts and viscosity is slightly lower. These indicators are usual signs of break in wear for the age of this component.  All other predictors remain within acceptable limits. continue to sample at regular intervals and monitor closely.   ,,Desgaste por asentamiento,2/11/2019 12:06:56 p. m.,dmiller,,,"1,2","40,4","215,7",,"0,5",,,,"0,6",,,"7,203",18,17,13,0,57,0,1,"0,2",,,,,30/10/2019,2019,10,EX3600
0060140 ZSHI,60140,Análisis flúido,5/10/2019,0060140 ZSHI 20191005,"475,71","475,71","475,71",,,Crítico,Crítico,"85913,01","475,71",No,0,Advertencia,"Primera muestra para este componente, el cobre se eleva por encima de las alertas de nanci y la viscosidad es ligeramente menor. Estos indicadores son signos habituales de rotura en el desgaste para la edad de este componente.  Todos los demás predictores permanecen dentro de límites aceptables. continúe tomando muestras a intervalos regulares y vigile de cerca.    First sample for this component, copper is elevated above earning alerts and viscosity is slightly lower. These indicators are usual signs of break in wear for the age of this component.  All other predictors remain within acceptable limits. continue to sample at regular intervals and monitor closely. ",,Altos metales de desgaste,7/10/2019 2:29:47 p. m.,,,,"5,1","89,4","269,5",,0,0,,,"0,5",,,"7,077",21,18,11,"0,1","80,9","0,2",2,"0,5",,,,,5/10/2019,2019,10,EX3600
0060141 ZSHI,60141,Análisis flúido,29/07/2026,0060141 ZSHI 20260729,"34195,15","34209,35","34209,35","527,3",31,Normal,Crítico,,"34209,35",No,0,Advertencia,"  Los predictores del codigo ISO de limpieza estan en rango de advertencia .  Asistente, abre una OT tipo TR P3 con las siguientes recomendaciones   1.  Cambie los desfogues del tanque hidráulico.  2. Cambie los filtros del sistema (By pass, flujo pleno, piloto, drenaje y alta eficiencia).",,,3/08/2026 3:48:26 p. m.,jbenitez2,,,"64,51","28,4","133,32",,"0,91",,2,22,"4,61",,29,"10,33",20,19,16,"2,19","0,93","1,42","7,13","0,01",,,,,29/07/2026,2026,07,EX3600
0060141 ZSHI,60141,Análisis flúido,28/06/2026,0060141 ZSHI 20260628,"33667,85","33682,05","33682,05","374,7",24,Normal,Crítico,,"33682,05",No,0,Normal,PUEDE SEGUIR OPERANDO ,,Ninguna falla identificada,30/06/2026 10:21:08 a. m.,jbenitez2,,,"78,29","45,08","127,24",,"0,37",,3,21,"5,34",,28,"10,07",18,15,12,"3,21","1,56","2,32","10,19","0,13",,,,,28/06/2026,2026,06,EX3600
0060141 ZSHI,60141,Análisis flúido,4/06/2026,0060141 ZSHI 20260604,"33293,15","33307,35","33307,35",450,27,Normal,Crítico,,"33307,35",No,0,Advertencia,YA SE TIENE UNA OT PARA ESTE COMPONENTE #1676433,,Alto conteo de partículas,9/06/2026 2:49:26 p. m.,jbenitez2,,,"81,36","34,24","119,08",,0,,3,22,"4,63",,28,10,24,22,19,"2,64","1,56","2,17","10,19","1,33",,,,,4/06/2026,2026,06,EX3600
0060141 ZSHI,60141,Análisis flúido,8/05/2026,0060141 ZSHI 20260508,"32843,15","32857,35","32857,35","377,8",24,Normal,Crítico,,"32857,35",No,0,Advertencia,"Los predictores del codigo ISO de limpieza estan en rango de advertencia .  Asistente, abre una OT tipo TR P2 con las siguientes recomendaciones y enventanarla el dia 20/5/2026 en el seis 300 :  1.  Cambie los desfogues del tanque hidráulico.  2. Cambie los filtros del sistema (By pass, flujo pleno, piloto, drenaje y alta eficiencia).",,Alto conteo de partículas,11/05/2026 11:34:05 a. m.,jbenitez2,,,"90,31","34,66","109,83",,0,,2,21,"3,24",,28,"10,05",19,18,14,"1,96","1,65","1,79","6,51","0,44",,,,,8/05/2026,2026,05,EX3600
0060141 ZSHI,60141,Análisis flúido,14/04/2026,0060141 ZSHI 20260414,"32465,35","32479,55","32479,55","71,3",4,Normal,Crítico,,"32479,55",No,0,Normal,YA SE TIENE UNA OT 1659602,,Alto conteo de partículas,21/04/2026 8:03:22 a. m.,jbenitez2,,,"66,89","1,63","81,14",,0,,2,21,"0,05",,28,"11,1",22,19,16,"0,35",0,0,"0,38",0,,,,,14/04/2026,2026,04,EX3600
0060141 ZSHI,60141,Análisis flúido,10/04/2026,0060141 ZSHI 20260410,"32394,05","32408,25","32408,25","263,1",17,Normal,Crítico,,"32408,25",No,0,Advertencia,"Los predictores del codigo ISO de limpieza estan en rango de critico.  Asistente, abre una OT tipo TR P2 con las siguientes recomendaciones :  1.  Cambie los desfogues del tanque hidráulico.  2. Cambie los filtros del sistema (By pass, flujo pleno, piloto, drenaje y alta eficiencia).",,Alto conteo de partículas,13/04/2026 1:14:24 p. m.,jbenitez2,,,"66,86","2,33","98,72",,"0,45",,2,21,"0,07",,28,"11,047",20,19,14,"0,2",0,0,0,0,,,,,10/04/2026,2026,04,EX3600
0060141 ZSHI,60141,Análisis flúido,24/03/2026,0060141 ZSHI 20260324,"32130,95","32145,15","32145,15","190,4",10,Normal,Crítico,,"32145,15",No,0,Advertencia,YA SE TIENE UNA OT ES LA #1642440,,Alto conteo de partículas,30/03/2026 1:00:53 p. m.,jbenitez2,,,"71,93","24,49","98,89",,"0,38",,3,21,"6,13",,28,"10,234",24,22,17,"3,42","2,71","2,35","8,7","0,17",,,,,24/03/2026,2026,03,EX3600
0060141 ZSHI,60141,Análisis flúido,14/03/2026,0060141 ZSHI 20260314,"31940,55","31954,75","31954,75","51,1",3,Normal,Crítico,,"31954,75",No,0,Crítico,"Los predictores del codigo ISO de limpieza estan en rango de critico.  Asistente, abre una OT tipo TR P2 con las siguientes recomendaciones Y enventanarla el dia 28/03/2026  1.Cambie el aceite hidraulico de la maquina   2.  Cambie los desfogues del tanque hidráulico.  3. Cambie los filtros del sistema (By pass, flujo pleno, piloto, drenaje y alta eficiencia).",,Alto conteo de partículas,16/03/2026 11:47:22 a. m.,jbenitez2,,,"75,08","30,03","144,88",,0,,2,21,"4,45",,28,"9,9",24,22,19,"1,5","3,34","1,49","6,82",0,,,,,14/03/2026,2026,03,EX3600
0060141 ZSHI,60141,Análisis flúido,11/03/2026,0060141 ZSHI 20260311,"31889,45","31903,65","31903,65","114,9",7,Normal,Crítico,,"31903,65",No,0,Normal,se tomara una contramuestra para verificar tendencia,,Ninguna falla identificada,16/03/2026 11:57:13 a. m.,jbenitez2,,,"83,36","34,51","88,95",,"0,04",,2,21,"3,23",,28,"10,3",24,22,18,"1,69","2,76","1,29","8,31","0,29",,,,,11/03/2026,2026,03,EX3600
0060141 ZSHI,60141,Análisis flúido,4/03/2026,0060141 ZSHI 20260304,"31774,55","31788,75","31788,75","37,3",3,Normal,Crítico,,"31788,75",No,0,Advertencia,SE TOMARA UNA CONTRAMUESTRA PARA VERIFICAR TENDENCIA,,Alto conteo de partículas,10/03/2026 4:06:12 p. m.,jbenitez2,,,"70,26","38,51","117,8",,"0,22",,2,21,"4,9",,28,"10,297",23,21,14,"2,56","3,58","1,34","8,36",0,,,,,4/03/2026,2026,03,EX3600
0060141 ZSHI,60141,Análisis flúido,1/03/2026,0060141 ZSHI 20260301,"31737,25","31751,45","31751,45","409,3",24,Normal,Crítico,,"31751,45",No,0,Advertencia,"YA SE CAMBIARON FILTROS , SE TOMARA CONTRAMUESTRA ",,Alto conteo de partículas,4/03/2026 8:52:39 a. m.,jbenitez2,,,"70,52","47,2","134,49",,"0,77",,,,"4,66",,,"10,431",22,20,13,"2,69","2,37","1,96","9,25",0,,,,,1/03/2026,2026,03,EX3600
0060141 ZSHI,60141,Análisis flúido,5/02/2026,0060141 ZSHI 20260205,"31327,95","31342,15","31342,15","333,2",23,Normal,Crítico,,"31342,15",No,0,Advertencia,"Los predictores del codigo ISO de limpieza estan en rango de advertencia.  Asistente, abre una OT tipo TR P3 con las siguientes recomendaciones: .  1.  Cambie los desfogues del tanque hidráulico.  2. Cambie los filtros del sistema (By pass, flujo pleno, piloto, drenaje y alta eficiencia)",,Alto conteo de partículas,9/02/2026 1:21:14 p. m.,jbenitez2,,,"72,78","4,89","121,01",,0,,2,21,"1,08",,28,"11,057",22,21,17,0,"0,06","0,1","0,17",0,,,,,5/02/2026,2026,02,EX3600
0060141 ZSHI,60141,Análisis flúido,13/01/2026,0060141 ZSHI 20260113,"30994,75","31008,95","31008,95","519,2",31,Normal,Crítico,,"31008,95",No,0,Normal,SEGUIR OPERANDO   ,,Ninguna falla identificada,19/01/2026 11:58:46 a. m.,jbenitez2,,,"49,62","3,12","102,29",,"0,3",,,,"1,28",,,,19,18,13,"0,86",0,0,"0,42","1,08",,,,,13/01/2026,2026,01,EX3600
0060141 ZSHI,60141,Análisis flúido,13/12/2025,0060141 ZSHI 20251213,"30475,55","30489,75","30489,75","417,4",22,Normal,Crítico,,"30489,75",No,0,Advertencia,"Los predictores del codigo ISO de limpieza estan en rango de advertencia.  Asistente, abre una OT tipo TR P3 con las siguientes recomendaciones Y enventanarla en el evento del dia 24/12/2025 .  1.  Cambie los desfogues del tanque hidráulico.  2. Cambie los filtros del sistema (By pass, flujo pleno, piloto, drenaje y alta eficiencia)  Pedir el elemento filtrante STOCK: 483074 ",,Alto conteo de partículas,16/12/2025 10:20:09 a. m.,jbenitez2,,,"63,57","3,41","99,25",,"0,2",,2,21,"1,94",,28,"11,003",24,22,19,"0,22",0,0,"0,54",0,,,,,13/12/2025,2025,12,EX3600
0060141 ZSHI,60141,Análisis flúido,21/11/2025,0060141 ZSHI 20251121,"30058,15","30072,35","30072,35","40,5",3,Normal,Crítico,,"30072,35",No,0,Advertencia,SE TOMARA UNA CONTRAMUESTRA PARA VERIFICAR TENDENCIA,,Alto conteo de partículas,6/01/2026 8:10:37 a. m.,jbenitez2,,,"14,75","6,32","357,06",,0,1,3,4,"20,27",,18,,26,24,19,"4,83","0,31","1,97","131,74","0,16",,,,,21/11/2025,2025,11,EX3600
0060141 ZSHI,60141,Análisis flúido,18/11/2025,0060141 ZSHI 20251118,"30017,65","30031,85","30031,85","697,9",39,Normal,Crítico,,"30031,85",No,0,Normal,SEGUIR OPERANDO   ,,Ninguna falla identificada,29/12/2025 1:46:19 p. m.,jbenitez2,,,"66,31","3,09","103,42",,0,,2,21,"1,8",,28,"10,91",23,22,18,"0,37","0,01",0,"1,05","1,29",,,,,18/11/2025,2025,11,EX3600
0060141 ZSHI,60141,Análisis flúido,10/10/2025,0060141 ZSHI 20251010,"29319,75","29333,95","29333,95","492,9",60,Normal,Crítico,,"29333,95",No,0,Advertencia,"Los predictores del codigo ISO de limpieza estan en rango de advertencia.    Asistente, abre una OT tipo TR P3  enventanarla el dia 25/10/2025 con las siguientes recomendaciones.    1.  Cambie los desfogues del tanque hidráulico.  2. Cambie los filtros del sistema (By pass, flujo pleno, piloto, drenaje y alta eficiencia)  ",,Alto conteo de partículas,20/10/2025 12:54:28 p. m.,jbenitez2,,,"53,88","4,4","111,97",,"0,28",,,,"0,67",,,"10,929",26,23,14,"0,18","0,01","0,03","0,07",0,,,,,10/10/2025,2025,10,EX3600
0060141 ZSHI,60141,Análisis flúido,11/08/2025,0060141 ZSHI 20250811,"28826,85","28841,05","28841,05","292,8",16,Normal,Crítico,,"28841,05",No,0,Advertencia,"Los predictores del codigo ISO de limpieza estan en rango de advertencia.    Asistente, abre una OT tipo TR P3  con las siguientes recomendaciones.    1.  Cambie los desfogues del tanque hidráulico.  2. Cambie los filtros del sistema (By pass, flujo pleno, piloto, drenaje y alta eficiencia)  ",,Ninguna falla identificada,19/08/2025 12:25:42 p. m.,jbenitez2,,,"72,59","6,3","109,24",,0,,2,20,"1,28",,27,11,23,22,18,"0,01",0,"0,04","0,04","0,14",,,,,11/08/2025,2025,08,EX3600
0060141 ZSHI,60141,Análisis flúido,26/07/2025,0060141 ZSHI 20250726,"28534,05","28548,25","28548,25","162,9",13,Normal,Crítico,,"28548,25",No,0,Normal,"EQUIPO RECIEN SALIDO DE PM , SE LE CAMBIO FILTROS , SE TOMARA UNA CONTRAMUESTRA PARA VERIFICAR LA TENDENCIA ",,Ninguna falla identificada,4/08/2025 3:26:22 p. m.,jbenitez2,,,"88,65","40,39","104,98",,"0,22",,3,22,"7,2",,28,"10,1",19,15,12,"3,26","1,62","1,74","9,52","0,5",,,,,26/07/2025,2025,07,EX3600
0060141 ZSHI,60141,Análisis flúido,13/07/2025,0060141 ZSHI 20250713,"28371,15","28385,35","28385,35",494,31,Normal,Crítico,,"28385,35",No,0,Advertencia,"Los predictores del codigo ISO de limpieza estan en rango de advertencia.    Asistente, abre una OT tipo TR P3  con las siguientes recomendaciones.    1.  Cambie los desfogues del tanque hidráulico.  2. Cambie los filtros del sistema (By pass, flujo pleno, piloto, drenaje y alta eficiencia)  ",,Ninguna falla identificada,18/07/2025 1:03:20 p. m.,jbenitez2,,,"49,56","3,47","120,68",,"0,22",,2,21,"1,23",,28,"10,986",21,19,16,"0,43","0,02",0,"0,62","0,02",,,,,13/07/2025,2025,07,EX3600
0060141 ZSHI,60141,Análisis flúido,12/06/2025,0060141 ZSHI 20250612,"27877,15","27891,35","27891,35","812,7",53,Normal,Crítico,,"27891,35",No,0,Advertencia,"Los predictores del codigo ISO de limpieza estan en rango de advertencia.    Asistente, abre una OT tipo TR P3  enventanarla el dia25/6/2025  con las siguientes recomendaciones.    1.  Cambie los desfogues del tanque hidráulico.  2. Cambie los filtros del sistema (By pass, flujo pleno, piloto, drenaje y alta eficiencia)  ",,Ninguna falla identificada,16/06/2025 11:06:04 a. m.,jbenitez2,,,"97,31","47,52","85,82",,"0,1",,3,22,"6,99",,27,"10,058",20,19,16,"2,59","1,71","1,92","8,11","1,45",,,,,12/06/2025,2025,06,EX3600
0060141 ZSHI,60141,Análisis flúido,20/04/2025,0060141 ZSHI 20250420,"27064,45","27078,65","27078,65","142,7",10,Normal,Crítico,,"27078,65",No,0,Advertencia,"Los predictores del codigo ISO de limpieza estan en rango de advertencia.    Asistente, abre una OT tipo TR P3 con las siguientes recomendaciones.    1.  Cambie los desfogues del tanque hidráulico.  2. Cambie los filtros del sistema (By pass, flujo pleno, piloto, drenaje y alta eficiencia)  ",,Ninguna falla identificada,28/04/2025 3:30:38 p. m.,jbenitez2,,,"159,64","68,05","123,21",,0,,3,21,"12,22",,27,"10,849",22,20,17,"3,56","2,7","1,87","8,34","0,12",,,,,20/04/2025,2025,04,EX3600
0060141 ZSHI,60141,Análisis flúido,10/04/2025,0060141 ZSHI 20250410,"26921,75","26935,95","26935,95","528,31",32,Normal,Crítico,,"26935,95",No,0,Normal,SE TENDRA EN BAJO MONITOREO,,Ninguna falla identificada,28/04/2025 3:27:12 p. m.,jbenitez2,,,"147,54","70,81","184,59",,0,,3,21,"17,6",,27,"10,098",18,16,11,"4,46","3,08","1,84","7,83",0,,,,,10/04/2025,2025,04,EX3600
0060141 ZSHI,60141,Análisis flúido,9/03/2025,0060141 ZSHI 20250309,"26393,44","26407,64","26407,64","627,6",35,Normal,Crítico,,"26407,64",No,0,Normal,SE TENDRA EN BAJO MONITOREO,,Ninguna falla identificada,28/04/2025 2:50:41 p. m.,jbenitez2,,,"79,49","7,95","98,45",,0,,2,21,"0,71",,28,"11,2",19,18,14,"0,26","0,04","0,02",0,0,,,,,9/03/2025,2025,03,EX3600
0060141 ZSHI,60141,Análisis flúido,2/02/2025,0060141 ZSHI 20250202,"25765,84","25780,04","25780,04","353,3",19,Normal,Crítico,,"25780,04",No,0,Normal,"Condicion identificada y programada con muestra anterior, actualmente a la espera de los filtros de flujo pleno que estan escasos.",,Ninguna falla identificada,5/02/2025 12:13:30 p. m.,lrodriguez,,,"134,82","66,5","164,74",,0,,,,"3,78",,,"10,167",20,18,14,"0,86","5,27","0,27","2,51","0,66",,,,,2/02/2025,2025,02,EX3600
0060141 ZSHI,60141,Análisis flúido,14/01/2025,0060141 ZSHI 20250114,"25412,54","25426,74","25426,74","547,6",66,Normal,Crítico,,"25426,74",No,0,Advertencia,"Los predictores de codigo ISO de limpieza  están en rangos de advertencia.    Asistente, abre una OT tipo TR P2 con las siguientes recomendaciones.    1. Cambie los desfogues del tanque hidráulico.  2. Cambie los filtros del sistema (By pass, flujo pleno, piloto, drenaje y alta eficiencia)        ",,Entrada de polvo,21/01/2025 4:44:36 p. m.,lrodriguez,Acción: Cambiar los filtros (Prioridad: 2 - Acción dentro de las dos Paradas Programadas (Máxi)  Situación: Recommended      ,,"141,67","44,87","131,11",,0,,,,"3,18",,,"10,525",22,20,16,"1,05","7,55","0,17","1,51",0,,,,,14/01/2025,2025,01,EX3600
0060141 ZSHI,60141,Análisis flúido,9/11/2024,0060141 ZSHI 20241109,"24864,94","24879,14","24879,14","580,2",45,Normal,Advertencia,,"24879,14",No,0,Advertencia,"Los conteos de partículas son ligeramente elevados, sin embargo mínimos. Teniendo en cuenta que todos los otros predictores permanecen dentro de los límites aceptables, continúe monitoreando de cerca.  Particle counts are slightly elevated, However minimal. Considering all other predictors remain within acceptable limits, continue to monitor closely.  ",,Alto conteo de partículas,15/11/2024 8:44:33 p. m.,sysadmin,,,"112,22","103,4","125,71",,0,,,,"2,53",,,,21,19,16,"0,92","5,25","0,78","3,67",0,,,,,9/11/2024,2024,11,EX3600
0060141 ZSHI,60141,Análisis flúido,25/09/2024,0060141 ZSHI 20240925,"24284,74","24298,94","24298,94","779,6",55,Normal,Advertencia,,"24298,94",No,0,Normal,"Todos los predictores en rango normal, seguir monitoreando de cerca.",,Ninguna falla identificada,29/09/2024 10:21:16 p. m.,lrodriguez,,,"68,28","137,64","190,77",,0,,3,15,"4,31",,23,"9,5",19,17,13,"1,44","0,83","0,43","3,68",0,,,,,25/09/2024,2024,09,EX3600
0060141 ZSHI,60141,Análisis flúido,1/08/2024,0060141 ZSHI 20240801,"23505,14","23519,34","23519,34","310,3",23,Normal,Crítico,,"23519,34",No,0,Advertencia,"Los conteos de partículas son ligeramente elevados, sin embargo mínimos. Teniendo en cuenta que todos los otros predictores permanecen dentro de los límites aceptables, continúe monitoreando de cerca.  Particle counts are slightly elevated, However minimal. Considering all other predictors remain within acceptable limits, continue to monitor closely.  ",,Alto conteo de partículas,3/08/2024 9:51:14 p. m.,sysadmin,,,"57,39","260,69","229,62",,0,,,,"2,99",,,,23,22,19,"0,49","0,03","0,06","0,36",0,,,,,1/08/2024,2024,08,EX3600
0060141 ZSHI,60141,Análisis flúido,9/07/2024,0060141 ZSHI 20240709,"23194,84","23209,04","23209,04","69,6",4,Normal,Sin calificar,,"23209,04",No,0,Normal,"Predictores dentro de rangos normales, seguir monitoreando de cerca.",,Ninguna falla identificada,8/08/2024 11:44:20 p. m.,lrodriguez,,,,,,,,,,,,,,,,,,,,,,,,,,,9/07/2024,2024,07,EX3600
0060141 ZSHI,60141,Análisis flúido,5/07/2024,0060141 ZSHI 20240705,"23125,24","23139,44","23139,44","162,4",15,Normal,Advertencia,,"23139,44",No,0,Advertencia,"Los conteos de partículas son ligeramente elevados, sin embargo mínimos. Teniendo en cuenta que todos los otros predictores permanecen dentro de los límites aceptables, continúe monitoreando de cerca.  Particle counts are slightly elevated, However minimal. Considering all other predictors remain within acceptable limits, continue to monitor closely.  ",,Alto conteo de partículas,7/07/2024 10:35:25 p. m.,sysadmin,,,"32,65","372,82","266,39",,"0,16",,,,"4,06",,,,21,20,17,"0,98","0,79","0,15","2,56","0,47",,,,,5/07/2024,2024,07,EX3600
0060141 ZSHI,60141,Análisis flúido,20/06/2024,0060141 ZSHI 20240620,"22962,84","22977,04","22977,04","470,7",33,Normal,Advertencia,,"22977,04",No,0,Advertencia,"Los conteos de partículas son ligeramente elevados, sin embargo mínimos. Teniendo en cuenta que todos los otros predictores permanecen dentro de los límites aceptables, continúe monitoreando de cerca.  Particle counts are slightly elevated, However minimal. Considering all other predictors remain within acceptable limits, continue to monitor closely.  ",,Alto conteo de partículas,24/06/2024 7:57:56 a. m.,sysadmin,,,"66,33","387,83","331,69",,0,,,,"4,52",,,,22,20,16,"0,57","1,17","0,13","3,36",0,,,,,20/06/2024,2024,06,EX3600
0060141 ZSHI,60141,Análisis flúido,18/05/2024,0060141 ZSHI 20240518,"22492,14","22506,34","22506,34","498,5",32,Normal,Normal,,"22506,34",No,0,Normal,"Todos los predictores permanecen dentro de los límites aceptables, continúe monitoreando de cerca.  ",,Ninguna falla identificada,28/05/2024 5:45:15 p. m.,fpertuz,,,"37,08","405,25","285,75",,0,,2,2,"2,2",,11,8,22,21,18,"0,31","0,07",0,0,"0,42",,,,,18/05/2024,2024,05,EX3600
0060141 ZSHI,60141,Análisis flúido,16/04/2024,0060141 ZSHI 20240416,"21993,64","22007,84","22007,84","527,48",35,Normal,Normal,,"22007,84",No,0,Advertencia,Los predictores del codigo ISO de limpieza se encuentran en alerta.,"Asistente, favor abrir una OT tipo TR P2 con las siguientes recomendaciones.    1. Inspecciones fuentes de entrada de contaminación al sistema hidráulico.  2. Toma de contra-muestra de aceite.  3. Cambie los filtros del sistema (By pass, drenaje,  piloto y  flujo pleno), favor pedir estos filtros.  4. Verifique estado del funsionamiento del filtro de alta eficiencia, habilitelo o cambielo si es necesario.  ",Suciedad,28/04/2024 1:10:09 p. m.,lrodriguez,Acción: Cambiar los filtros (Prioridad: 2 - Acción dentro de las dos Paradas Programadas (Máxi)  Situación: Completed  Realización de Notas en 2024-07-22 08:43:52 por etorres4:      ,,"48,1","338,14","334,6",,0,,,,"5,62",,,"8,55",20,17,14,"1,5","1,13","0,48","3,28","0,79",,,,,16/04/2024,2024,04,EX3600
0060141 ZSHI,60141,Análisis flúido,12/03/2024,0060141 ZSHI 20240312,"21466,16","21480,36","21480,36",621,38,Normal,Advertencia,,"21480,36",No,0,Advertencia,Aceite programado para cambio en la proxima parada el 29 de marzo.,,Ninguna falla identificada,21/03/2024 5:32:22 p. m.,fpertuz,,,"98,45","405,61","328,77",,0,,,,"9,55",,,"8,45",21,19,15,"3,52","3,2","0,58","7,32",0,,,,,12/03/2024,2024,03,EX3600
0060141 ZSHI,60141,Análisis flúido,3/02/2024,0060141 ZSHI 20240203,"20845,16","20859,36","20859,36","559,1",39,Normal,Normal,,"20859,36",No,0,Normal,"Todos los predictores permanecen dentro de los límites aceptables, continúe monitoreando de cerca.  ",,Ninguna falla identificada,7/02/2024 2:58:34 p. m.,fpertuz,,,"69,74","351,48","326,2",,0,,,,"6,3",,,"8,6",21,19,14,"2,15","2,57","0,42","3,89",0,,,,,3/02/2024,2024,02,EX3600
0060141 ZSHI,60141,Análisis flúido,26/12/2023,0060141 ZSHI 20231226,"20286,06","20300,26","20300,26","540,6",31,Normal,Crítico,,"20300,26",No,0,Advertencia,Los recuentos de ISO elevados y el silicio elevado en esta muestra parecen afectados por un muestreo inadecuado. Las tasas de desgaste metalúrgico son aceptables. Continúe construyendo una tendencia operativa confiable tomando muestras en el siguiente intervalo de servicio regular programado y cada vez que se cambie el fluido.  The elevated ISO counts and elevated Silicon in this sample appear affected by improper sampling. Metallurgical wear rates are acceptable. Continue to build a reliable operating trend by sampling at the next regular scheduled service interval and any time the fluid is changed.   ,,Alto conteo de partículas,24/07/2024 3:25:55 p. m.,lrodriguez,,,"77,11","385,86","320,1",,0,,,,"7,89",,,"8,65",25,24,19,"1,14","2,77","0,33","4,87",0,,,,,26/12/2023,2023,12,EX3600
0060141 ZSHI,60141,Análisis flúido,25/11/2023,0060141 ZSHI 20231125,"19745,46","19759,66","19759,66","182,4",10,Normal,Normal,,"19759,66",No,0,Normal,"Todos los predictores permanecen dentro de los límites aceptables, continúe monitoreando de cerca.  ",,Ninguna falla identificada,28/11/2023 6:37:37 a. m.,sysadmin,,,"82,44","466,82","250,39",,0,,,,"3,6",,,"8,5",22,20,16,"0,78","2,44","0,23","3,71",0,,,,,25/11/2023,2023,11,EX3600
0060141 ZSHI,60141,Análisis flúido,15/11/2023,0060141 ZSHI 20231115,"19563,06","19577,26","19577,26","142,5",10,Normal,Normal,,"19577,26",No,0,Normal,"Todos los predictores permanecen dentro de los límites aceptables, continúe monitoreando de cerca.  ",,Ninguna falla identificada,20/11/2023 6:37:59 a. m.,sysadmin,,,"81,23","343,8","324,78",,0,,,,"4,06",,,"8,674",22,20,16,"1,01","2,12","0,35","3,97",0,,,,,15/11/2023,2023,11,EX3600
0060141 ZSHI,60141,Análisis flúido,5/11/2023,0060141 ZSHI 20231105,"19420,56","19434,76","19434,76","310,6",29,Normal,Normal,,"19434,76",No,0,Normal,"Todos los predictores permanecen dentro de los límites aceptables, continúe monitoreando de cerca.  ",,Ninguna falla identificada,8/11/2023 6:31:20 a. m.,sysadmin,,,"68,31","613,98","267,75",,0,,3,3,"3,82",,11,"8,66",18,16,11,"0,67","2,06",0,"2,94","2,97",,,,,5/11/2023,2023,11,EX3600
0060141 ZSHI,60141,Análisis flúido,7/10/2023,0060141 ZSHI 20231007,"19109,96","19124,16","19124,16","645,7",59,Normal,Normal,,"19124,16",No,0,Normal,"Todos los predictores permanecen dentro de los límites aceptables, continúe monitoreando de cerca.  ",,Ninguna falla identificada,10/10/2023 7:43:43 a. m.,sysadmin,,,"34,02","403,58","249,72",,0,,,,"1,24",,,"8,701",19,17,1,0,"0,05",0,"0,03",0,,,,,7/10/2023,2023,10,EX3600
0060141 ZSHI,60141,Análisis flúido,9/08/2023,0060141 ZSHI 20230809,"18464,26","18478,46","18478,46","631,3",41,Normal,Normal,,"18478,46",No,0,Normal,"Todos los predictores permanecen dentro de los límites aceptables, continúe monitoreando de cerca.  ",,Ninguna falla identificada,14/08/2023 8:01:50 a. m.,sysadmin,,,"40,7","355,95","327,07",,0,,,,"2,17",,,"8,65",21,20,17,0,"0,12","0,02",0,0,,,,,9/08/2023,2023,08,EX3600
0060141 ZSHI,60141,Análisis flúido,29/06/2023,0060141 ZSHI 20230629,"17832,96","17847,16","17847,16","409,8",29,Normal,Normal,,"17847,16",No,0,Normal,"Los predictores se mantienen en estado de advertencia, continua seguimiento.","Los predictores se mantienen en estado de advertencia, continua seguimiento.",Ninguna falla identificada,6/07/2023 10:24:33 a. m.,fpertuz,,,"36,69","347,52","251,06",,"0,09",,,,"5,28",,,9,22,20,16,"1,44","0,79","0,99","5,2","0,02",,,,,29/06/2023,2023,06,EX3600
0060141 ZSHI,60141,Análisis flúido,31/05/2023,0060141 ZSHI 20230531,"17423,16","17437,36","17437,36","602,7",45,Advertencia,Crítico,,"17437,36",No,0,Crítico,Predictores hierro en critico.,"Predictores hierro en critico.    1. Inspeccionar fuentes de desgaste anormal, revise alarmas de contaminación del equipo y tiempos de ciclo por movimiento, medición de parámetros de componentes hidráulicos  2. Verifique las presiones de drenaje de todos los componentes del sistema (Bombas y motores).  3. Programar el cambio de toda la filtración: By pass, flujo pleno, drenaje y alta eficiencia  4. Cambie los desfogues del tanque hidráulico.  5. Tomar muestra de aceite hco.        ",Ninguna falla identificada,28/06/2023 5:05:10 p. m.,fpertuz,,,"46,77","318,86","323,39",,0,,2,3,"7,85",,12,9,20,19,15,"2,76","1,71","2,15","10,5","0,83",,,,,31/05/2023,2023,05,EX3600
0060141 ZSHI,60141,Análisis flúido,16/04/2023,0060141 ZSHI 20230416,"16820,46","16834,66","16834,66",404,25,Advertencia,Crítico,,"16834,66",No,0,Advertencia,"Predictores de silicio y aluminio en advertencia, hierro en critico. ",Se encuentra orden abierta 1030682   ,Altos metales de desgaste,2/05/2023 3:32:25 p. m.,fpertuz,,,"50,54","312,32","319,55",,0,,,,"7,81",,,"8,82",19,17,14,"4,1","1,98","2,1","11,72","0,94",,,,,16/04/2023,2023,04,EX3600
0060141 ZSHI,60141,Análisis flúido,22/03/2023,0060141 ZSHI 20230322,"16416,46","16430,66","16430,66","541,9",33,Advertencia,Crítico,,"16430,66",No,0,Advertencia,"Predictores de silicio en advertencia y hierro en critico, alarmas de contaminación activas de  motores de giro frontal y trasero LH y frontal RH.   ",Cambio de filtracion en PM del 11 de Abril. ,Altos metales de desgaste,10/04/2023 3:54:37 p. m.,fpertuz,,,"48,33","376,95","270,09",,0,,,,"9,29",,,"8,85",20,19,15,"2,92","1,8","1,67","11,81","0,23",,,,,22/03/2023,2023,03,EX3600
0060141 ZSHI,60141,Análisis flúido,17/02/2023,0060141 ZSHI 20230217,"15874,56","15888,76","15888,76","291,5",19,Advertencia,Crítico,,"15888,76",No,0,Advertencia,El predictor de silicio en advertencia y hierro en critico.,"1. Inspeccionar fuentes de desgaste anormal, revise alarmas de contaminación del equipo y tiempos de ciclo por movimiento, medición de parámetros de componentes hidráulicos.  2. Verifique las presiones de drenaje de todos los componentes del sistema (Bombas y motores).  3. Programar el cambio de toda la filtración y toma de contra-muestra de aceite.  4. Cambie los desfogues del tanque hidráulico.  5. Cambie los filtros del sistema (By pass, drenaje, flujo pleno y alta eficiencia)",Altos metales de desgaste,13/03/2023 4:26:24 p. m.,fpertuz,"Acción: Cambiar los filtros (Prioridad: 3 - Acción en el siguiente Servicio (Máximo 21 días))  Situación: Closed  Realización de Notas en 2023-11-30 14:48:41 por imoreno1:    Cierre de notas en 2024-03-18 08:49:58 por etorres4:  Se Cierra Orden completada ,ante la mejoria en la salud del componente    Acción: Investigar la fuente del desgaste anormal. (Prioridad: 3 - Acción en el siguiente Servicio (Máximo 21 días))  Situación: Closed  Realización de Notas en 2023-11-30 14:48:41 por imoreno1:    Cierre de notas en 2024-03-18 08:49:58 por etorres4:  Se Cierra Orden completada ,ante la mejoria en la salud del componente    ",,"49,95","359,96","271,19",,"0,09",,,,"8,41",,,"8,91",23,19,16,"2,75","2,01","1,34","12,52",0,,,,,17/02/2023,2023,02,EX3600
0060141 ZSHI,60141,Análisis flúido,29/01/2023,0060141 ZSHI 20230129,"15583,06","15597,26","15597,26","271,8",17,Crítico,Normal,,"15597,26",No,0,Normal,Se encuentran predictores en rango.,,Ninguna falla identificada,1/02/2023 1:51:25 p. m.,fpertuz,,,"39,79","365,92","276,05",,0,,,,"3,51",,,"8,87",24,22,19,"0,4",0,"0,05","0,56","0,67",,,,,29/01/2023,2023,01,EX3600
0060141 ZSHI,60141,Análisis flúido,12/01/2023,0060141 ZSHI 20230112,"15311,26","15325,46","15325,46","331,2",21,Crítico,Advertencia,,"15325,46",No,0,Advertencia,"Los conteos de partículas son ligeramente elevados, sin embargo mínimos. Teniendo en cuenta que todos los otros predictores permanecen dentro de los límites aceptables, continúe monitoreando de cerca.  Particle counts are slightly elevated, However minimal. Considering all other predictors remain within acceptable limits, continue to monitor closely.  ",,Alto conteo de partículas,14/01/2023 8:12:21 p. m.,sysadmin,,,"33,38","330,36","306,99",,"0,04",,,,"5,73",,,"8,839",25,24,21,"0,49","0,26","0,18","0,74",0,,,,,12/01/2023,2023,01,EX3600
0060141 ZSHI,60141,Análisis flúido,22/12/2022,0060141 ZSHI 20221222,"14980,06","14994,26","14994,26","651,4",47,Advertencia,Normal,,"14994,26",No,0,Normal,"Todos los predictores permanecen dentro de los límites aceptables, continúe monitoreando de cerca.  ",,Ninguna falla identificada,24/12/2022 8:10:57 p. m.,sysadmin,,,"39,35","368,46","297,55",,0,,,,"2,3",,,"9,04",21,20,17,"0,03","0,07",0,"0,62",0,,,,,22/12/2022,2022,12,EX3600
0060141 ZSHI,60141,Análisis flúido,5/11/2022,0060141 ZSHI 20221105,"14328,66","14342,86","14342,86","558,08",47,Advertencia,Advertencia,,"14342,86",No,0,Normal,"Todos los predictores permanecen dentro de los límites aceptables, se mantendra en seguimiento.  ",,Ninguna falla identificada,15/11/2022 10:01:44 a. m.,fpertuz,,,"34,36","360,33","272,71",,"0,05",,,,"3,79",,,"8,94",20,19,16,"1,04","1,59","1,61","6,59","0,07",,,,,5/11/2022,2022,11,EX3600
0060141 ZSHI,60141,Análisis flúido,19/09/2022,0060141 ZSHI 20220919,"13784,78","13784,78","13784,78","1004,41",77,Advertencia,Normal,,"13784,78",No,0,Normal,"Todos los predictores permanecen dentro de los límites aceptables, continúe monitoreando de cerca.  ",,Ninguna falla identificada,20/09/2022 9:10:28 p. m.,sysadmin,,,"41,61","367,25","300,35",,0,,,,"3,9",,,"8,89",15,13,11,"1,33","2,38","1,39","5,56","0,25",,,,,19/09/2022,2022,09,EX3600
0060141 ZSHI,60141,Análisis flúido,4/07/2022,0060141 ZSHI 20220704,"12780,37","12780,37","12780,37","533,26",40,Crítico,Normal,,"12780,37",No,0,Normal,"Todos los predictores permanecen dentro de los límites aceptables, continúe monitoreando de cerca.  ",,Ninguna falla identificada,6/07/2022 9:12:18 p. m.,sysadmin,,,"61,22","359,13","271,86",,0,,,,"4,28",,,"8,8",24,20,18,"1,51","2,63","0,8","4,4",0,,,,,4/07/2022,2022,07,EX3600
0060141 ZSHI,60141,Análisis flúido,25/05/2022,0060141 ZSHI 20220525,"12247,11","12247,11","12247,11","477,25",41,Advertencia,Normal,,"12247,11",No,0,Normal,"Todos los predictores permanecen dentro de los límites aceptables, continúe monitoreando de cerca.  ",,Ninguna falla identificada,27/05/2022 9:11:10 p. m.,sysadmin,,,"39,25","355,12","261,16",,0,,,,"0,89",,,"8,97",,,,0,"0,09",0,"0,11",0,,,,,25/05/2022,2022,05,EX3600
0060141 ZSHI,60141,Análisis flúido,14/04/2022,0060141 ZSHI 20220414,"11769,86","11769,86","11769,86","185,24",10,Advertencia,Normal,,"11769,86",No,0,Normal,"No hay relevantes, puede operar sin problemas",,Ninguna falla identificada,18/04/2022 5:14:28 p. m.,fpertuz,,,"49,01","351,39","259,98",,0,,,,0,,,"8,966",20,19,17,0,"0,24",0,0,0,,,,,14/04/2022,2022,04,EX3600
0060141 ZSHI,60141,Análisis flúido,4/04/2022,0060141 ZSHI 20220404,"11584,62","11584,62","11584,62","791,05",55,Advertencia,Advertencia,,"11584,62",No,0,Advertencia,"Mexcla de fluido, se monitortea con cambio de filtracion por frecuencia",,Transferencia de fluido,11/04/2022 12:17:38 a. m.,fpertuz,,,"46,19","300,7","271,61",,0,,,,"4,7",,,"8,97",19,18,14,"0,57","7,23","0,56",6,0,,,,,4/04/2022,2022,04,EX3600
0060141 ZSHI,60141,Análisis flúido,8/02/2022,0060141 ZSHI 20220208,"10793,57","10793,57","10793,57","388,54",24,Advertencia,Advertencia,,"10793,57",No,0,Advertencia,Efectuaremos cambio de filtracion por rutina,,Alto conteo de partículas,13/02/2022 10:57:44 p. m.,fpertuz,,,"42,93","288,44","250,03",,0,,,,"2,7",,,"8,637",21,17,13,"0,89","9,84","0,36",5,"0,01",,,,,8/02/2022,2022,02,EX3600
0060141 ZSHI,60141,Análisis flúido,15/01/2022,0060141 ZSHI 20220115,"10405,03","10405,03","10405,03","781,9",49,Advertencia,Advertencia,,"10405,03",No,0,Advertencia,"Seguimiento a tendencia de cobre, equipo proximo a entrar a PM  en donde se cambiara filtracion completa por rutina de mantenimiento.",,Alto conteo de partículas,19/01/2022 9:45:13 p. m.,fpertuz,,,"27,92","300,88","229,93",,"0,03",,,,"2,77",,,"8,888",19,18,15,"0,76","9,91","0,33",5,"0,41",,,,,15/01/2022,2022,01,EX3600
0060141 ZSHI,60141,Análisis flúido,27/11/2021,0060141 ZSHI 20211127,"9623,13","9623,13","9623,13","420,78",30,Advertencia,Crítico,,"9623,13",No,0,Normal,En seguimiento al proximo PM  que tiene cambio de filtracion,,Alto conteo de partículas,7/12/2021 4:14:41 p. m.,fpertuz,,,"57,43","301,94","272,51",,0,,,,"2,11",,,"8,798",19,18,13,"0,53","13,48","0,23",5,"0,17",,,,,27/11/2021,2021,11,EX3600
0060141 ZSHI,60141,Análisis flúido,28/10/2021,0060141 ZSHI 20211028,"9202,35","9202,35","9202,35","23,77",2,Crítico,Crítico,,"9202,35",No,0,Advertencia,Ya tiene una OT tipo TR pendiente por ejecutar en el PM SH173568,,Alto conteo de partículas,30/10/2021 12:02:59 a. m.,fpertuz,,,"7,11","259,54","223,77",,"0,16",,,,"2,73",,,"9,006",23,22,18,"0,79","15,65","0,3",4,"0,77",,,,,28/10/2021,2021,10,EX3600
0060141 ZSHI,60141,Análisis flúido,26/10/2021,0060141 ZSHI 20211026,"9178,58","9178,58","9178,58","438,41",34,Advertencia,Crítico,,"9178,58",No,0,Advertencia,Se procesara una muestra mas reciente,,Alto conteo de partículas,29/10/2021 11:56:55 p. m.,fpertuz,,,"9,68","250,03","214,74",,"0,17",,,,"2,61",,,"8,946",21,19,14,1,"14,43","0,27",4,"0,1",,,,,26/10/2021,2021,10,EX3600
0060141 ZSHI,60141,Análisis flúido,22/09/2021,0060141 ZSHI 20210922,"8740,17","8740,17","8740,17","292,15",20,Advertencia,Crítico,,"8740,17",No,0,Advertencia,Los predictores de cobre está en rango crítico.,"1. Cambiar los filtros del sistema hidráulico de flujo pleno, by pass y alta eficiencia  2. Tome una muestra de aceite de 1LT y entréguela en laboratorio de tribología de Cerrejon para que Primax analice los resultados.  ",Alto conteo de partículas,27/09/2021 7:52:52 p. m.,fpertuz,"Acción: Cambiar los filtros (Prioridad: 3 - Acción en el siguiente Servicio (Máximo 21 días))  Situación: Closed  Realización de Notas en 2021-11-07 10:46:52 por cerrejon_web_service:  A.  Qu% encontr% al hacer el diagn%stico de la falla? (Parte, Modo)  SISTEMA HIDRAULICO (TRAKKA)  B.  Qu% trabajo se realiz%?  SISTEMA HIDRAULICO (TRAKKA)  C.  Cu%l fue la causa oposible causa de la falla? PARADA PROGRAMADA  D.  Qu% desvi    Cierre de notas en 2024-03-15 09:44:21 por etorres4:  Se Cierra Orden completada ,ante la mejoria en la salud del componente    ",,"7,74","258,88","264,25",,0,,,,"1,38",,,"8,712",20,18,14,"0,29","17,73",0,2,0,,,,,22/09/2021,2021,09,EX3600
0060141 ZSHI,60141,Análisis flúido,2/09/2021,0060141 ZSHI 20210902,"8448,02","8448,02","8448,02","106,44",10,Crítico,Crítico,,"8448,02",No,0,Advertencia,Se tiene la OT SH171759 de trakka pendiente por ejecutar,,Ninguna falla identificada,6/09/2021 12:12:48 a. m.,fpertuz,,,"20,62","348,87","358,11",,0,,,,"0,57",,,"8,689",19,18,15,"0,29","170,19",0,1,"0,95",,,,,2/09/2021,2021,09,EX3600
0060141 ZSHI,60141,Análisis flúido,23/08/2021,0060141 ZSHI 20210823,"8341,58","8341,58","8341,58","293,35",20,Advertencia,Crítico,,"8341,58",No,0,Advertencia,El predictor cobre están está en critico.,"1. Cambiar los filtros del sistema hidráulico de flujo pleno, by pass y alta eficiencia  2. Tome una muestra de aceite de 1LT y entréguela en laboratorio de tribología de Cerrejon para que Primax analice los resultados.  ",Alto conteo de partículas,30/08/2021 12:41:33 a. m.,fpertuz,"Acción: Cambiar los filtros (Prioridad: 3 - Acción en el siguiente Servicio (Máximo 21 días))  Situación: Closed  Realización de Notas en 2021-09-19 12:06:36 por cerrejon_web_service:  A.  Qu% encontr% al hacer el diagn%stico de la falla? (Parte, Modo)  SISTEMA HIDRAULICO (TRAKKA)  B.  Qu% trabajo se realiz%?  SISTEMA HIDRAULICO (TRAKKA)  C.  Cu%l fue la causa oposible causa de la falla? PARADA PROGRAMADA D.  Qu% desvia    Cierre de notas en 2024-03-15 09:44:22 por etorres4:  Se Cierra Orden completada ,ante la mejoria en la salud del componente    Acción: Muestrear Para Medir Propiedades De Aceite A Granel (Prioridad: 3 - Acción en el siguiente Servicio (Máximo 21 días))  Situación: Closed  Realización de Notas en 2021-09-19 12:06:36 por cerrejon_web_service:  A.  Qu% encontr% al hacer el diagn%stico de la falla? (Parte, Modo)  SISTEMA HIDRAULICO (TRAKKA)  B.  Qu% trabajo se realiz%?  SISTEMA HIDRAULICO (TRAKKA)  C.  Cu%l fue la causa oposible causa de la falla? PARADA PROGRAMADA D.  Qu% desvia    Cierre de notas en 2024-03-15 09:44:22 por etorres4:  Se Cierra Orden completada ,ante la mejoria en la salud del componente    ",,"2,55","174,9","239,36",,"0,77",,,,"1,68",,,"8,587",17,16,13,"0,33","25,53",0,2,"0,16",,,,,23/08/2021,2021,08,EX3600
0060141 ZSHI,60141,Análisis flúido,3/08/2021,0060141 ZSHI 20210803,"8048,23","8048,23","8048,23","231,81",20,Crítico,Crítico,,"8048,23",No,0,Advertencia,Los predictores de cobre está en rango crítico.,"1. Cambiar los filtros del sistema hidráulico de flujo pleno, by pass y alta eficiencia  2. Tome una muestra de aceite de 1LT y entréguela en laboratorio de tribología de Cerrejon para que Primax analice los resultados.  ",Alto conteo de partículas,6/08/2021 10:09:26 a. m.,fpertuz,"Acción: Cambiar los filtros (Prioridad: 3 - Acción en el siguiente Servicio (Máximo 21 días))  Situación: Closed  Realización de Notas en 2024-03-14 15:35:18 por etorres4:  TAREA EJECUTADA REPORTA LUIS NOVOA EL 20 AGOSTO 2021    Cierre de notas en 2024-03-14 16:24:07 por etorres4:  Se Cierra Orden completada ,ante la mejoria en la salud del componente    ",,"0,1","155,32","253,83",,"0,4",,3,4,"1,98",,13,"8,461",19,17,13,"0,26","26,11","0,12",2,0,,,,,3/08/2021,2021,08,EX3600
0060141 ZSHI,60141,Análisis flúido,14/07/2021,0060141 ZSHI 20210714,"7816,42","7816,42","7816,42","464,83",29,Crítico,Crítico,,"7816,42",No,0,Crítico,Los predictores de cobre está en rango critico.,"1. Cambiar los filtros del sistema hidráulico de flujo pleno, by pass y alta eficiencia  2. Tome una muestra de aceite de 1LT y entréguela en laboratorio de tribología de Cerrejon para que Primax analice los resultados.  ",Alto conteo de partículas,19/07/2021 2:22:54 p. m.,fpertuz,"Acción: Cambiar los filtros (Prioridad: 3 - Acción en el siguiente Servicio (Máximo 21 días))  Situación: Closed  Realización de Notas en 2021-08-03 12:17:30 por cerrejon_web_service:  A.  Qu% encontr% al hacer el diagn%stico de la falla? (Parte, Modo)  SISTEMA HIDRAULICO (TRAKKA)  B.  Qu% trabajo se realiz%?  SISTEMA HIDRAULICO (TRAKKA)  C.  Cu%l fue la causa oposible causa de la falla? PARADA PROGRAMADA  D.  Qu% desvi    Cierre de notas en 2024-03-15 09:44:18 por etorres4:  Se Cierra Orden completada ,ante la mejoria en la salud del componente    ",,"0,13","192,51","237,19",,"0,04",,,,"1,15",,,"8,611",20,17,15,"0,23","29,95",0,1,"0,11",,,,,14/07/2021,2021,07,EX3600
0060141 ZSHI,60141,Análisis flúido,15/06/2021,0060141 ZSHI 20210615,"7351,59","7351,59","7351,59","359,95",29,Crítico,Crítico,,"7351,59",No,0,Crítico,Los predictores de cobre está en rango critico.,"1. Cambiar los filtros del sistema hidráulico de flujo pleno, by pass y alta eficiencia  2. Tome una muestra de aceite de 1LT y entréguela en laboratorio de tribología de Cerrejon para que Primax analice los resultados.  ",Alto conteo de partículas,18/06/2021 4:16:44 p. m.,fpertuz,,,"0,89","199,79","227,26",,"0,26",,,,"1,81",,,"8,555",19,18,14,"0,51","27,36",0,1,"0,06",,,,,15/06/2021,2021,06,EX3600
0060141 ZSHI,60141,Análisis flúido,17/05/2021,0060141 ZSHI 20210517,"6991,64","6991,64","6991,64","553,97",39,Crítico,Crítico,,"6991,64",No,0,Crítico,El predictor de cobre esta en rangos criticos,"1. Cambiar los filtros del sistema hidráulico de flujo pleno, by pass y alta eficiencia  2. Tome una muestra de aceite de 1LT y entréguela en laboratorio de tribología de Cerrejon para que Primax analice los resultados.  ",Alto conteo de partículas,3/06/2021 11:06:36 a. m.,fpertuz,"Acción: Cambiar los filtros (Prioridad: 3 - Acción en el siguiente Servicio (Máximo 21 días))  Situación: Closed  Realización de Notas en 2021-06-09 12:14:26 por cerrejon_web_service:  SE EJECUTA DURANTE SEIS DE 250 HRS EL DIA 07 DE JUNIO DEL 2021 POR ALEX ROJANO    Cierre de notas en 2021-06-15 17:09:10 por fpertuz:  Se cambiaron los filtros del sistema, seguimiento a la muestra.    ",,"3,61","209,99","201,98",,0,,,,"1,03",,,"8,566",20,18,13,"0,13","26,93","0,03",1,"0,3",,,,,17/05/2021,2021,05,EX3600
0060141 ZSHI,60141,Análisis flúido,8/04/2021,0060141 ZSHI 20210408,"6437,67","6437,67","6437,67","449,75",30,Crítico,Crítico,,"6437,67",No,0,Crítico,Los predictores de cobre esta en rango critico.,"1. Cambiar los filtros del sistema hidráulico de flujo pleno, by pass y alta eficiencia  2. Tome una muestra de aceite de 1LT y entréguela en laboratorio de tribología de Cerrejon para que Primax analice los resultados.  ",Alto conteo de partículas,13/04/2021 11:03:21 p. m.,fpertuz,"Acción: Cambiar los filtros (Prioridad: 3 - Acción en el siguiente Servicio (Máximo 21 días))  Situación: Closed  Realización de Notas en 2021-05-02 18:55:17 por fpertuz:  Se ejecuto en parada de mantenimiento  Cierre de notas en 2021-06-15 17:09:33 por fpertuz:  Se cambiaron los filtros del sistema, seguimiento a la muestra.    ",,"0,3","270,9","214,17",,0,,,,"0,52",,,"8,434",17,16,12,0,"31,02",0,1,"0,52",,,,,8/04/2021,2021,04,EX3600
0060141 ZSHI,60141,Análisis flúido,9/03/2021,0060141 ZSHI 20210309,"5987,92","5987,92","5987,92","725,99",37,Crítico,Crítico,,"5987,92",No,0,Crítico,Los predictores de cobre está en rango crítico.,"1. Cambiar los filtros del sistema hidráulico de flujo pleno, by pass y alta eficiencia  2. Tome una muestra de aceite de 1LT y entréguela en laboratorio de tribología de Cerrejon para que Primax analice los resultados.  ",Alto conteo de partículas,9/06/2021 8:55:01 a. m.,fpertuz,"Acción: Cambiar los filtros (Prioridad: 3 - Acción en el siguiente Servicio (Máximo 21 días))  Situación: Closed  Realización de Notas en 2021-06-10 12:18:38 por cerrejon_web_service:  EJEUTADA DURANTE SEIS EL 9 JUNIO 2021    Cierre de notas en 2021-06-15 17:08:50 por fpertuz:  Se cambiaron los filtros del sistema, seguimiento a la muestra.    ",,"2,37",256,"231,97",,0,,,,"0,6",,,"8,567",20,18,15,0,"28,4",0,1,0,,,,,9/03/2021,2021,03,EX3600
0060141 ZSHI,60141,Análisis flúido,31/01/2021,0060141 ZSHI 20210131,"5261,93","5261,93","5261,93","441,43",36,Crítico,Crítico,,"5261,93",No,0,Crítico,Los predictores de cobre esta en rango critico,"1. Cambiar los filtros del sistema hidráulico de flujo pleno, by pass y alta eficiencia  2. Tome una muestra de aceite de 1LT y entréguela en laboratorio de tribología de Cerrejon para que Primax analice los resultados.  ",Alto conteo de partículas,3/02/2021 9:01:27 p. m.,fpertuz,Acción: Cambiar los filtros (Prioridad: 2 - Acción dentro de las dos Paradas Programadas (Máxi)  Situación: Closed  Realización de Notas en 2021-02-12 06:55:30 por cerrejon_web_service:  SE EJECUTA TAREA POR PERSONAL DE CHM MINERIA    Cierre de notas en 2021-02-17 16:32:35 por fpertuz:  EJECUTADO    ,,"5,3","308,4","207,8",,0,0,,,"0,8",,,"8,632",18,17,12,"0,1","31,6",0,1,"0,1",,,,,31/01/2021,2021,01,EX3600
0060141 ZSHI,60141,Análisis flúido,26/12/2020,0060141 ZSHI 20201226,"4820,5","4820,5","4820,5","451,32",130,Advertencia,Normal,,"4820,5",No,0,Normal,Pendiente a la siguiente muestra,,Ninguna falla identificada,28/12/2020 3:23:51 p. m.,fpertuz,,,"56,9","515,5","200,1",,0,,,,"0,6",,,"8,636",21,19,15,"0,5","0,7","0,2",0,0,,,,,26/12/2020,2020,12,EX3600
0060141 ZSHI,60141,Análisis flúido,18/08/2020,0060141 ZSHI 20200818,"4369,18","4369,18","4369,18","423,39",29,Crítico,Crítico,,"4369,18",No,0,Crítico,El predictor del cobre esta en rango critico.,1. Revisar estado de funcionamiento del filtro de alta eficiencia. (En caso que se detecte condicion con el filtro habilite en las proximas 24 Hrs)  2. Cambiar filtracion hidráulica  ,Alto conteo de partículas,26/08/2020 2:46:02 p. m.,fpertuz,Acción: Cambiar los filtros (Prioridad: 1 - Acción dentro de la Parada Actual Programada (Máxi)  Situación: Rejected  Notas de rechazo encendido 2020-12-28 15:43:23 por fpertuz:  Se vencio por huelga    ,,"19,6","373,6","211,2",,"0,2",,,,0,,,,20,19,16,0,"26,3",0,0,0,,,,,18/08/2020,2020,08,EX3600
0060141 ZSHI,60141,Análisis flúido,20/07/2020,0060141 ZSHI 20200720,"3945,79","3945,79","3945,79","221,69",14,Crítico,Crítico,,"3945,79",No,0,Normal,"Ya tiene una OT SH155321  con seguimiento periodico a la condicion evidenciada el pasado 6/7/2020, pendiente por el segundo cambio de filtros.",,Ninguna falla identificada,29/07/2020 12:06:29 a. m.,fpertuz,,,"23,3","345,6","140,1",,0,,,,"0,7",,,,17,15,10,"0,1","27,4",0,1,0,,,,,20/07/2020,2020,07,EX3600
0060141 ZSHI,60141,Análisis flúido,6/07/2020,0060141 ZSHI 20200706,"3724,1","3724,1","3724,1","340,54",20,Crítico,Crítico,,"3724,1",No,0,Crítico,El predictor del cobre esta en rangos criticos,"1.  Cambiar filtraciion de aceite hidraulico de flujo pleno, by pass, derivacion y alta eficiencia.  2. Tomar muestra de aceite de en recipiente de 1 litro y efectuar estu dio por medio de PRIMAX nuevamente",Alto conteo de partículas,11/07/2020 12:32:36 a. m.,fpertuz,Acción: Cambiar los filtros (Prioridad: 1 - Acción dentro de la Parada Actual Programada (Máxi)  Situación: Closed  Realización de Notas en 2020-08-04 18:02:19 por lgomez10:  EJEUCTADA DURANTE PM EL 28-07-2020    Cierre de notas en 2021-02-17 16:33:19 por fpertuz:  EJECUTADO    Acción: Muestrear Para Medir Propiedades De Aceite A Granel (Prioridad: 1 - Acción dentro de la Parada Actual Programada (Máxi)  Situación: Closed  Realización de Notas en 2020-08-04 18:02:19 por lgomez10:  EJEUCTADA DURANTE PM EL 28-07-2020    Cierre de notas en 2021-02-17 16:33:19 por fpertuz:  EJECUTADO    ,,"26,9","385,7","213,6",,0,,,,"0,7",,,,17,15,12,"0,7",34,0,1,0,,,,,6/07/2020,2020,07,EX3600
0060141 ZSHI,60141,Análisis flúido,16/06/2020,0060141 ZSHI 20200616,"3383,56","3383,56","3383,56","475,66",33,Advertencia,Normal,,"3383,56",No,0,Normal,"Los predictores regresaron a la normalidad, seguimiento a la siguiente muestra",,Ninguna falla identificada,21/06/2020 9:25:24 p. m.,fpertuz,,,"49,6","452,4","264,7",,0,,,,1,,,"8,318",20,19,16,"0,5",0,"0,2",0,0,,,,,16/06/2020,2020,06,EX3600
0060141 ZSHI,60141,Análisis flúido,14/05/2020,0060141 ZSHI 20200514,"2907,9","2907,9","2907,9","404,01",67,Crítico,Crítico,"2907,9","2907,9",No,0,Crítico,"Ya se cuenta con una Orden de trabajo para las recomendaciones asociadas al sistema hidraulico de este equipo, estamos a esperas de la ventana programada para efectuar el cambio del aceite y las demas recomendaciones.",,Altas horas del fluido,18/05/2020 9:38:24 a. m.,fpertuz,,,"11,3","206,7","257,8",,0,,,,"1,3",,,"7,764",19,17,13,"0,2","115,9",0,1,0,,,,,14/05/2020,2020,05,EX3600
0060141 ZSHI,60141,Análisis flúido,8/03/2020,0060141 ZSHI 20200308,"2503,89","2503,89","2503,89","630,57",35,Crítico,Crítico,"2503,89","2503,89",No,0,Crítico,Predictor de Cobre en estado critico y silico en advertencia.  ,"1. Cambie los filtros de flujo pleno, By pass, Derivación, Alta Eficiencia.  2. Verifique las alarmas de contaminación del equipo en el momento de la intervención.  3. Verifique las presiones de drenaje de los componentes hidráulicos.  4. Verifique tiempos de siclos del equipo.  5. Cambie el aceite hidráulico (Equipo con mezcla de aceite)",Ninguna falla identificada,17/03/2020 8:34:47 a. m.,fpertuz,"Acción: Verificar cambio de aceite (Prioridad: 2 - Acción dentro de las dos Paradas Programadas (Máxi)  Situación: Closed  Realización de Notas en 2020-06-01 10:35:27 por fpertuz:  1. Cambie los filtros de flujo pleno, By pass, Derivación, Alta Eficiencia.  2. Verifique las alarmas de contaminación del equipo en el momento de la intervención.  3. Verifique las presiones de drenaje de los componentes hidráulicos.  4. Verifique tiempos de siclos del equipo.  5. Cambie el aceite hidráulico (Equipo con mezcla de aceite)  Cierre de notas en 2020-06-01 10:35:26 por fpertuz:  Se cambio el aceite hidraulico, Se cambio toda la filtracion hidraulica, por rutina de mantenimiento le tocaba ya el cambio del aceite. A esperas de la siguiente muestra.    Acción: Cambiar los filtros (Prioridad: 2 - Acción dentro de las dos Paradas Programadas (Máxi)  Situación: Closed  Realización de Notas en 2020-06-01 10:35:26 por fpertuz:  1. Cambie los filtros de flujo pleno, By pass, Derivación, Alta Eficiencia.  2. Verifique las alarmas de contaminación del equipo en el momento de la intervención.  3. Verifique las presiones de drenaje de los componentes hidráulicos.  4. Verifique tiempos de siclos del equipo.  5. Cambie el aceite hidráulico (Equipo con mezcla de aceite)  Cierre de notas en 2020-06-01 10:35:26 por fpertuz:  Se cambio el aceite hidraulico, Se cambio toda la filtracion hidraulica, por rutina de mantenimiento le tocaba ya el cambio del aceite. A esperas de la siguiente muestra.    ",,"14,4","230,9","217,3",,"0,4",,,,"0,5",,,"7,881",20,19,15,0,"106,7","0,1",1,"0,3",,,,,8/03/2020,2020,03,EX3600
0060141 ZSHI,60141,Análisis flúido,2/02/2020,0060141 ZSHI 20200202,"1873,32","1873,32","1873,32","514,34",30,Crítico,Crítico,"1873,32","1873,32",No,0,Normal,Tomar otra muestra de aceite ya que los niveles se encuentran elevados,Seguir operando el componente,Ninguna falla identificada,5/02/2020 4:58:36 p. m.,,,,"22,8","295,3","288,2",,0,,,,"1,3",,,"7,896",20,18,14,"0,8","124,4",0,1,"0,2",,,,,2/02/2020,2020,02,EX3600
0060141 ZSHI,60141,Análisis flúido,3/01/2020,0060141 ZSHI 20200103,"1358,98","1358,98","1358,98","497,44",30,Crítico,Crítico,"1358,98","1358,98",No,0,Advertencia,"El predictor de cobre sigue sin estabilizar, eso puede ser producto de la mezcla del aceite N68 con el aceite de fabrica que contiene el sistema",Verifique el comportamiento de las alarmas de contaminacion y percatece que todos los componentes del sistema hidraulico esten trabajando bajo el estandar,Ninguna falla identificada,29/01/2020 11:08:22 a. m.,,Acción: Verificar El Tipo De Aceite (Prioridad: 3 - Acción en el siguiente Servicio (Máximo 21 días))  Situación: Rejected  Notas de rechazo encendido 2020-02-05 09:43:24 por fpertuztemp:  se tiene nueva medición.    ,,29,"358,5","301,1",,"0,1",,,,"0,7",,,"8,151",21,20,17,0,"57,6","0,1",1,"0,5",,,,,3/01/2020,2020,01,EX3600
0060141 ZSHI,60141,Análisis flúido,4/12/2019,0060141 ZSHI 20191204,"861,54","861,54","861,54","522,8",26,Crítico,Crítico,"861,54","861,54",No,0,Crítico,El Cobre sigue por encima del valor de advertencia. El resto de los predictores se encuentran dentro de los valores permisibles de uso.,"Recomendacion:  Realice las siguientes actividades con Prioridad P3:  1.- Drene el aceite en Uso,  2.- Verifique si se observan particulas metalicas en el aceite.  3.- Realice limpieza interna del Tanque para eliminar la contaminacion metalica y no metalica (Flushing).  4. Nuevamente complete con aceite limpio y nuevo.  Component Code: ZSHI  Standard Job: Duracion: 12 Horas; # tecnicos: 3  Prefijo: SH  Work Order Desc: ZSHI: Alto Cobre ocasionando por desgaste interno  Work Order Type: AN  Maintenance Type: PE  Extended Text: Nuevamente el Hierro continua en Aumento,  Job Codes CODIGO ESPECIAL: TR  Centro de Costo: XCMMAHTX  Prioridad: P3  ",Altos metales de desgaste,10/12/2019 7:56:35 a. m.,JRuiz,"Acción: Cambiar de aceite y filtros (Prioridad: 3 - Acción en el siguiente Servicio (Máximo 21 días))  Situación: Closed  Realización de Notas en 2019-12-18 13:01:46 por acamargo:    Cierre de notas en 2020-02-17 10:17:04 por lgomez10:  Mejoró la condición del aceite.     Acción: Drenar el Aceite, Limpiar a fondo, Rellenar Aceite (Prioridad: 3 - Acción en el siguiente Servicio (Máximo 21 días))  Situación: Closed  Realización de Notas en 2019-12-18 13:01:46 por acamargo:    Cierre de notas en 2020-02-17 10:17:04 por lgomez10:  Mejoró la condición del aceite.     ",,"8,6","98,8","263,8",,0,,,,1,,,"7,555",21,19,15,0,"153,2",0,1,"0,8",,,,,4/12/2019,2019,12,EX3600
0060141 ZSHI,60141,Análisis flúido,8/11/2019,0060141 ZSHI 20191108,"338,74","338,74","338,74",,,Crítico,Crítico,"338,74","338,74",No,0,Advertencia,"Primera muestra para este componente. Ligera disminución de la viscosidad, el cobre está por encima de las alertas de advertencia. Estos indicadores están en línea con la rotura en el desgaste de un nuevo componente. Todos los demás predictores permanecen estables y aceptables, continúe muestreando regularmente para construir tendencias.    First sample for this component. Slight decrease in Viscosity, Copper is above warning alerts. These indicators are in line with break in wear of a new component. All other predictors remain stable and acceptable, continue sampling regularly to build trends.       ",,Desgaste por asentamiento,11/11/2019 1:41:09 p. m.,,,,"10,9","122,3","282,2",,"0,7",,,,"0,9",,,"7,562",22,20,16,0,"166,3",0,1,0,,,,,8/11/2019,2019,11,EX3600
0060142 ZSHI,60142,Análisis flúido,30/07/2026,0060142 ZSHI 20260730,"27310,79","27310,79","27310,79","473,4",30,Normal,Crítico,,,No,0,Advertencia,"Los predictores del codigo ISO de limpieza estan en rango de advertencia.  Asistente, abre una OT tipo TR P2 con las siguientes recomendaciones   1.  Cambie los desfogues del tanque hidráulico.  2. Cambie los filtros del sistema (By pass, flujo pleno, piloto, drenaje y alta eficiencia).",,,3/08/2026 3:45:54 p. m.,jbenitez2,,,"170,92","92,99","195,59",,"0,72",,,,"8,74",,,"10,14",20,19,15,"4,38","0,86","3,31","7,45",0,,,,,30/07/2026,2026,07,EX3600
0060142 ZSHI,60142,Análisis flúido,30/06/2026,0060142 ZSHI 20260630,"26837,39","26837,39","26837,39","406,8",30,Normal,Crítico,,,No,0,Advertencia,"Los predictores del codigo ISO de limpieza estan en rango de advertencia.  Asistente, abre una OT tipo TR P2 con las siguientes recomendaciones   1.  Cambie los desfogues del tanque hidráulico.  2. Cambie los filtros del sistema (By pass, flujo pleno, piloto, drenaje y alta eficiencia).",,Alto conteo de partículas,2/07/2026 5:15:44 p. m.,jbenitez2,,,"291,14","119,69","237,88",,0,,,,"8,51",,,"10,1",20,18,13,"5,96","1,43",4,"8,65","1,99",,,,,30/06/2026,2026,06,EX3600
0060142 ZSHI,60142,Análisis flúido,31/05/2026,0060142 ZSHI 20260531,"26430,59","26430,59","26430,59","381,8",27,Normal,Crítico,,,No,0,Advertencia,"Los predictores del codigo ISO de limpieza estan en rango de advertencia.  Asistente, abre una OT tipo TR P3 con las siguientes recomendaciones y enventanarla el 17/6/2026   1.  Cambie los desfogues del tanque hidráulico.  2. Cambie los filtros del sistema (By pass, flujo pleno, piloto, drenaje y alta eficiencia).",,Alto conteo de partículas,4/06/2026 1:54:56 p. m.,jbenitez2,,,"99,03","32,83","130,02",,"0,32",,,,"1,56",,,"10,74",21,18,15,"1,55","0,22","0,82","1,59","0,23",,,,,31/05/2026,2026,05,EX3600
0060142 ZSHI,60142,Análisis flúido,4/05/2026,0060142 ZSHI 20260504,"26048,79","26048,79","26048,79","694,4",45,Normal,Crítico,,,No,0,Advertencia,"Los predictores del codigo ISO de limpieza estan en rango de advertencia.  Asistente, abre una OT tipo TR P2 con las siguientes recomendaciones y enventanarla el 19/5/2026    1.  Cambie los desfogues del tanque hidráulico.  2. Cambie los filtros del sistema (By pass, flujo pleno, piloto, drenaje y alta eficiencia).",,Alto conteo de partículas,8/05/2026 8:43:57 a. m.,jbenitez2,,,"60,71","4,37","53,49",,0,,2,21,"1,43",,28,"11,19",20,19,16,0,"0,01",0,"0,39","0,91",,,,,4/05/2026,2026,05,EX3600
0060142 ZSHI,60142,Análisis flúido,20/03/2026,0060142 ZSHI 20260320,"25354,39","25354,39","25354,39","344,7",21,Normal,Crítico,,,No,0,Normal,ACTUALMENTE SE LE ESTA CAMBIANDO ACEITE Y FILTROS ,,Ninguna falla identificada,25/03/2026 2:03:49 p. m.,jbenitez2,,,"59,9","2,8","81,82",,0,,2,21,"0,45",,28,"11,131",21,19,14,"0,25","0,01",0,"0,4",0,,,,,20/03/2026,2026,03,EX3600
0060142 ZSHI,60142,Análisis flúido,27/02/2026,0060142 ZSHI 20260227,"25009,69","25009,69","25009,69","253,1",14,Normal,Crítico,,,No,0,Advertencia,YA SE TIENE UNA OT PARA ESTE COMPONENTE #1627009,,Alto conteo de partículas,4/03/2026 8:16:53 a. m.,jbenitez2,,,"66,29","30,82","129,28",,"0,14",,,,"3,71",,,"9,87",20,19,15,"2,83","0,98","6,06","5,27",0,,,,,27/02/2026,2026,02,EX3600
0060142 ZSHI,60142,Análisis flúido,13/02/2026,0060142 ZSHI 20260213,"24756,59","24756,59","24756,59","219,8",16,Normal,Crítico,,,No,0,Advertencia,"Los predictores del codigo ISO de limpieza estan en rango de advertencia.  Asistente, abre una OT tipo TR P3 con las siguientes recomendaciones   1.  Cambie los desfogues del tanque hidráulico.  2. Cambie los filtros del sistema (By pass, flujo pleno, piloto, drenaje y alta eficiencia)  ",,Alto conteo de partículas,17/02/2026 7:41:58 a. m.,jbenitez2,,,"72,49","26,74","136,74",,0,,3,22,"6,28",,28,"9,9",25,23,19,"2,85","1,18","4,57","6,98","0,38",,,,,13/02/2026,2026,02,EX3600
0060142 ZSHI,60142,Análisis flúido,28/01/2026,0060142 ZSHI 20260128,"24536,79","24536,79","24536,79","539,8",33,Normal,Crítico,,,No,0,Advertencia,"Los predictores del codigo ISO de limpieza estan en rango de advertencia.  Asistente, abre una OT tipo TR P3 con las siguientes recomendaciones   1.  Cambie los desfogues del tanque hidráulico.  2. Cambie los filtros del sistema (By pass, flujo pleno, piloto, drenaje y alta eficiencia)  ",,Alto conteo de partículas,4/02/2026 10:09:34 a. m.,jbenitez2,,,"65,39","8,49","99,55",,0,,,,"1,13",,,"11,067",22,21,18,"0,25","0,05","0,03",0,0,,,,,28/01/2026,2026,01,EX3600
0060142 ZSHI,60142,Análisis flúido,26/12/2025,0060142 ZSHI 20251226,"23996,99","23996,99","23996,99","881,3",53,Normal,Crítico,,,No,0,Advertencia,"Los predictores del codigo ISO de limpieza estan en rango de advertencia.  Asistente, abre una OT tipo TR P3 con las siguientes recomendaciones   1.  Cambie los desfogues del tanque hidráulico.  2. Cambie los filtros del sistema (By pass, flujo pleno, piloto, drenaje y alta eficiencia)  Pedir el elemento filtrante STOCK: 483074 cant 6 se debe solicitar este filtro de flujo pleno.",,Alto conteo de partículas,6/01/2026 12:47:28 p. m.,jbenitez2,,,"71,18","41,66","126,22",,"0,51",,,,"6,41",,,"9,8",19,18,16,"3,45","0,64","1,87","7,55",0,,,,,26/12/2025,2025,12,EX3600
0060142 ZSHI,60142,Análisis flúido,3/11/2025,0060142 ZSHI 20251103,"23115,69","23115,69","23115,69","272,6",15,Normal,Crítico,,,No,0,Normal,"Todos los predictores permanecen dentro de los límites aceptables, continúe monitoreando de cerca.  ",,Ninguna falla identificada,26/12/2025 7:20:58 a. m.,jbenitez2,,,"99,09","52,41","201,49",,0,,3,22,"5,55",,28,"9,86",15,14,9,"3,43","0,79","1,43","5,91",0,,,,,3/11/2025,2025,11,EX3600
0060142 ZSHI,60142,Análisis flúido,19/10/2025,0060142 ZSHI 20251019,"22843,09","22843,09","22843,09","518,9",33,Normal,Crítico,,,No,0,Advertencia,"Los predictores del codigo ISO de limpieza estan en rango de advertencia.    Asistente, abre una OT tipo TR P3 con las siguientes recomendaciones.    1.  Cambie los desfogues del tanque hidráulico.  2. Cambie los filtros del sistema (By pass, flujo pleno, piloto, drenaje y alta eficiencia)  ",,Alto conteo de partículas,28/10/2025 11:51:14 a. m.,jbenitez2,,,"75,22","26,29","92,12",,0,,2,20,"3,67",,26,"10,725",24,22,18,"1,85","0,51","1,05","3,9","0,73",,,,,19/10/2025,2025,10,EX3600
0060142 ZSHI,60142,Análisis flúido,16/09/2025,0060142 ZSHI 20250916,"22324,19","22324,19","22324,19","544,9",34,Normal,Crítico,,,No,0,Normal,"EQUIPO SE ENCUENTRA EN PARAMETROS NORMALES, PUEDE SEGUIR OPERANDO",,Ninguna falla identificada,6/10/2025 10:44:15 a. m.,jbenitez2,,,"85,92","38,37","120,44",,0,,2,21,"3,56",,28,"10,123",19,17,13,"0,3","0,75","0,7","1,76",0,,,,,16/09/2025,2025,09,EX3600
0060142 ZSHI,60142,Análisis flúido,13/08/2025,0060142 ZSHI 20250813,"21779,29","21779,29","21779,29",299,16,Normal,Crítico,,,No,0,Advertencia,YA SE TIENE UNA ORDEN PROCESADA PARA ESTE COMPONENTE 1520485,,Ninguna falla identificada,19/08/2025 1:20:20 p. m.,jbenitez2,,,"66,95","16,78","118,93",,0,,,,"0,57",,,11,20,18,14,0,"0,06",0,0,0,,,,,13/08/2025,2025,08,EX3600
0060142 ZSHI,60142,Análisis flúido,28/07/2025,0060142 ZSHI 20250728,"21480,29","21480,29","21480,29","131,6",7,Normal,Crítico,,,No,0,Normal,"ACEITE NUEVO EQUIPO RECIEN SALIDO DE PARADA ANUAL , SE TOMARA CONTRAMUESTRA",,Ninguna falla identificada,30/07/2025 9:54:07 a. m.,jbenitez2,,,"130,93","74,32","136,6",,"0,1",,2,20,"3,51",,27,"10,472",24,22,18,"1,02","0,51","0,83","2,18",0,,,,,28/07/2025,2025,07,EX3600
0060142 ZSHI,60142,Análisis flúido,21/07/2025,0060142 ZSHI 20250721,"21348,69","21348,69","21348,69",318,37,Normal,Crítico,,,No,0,Normal,"equipo recien salido de parada anual , se tendra bajo monitoreo.",,Ninguna falla identificada,28/07/2025 4:38:01 p. m.,jbenitez2,,,"141,96","70,92","56,49",,0,,2,20,"1,26",,27,"10,7",21,20,14,"0,43","0,4","1,03","1,48","1,47",,,,,21/07/2025,2025,07,EX3600
0060142 ZSHI,60142,Análisis flúido,14/06/2025,0060142 ZSHI 20250614,"21030,69","21030,69","21030,69","433,4",28,Normal,Crítico,,,No,0,Advertencia,EQUIPO SE TIENE EN SEGUIMIENTO CAMBIO DEL ACEITE EN PARADA ANUAL ENTRA EL DIA 25/6/2025,,Ninguna falla identificada,16/06/2025 9:07:10 a. m.,jbenitez2,,,"96,84","75,49","112,97",,0,,,,"7,9",,,"9,87",17,15,11,"4,26","0,35","8,55","9,64",0,,,,,14/06/2025,2025,06,EX3600
0060142 ZSHI,60142,Análisis flúido,17/05/2025,0060142 ZSHI 20250517,"20597,29","20597,29","20597,29","284,4",24,Normal,Crítico,,,No,0,Advertencia,"los pedictores de calcio,cinc,nitracionm silicio,sulftacion,viscosidad en critico.    Asistente, abre una OT tipo TR P3 enventanarla el dia 5/6/2025 que es su proximo pm con las siguientes recomendaciones.    1.  Cambie los desfogues del tanque hidráulico.  2. Cambie los filtros del sistema (By pass, flujo pleno, piloto, drenaje y alta eficiencia)  ",,Ninguna falla identificada,20/05/2025 9:23:36 a. m.,jbenitez2,,,"112,29","76,58","106,15",,0,,3,22,"8,5",,27,"9,8",19,17,13,"4,87","0,41","7,92","10,07",0,,,,,17/05/2025,2025,05,EX3600
0060142 ZSHI,60142,Análisis flúido,23/04/2025,0060142 ZSHI 20250423,"20312,89","20312,89","20312,89","307,43",17,Normal,Crítico,,,No,0,Normal,SE TENDRA EN BAJO MONITOREO,,Ninguna falla identificada,28/04/2025 3:29:13 p. m.,jbenitez2,,,"136,52","89,79","162,36",,"0,58",,,,"10,42",,,"9,81",19,17,9,"5,32","0,46","5,71","11,45",0,,,,,23/04/2025,2025,04,EX3600
0060142 ZSHI,60142,Análisis flúido,6/04/2025,0060142 ZSHI 20250406,"20005,46","20005,46","20005,46","45,6",3,Normal,Crítico,,,No,0,Normal,"EQUIPO EN PARAMETROS NORMALES , SE TENDRA BAJO MONITOREO.",,Ninguna falla identificada,28/04/2025 3:03:37 p. m.,jbenitez2,,,"69,1","2,52","108,68",,0,,2,21,"0,77",,28,"11,075",19,18,14,"0,25",0,0,"0,11",0,,,,,6/04/2025,2025,04,EX3600
0060142 ZSHI,60142,Análisis flúido,3/04/2025,0060142 ZSHI 20250403,"19959,86","19959,86","19959,86","601,6",53,Normal,Crítico,,,No,0,Normal,SE TENDRA EN BAJO MONITOREO,,Ninguna falla identificada,28/04/2025 3:23:13 p. m.,jbenitez2,,,"55,56","3,02","79,59",,0,,2,21,"0,78",,28,"11,118",21,19,17,0,"0,05","0,32","0,27",0,,,,,3/04/2025,2025,04,EX3600
0060142 ZSHI,60142,Análisis flúido,9/02/2025,0060142 ZSHI 20250209,"19358,26","19358,26","19358,26","408,1",26,Normal,Crítico,,,No,0,Normal,"Se cambio la filtracion, volver a tomar muestra para corroborar mejoria.",,Ninguna falla identificada,13/02/2025 10:26:29 p. m.,lrodriguez,,,"80,31","2,42","113,18",,0,,,,"1,54",,,"10,969",22,20,17,0,"0,03",0,"0,04",0,,,,,9/02/2025,2025,02,EX3600
0060142 ZSHI,60142,Análisis flúido,14/01/2025,0060142 ZSHI 20250114,"18950,16","18950,16","18950,16","626,2",40,Normal,Crítico,,,No,0,Advertencia,"Los predictores del codigo ISO de limpieza se encuentra en advertencia:    Asistente, abre una OT tipo TR P2 con las siguientes recomendaciones.    1. Cambie los desfogues del tanque hidráulico.  2. Cambie los filtros del sistema (By pass, flujo pleno, piloto, drenaje y alta eficiencia)",,Entrada de polvo,22/01/2025 3:47:41 p. m.,lrodriguez,Acción: Cambiar los filtros (Prioridad: 2 - Acción dentro de las dos Paradas Programadas (Máxi)  Situación: Recommended      ,,"68,37","40,35","132,58",,0,,,,"4,37",,,"9,9",22,20,17,"2,29","0,35","1,74","4,74",0,,,,,14/01/2025,2025,01,EX3600
0060142 ZSHI,60142,Análisis flúido,5/12/2024,0060142 ZSHI 20241205,"18323,96","18323,96","18323,96","287,1",21,Normal,Normal,,,No,0,Normal,"Todos los predictores en rango normal, seguir monitoreando de cerca.",,Ninguna falla identificada,18/12/2024 8:58:52 a. m.,lrodriguez,,,"71,3","49,17","140,3",,0,,,,"2,64",,,"9,95",17,15,11,"1,18","0,34","0,87","2,59","0,71",,,,,5/12/2024,2024,12,EX3600
0060142 ZSHI,60142,Análisis flúido,14/11/2024,0060142 ZSHI 20241114,"18036,86","18036,86","18036,86","59,2",5,Normal,Crítico,,,No,0,Advertencia,"Los predictores del silicio y codigo de limpieza ISO  están en rangos de advertencia.    Asistente, abre una OT tipo TR P3 con las siguientes recomendaciones.    1. Cambie los desfogues del tanque hidráulico.  2. Cambie los filtros del sistema (By pass, flujo pleno y alta eficiencia)  ",,Entrada de polvo,1/12/2024 10:32:41 p. m.,lrodriguez,Acción: Cambiar los filtros (Prioridad: 1 - Acción dentro de la Parada Actual Programada (Máxi)  Situación: Recommended      ,,"75,06","64,06","165,26",,0,,,,18,,,9,27,26,23,"2,89","0,32","0,62","7,78","0,05",,,,,14/11/2024,2024,11,EX3600
0060142 ZSHI,60142,Análisis flúido,9/11/2024,0060142 ZSHI 20241109,"17977,66","17977,66","17977,66","658,1",53,Normal,Crítico,,,No,0,Advertencia,"Los conteos de partículas son ligeramente elevados, sin embargo mínimos. Teniendo en cuenta que todos los otros predictores permanecen dentro de los límites aceptables, continúe monitoreando de cerca.  Particle counts are slightly elevated, However minimal. Considering all other predictors remain within acceptable limits, continue to monitor closely.  ",,Alto conteo de partículas,15/11/2024 8:44:33 p. m.,sysadmin,,,"70,68","54,56","129,6",,0,,,,"2,32",,,10,23,21,16,"0,84","0,34","0,58","1,83","1,37",,,,,9/11/2024,2024,11,EX3600
0060142 ZSHI,60142,Análisis flúido,17/09/2024,0060142 ZSHI 20240917,"17319,56","17319,56","17319,56","707,2",55,Normal,Crítico,,,No,0,Advertencia,"Los predictores de viscosidad y codigos de limpieza se encuentran en advertencia.    1.  Inspeccione fuentes de desgaste anormal, revise alarmas de contaminación del equipo y tiempos de ciclo por movimiento, medición de parámetros de componentes hidráulicos.  2. Verifique las presiones de drenaje de todos los componentes del sistema (Bombas y motores)  3. Inspeccione condiciones en los motores hidraulicos de enfriamiento de refrigerante e hidraulico, tome las temperaturas de cada motor por separado.  4. Cambie los desfogues del tanque hidráulico.  5. Cambie los filtros del sistema (By pass, flujo pleno, piloto, drenaje y alta eficiencia)  6. Corte el filtro de drenaje y verifique presencia de particulas metalicas.",,Entrada de polvo,29/09/2024 7:06:38 p. m.,lrodriguez,Acción: Inspeccionar las fuentes de entrada de la suciedad (Prioridad: 2 - Acción dentro de las dos Paradas Programadas (Máxi)  Situación: Recommended      ,,"71,91","21,14","115,65",,"2,95",,,,"2,01",,,"10,772",23,21,18,0,"0,07","0,08","0,52",0,,,,,17/09/2024,2024,09,EX3600
0060142 ZSHI,60142,Análisis flúido,24/07/2024,0060142 ZSHI 20240724,"16612,36","16612,36","16612,36","866,8",73,Normal,Crítico,,,No,0,Normal,"Todos los predictores en rango normal, seguir monitoreando de cerca.",,Ninguna falla identificada,1/08/2024 11:17:11 p. m.,lrodriguez,,,"76,9","19,3","32,67",,0,,,,"0,9",,,"10,933",20,19,16,"0,64","0,02",0,"0,2",0,,,,,24/07/2024,2024,07,EX3600
0060142 ZSHI,60142,Análisis flúido,12/05/2024,0060142 ZSHI 20240512,"15745,56","15745,56","15745,56","126,3",7,Normal,Crítico,,,No,0,Advertencia,"ya tenemos una orden abierta para este componente, se tomara una contramuestra ",,Ninguna falla identificada,29/05/2024 11:35:31 a. m.,fpertuz,,,"33,1","370,87","288,98",,0,,,,"1,83",,,11,22,21,18,0,"0,11","0,03","0,03","0,3",,,,,12/05/2024,2024,05,EX3600
0060142 ZSHI,60142,Análisis flúido,5/05/2024,0060142 ZSHI 20240505,"15619,26","15619,26","15619,26","283,4",23,Normal,Advertencia,,,No,0,Advertencia,el predictor del silicio se encuentra en advertencia,"1.  Inspeccione fuentes de desgaste anormal, revise alarmas de contaminación del equipo y tiempos de ciclo por movimiento, medición de parámetros de componentes hidráulicos  2. Verifique las presiones de drenaje de todos los componentes del sistema (Bombas y motores)  3. Inspeccione condiciones de los cilindros hidráulicos por presencia de cromo en el aceite.  3. Cambie los desfogues del tanque hidráulico.  4. Cambie los filtros del sistema (By pass, flujo pleno y alta eficiencia)  ",Ninguna falla identificada,16/05/2024 3:42:12 p. m.,fpertuz,,,"45,97","348,04","335,31",,0,,,,"7,21",,,"9,1",19,17,15,"2,51","2,56","0,97","4,68","0,23",,,,,5/05/2024,2024,05,EX3600
0060142 ZSHI,60142,Análisis flúido,12/04/2024,0060142 ZSHI 20240412,"15335,86","15335,86","15335,86","545,95",35,Normal,Normal,,,No,0,Normal,"Todos los predictores permanecen dentro de los límites aceptables, continúe monitoreando de cerca.  ",,Ninguna falla identificada,17/04/2024 9:43:06 p. m.,sysadmin,,,"30,73","322,08","230,53",,"0,06",,,,"1,77",,,"8,3",21,19,15,"0,41","0,1","0,16",0,"0,28",,,,,12/04/2024,2024,04,EX3600
0060142 ZSHI,60142,Análisis flúido,8/03/2024,0060142 ZSHI 20240308,"14789,91","14789,91","14789,91","549,4",34,Normal,Normal,,,No,0,Normal,SEGUIR OPERANDO PREDICTORES EN RANGO ,SEGUIR OPERANDO PREDICTORES EN RANGO ,Ninguna falla identificada,14/03/2024 2:23:22 p. m.,DMartinez,,,"43,78","393,3","279,34",,0,,,,"1,53",,,"8,5",20,17,13,0,"0,04","0,13","0,14","0,26",,,,,8/03/2024,2024,03,EX3600
0060142 ZSHI,60142,Análisis flúido,3/02/2024,0060142 ZSHI 20240203,"14240,51","14240,51","14240,51","553,2",38,Normal,Advertencia,,,No,0,Advertencia,el predictor del silicio se encuentra en advertencia,"1.  Inspeccione fuentes de desgaste anormal, revise alarmas de contaminación del equipo y tiempos de ciclo por movimiento, medición de parámetros de componentes hidráulicos  2. Verifique las presiones de drenaje de todos los componentes del sistema (Bombas y motores)  3. Inspeccione condiciones de los cilindros hidráulicos por presencia de cromo en el aceite.  3. Cambie los desfogues del tanque hidráulico.  4. Cambie los filtros del sistema (By pass, flujo pleno y alta eficiencia)  ",Ninguna falla identificada,7/02/2024 3:41:31 p. m.,fpertuz,,,"69,37","293,58","320,15",,0,,,,"8,74",,,"8,88",22,20,16,"2,89","4,15","1,77","5,52","0,69",,,,,3/02/2024,2024,02,EX3600
0060142 ZSHI,60142,Análisis flúido,27/12/2023,0060142 ZSHI 20231227,"13687,31","13687,31","13687,31","480,9",29,Normal,Normal,,,No,0,Normal,"Todos los predictores permanecen dentro de los límites aceptables, continúe monitoreando de cerca.  ",,Ninguna falla identificada,2/01/2024 6:53:45 a. m.,sysadmin,,,"73,51","347,01","262,33",,0,,,,"5,95",,,"8,83",17,15,11,"1,43","3,92","2,03","4,55","0,64",,,,,27/12/2023,2023,12,EX3600
0060142 ZSHI,60142,Análisis flúido,28/11/2023,0060142 ZSHI 20231128,"13206,41","13206,41","13206,41","364,4",24,Normal,Normal,,,No,0,Normal,"Todos los predictores permanecen dentro de los límites aceptables, continúe monitoreando de cerca.  ",,Ninguna falla identificada,4/12/2023 2:35:05 p. m.,fpertuz,,,"74,89","330,23","243,96",,"0,15",,,,"5,63",,,,19,18,15,"1,89","4,6","2,6","4,9",0,,,,,28/11/2023,2023,11,EX3600
0060142 ZSHI,60142,Análisis flúido,4/11/2023,0060142 ZSHI 20231104,"12842,01","12842,01","12842,01","361,8",25,Normal,Advertencia,,,No,0,Advertencia,"Los predictores del cobre, cromo y hierro están en rangos de advertencia.","1.  Inspeccione fuentes de desgaste anormal, revise alarmas de contaminación del equipo y tiempos de ciclo por movimiento, medición de parámetros de componentes hidráulicos  2. Verifique las presiones de drenaje de todos los componentes del sistema (Bombas y motores)  3. Inspeccione condiciones de los cilindros hidráulicos por presencia de cromo en el aceite.  3. Cambie los desfogues del tanque hidráulico.  4. Cambie los filtros del sistema (By pass, flujo pleno y alta eficiencia)  ",Altos metales de desgaste,11/11/2023 5:33:15 p. m.,fpertuz,"Acción: Cambiar los filtros (Prioridad: 3 - Acción en el siguiente Servicio (Máximo 21 días))  Situación: Closed  Realización de Notas en 2024-07-22 10:13:43 por etorres4:  1.  Inspeccione fuentes de desgaste anormal, revise alarmas de contaminación del equipo y tiempos de ciclo por movimiento, medición de parámetros de componentes hidráulicos  2. Verifique las presiones de drenaje de todos los componentes del sistema (Bombas y motores)  3. Inspeccione condiciones de los cilindros hidráulicos por presencia de cromo en el aceite.  3. Cambie los desfogues del tanque hidráulico.  4. Cambie los filtros del sistema (By pass, flujo pleno y alta eficiencia)    Cierre de notas en 2025-03-10 06:32:03 por hpineda:  SE CIERRA POR MEJORIA EN EL COMPONENTE      Acción: Inspeccionar si hay fuentes de entrada de agua (Prioridad: 3 - Acción en el siguiente Servicio (Máximo 21 días))  Situación: Closed  Realización de Notas en 2024-07-22 10:13:40 por etorres4:  1.  Inspeccione fuentes de desgaste anormal, revise alarmas de contaminación del equipo y tiempos de ciclo por movimiento, medición de parámetros de componentes hidráulicos  2. Verifique las presiones de drenaje de todos los componentes del sistema (Bombas y motores)  3. Inspeccione condiciones de los cilindros hidráulicos por presencia de cromo en el aceite.  3. Cambie los desfogues del tanque hidráulico.  4. Cambie los filtros del sistema (By pass, flujo pleno y alta eficiencia)    Cierre de notas en 2025-03-10 06:32:03 por hpineda:  SE CIERRA POR MEJORIA EN EL COMPONENTE      ",,"91,22","386,98","240,53",,"0,16",,3,4,"8,41",,12,"8,84",20,19,15,"3,14","5,96","3,36","6,96","0,51",,,,,4/11/2023,2023,11,EX3600
0060142 ZSHI,60142,Análisis flúido,10/10/2023,0060142 ZSHI 20231010,"12480,21","12480,21","12480,21","674,3",41,Normal,Advertencia,,,No,0,Advertencia,Los predictores metálicos y entrada de tierra están en rangos de advertencia por silicio,"Se inspeccionara impacto por condicion de fuga por sello espejo, fuente de entrada de polvo",Entrada de polvo,11/11/2023 5:03:03 p. m.,fpertuz,,,"92,71","281,05","325,72",,0,,,,"8,06",,,"8,81",24,21,13,"1,89","5,25","2,27","6,24",0,,,,,10/10/2023,2023,10,EX3600
0060142 ZSHI,60142,Análisis flúido,30/08/2023,0060142 ZSHI 20230830,"11805,91","11805,91","11805,91","544,8",32,Normal,Advertencia,,,No,0,Normal,"Predictor de cobre en advertencia, se mantiene en seguimeinto la salud del componente. ","Predictor de cobre en advertencia, se mantiene en seguimeinto la salud del componente. ",Ninguna falla identificada,4/09/2023 3:15:00 p. m.,fpertuz,,,"102,21","264,27","359,72",,"2,19",,,,"6,51",,,"8,6",19,18,14,"0,58","5,34","1,55","5,63","0,05",,,,,30/08/2023,2023,08,EX3600
0060142 ZSHI,60142,Análisis flúido,29/07/2023,0060142 ZSHI 20230729,"11261,11","11261,11","11261,11","531,7",35,Normal,Normal,,,No,0,Normal,"Todos los predictores permanecen dentro de los límites aceptables, continúe monitoreando de cerca.  ",,Ninguna falla identificada,31/07/2023 9:02:54 a. m.,sysadmin,,,"31,23","340,61",255,,"0,12",,,,"1,27",,,"8,6",19,17,14,"0,32","0,14","0,12","0,09",0,,,,,29/07/2023,2023,07,EX3600
0060142 ZSHI,60142,Análisis flúido,24/06/2023,0060142 ZSHI 20230624,"10729,41","10729,41","10729,41","597,4",40,Normal,Advertencia,,,No,0,Normal,Predictores se mantienen.,Predictores se mantienen.,Ninguna falla identificada,29/06/2023 10:13:30 a. m.,fpertuz,,,"55,31","311,04","282,05",,"0,14",,3,3,"5,08",,12,"8,7",19,16,10,"0,89","6,18","0,38","4,43","0,73",,,,,24/06/2023,2023,06,EX3600
0060142 ZSHI,60142,Análisis flúido,15/05/2023,0060142 ZSHI 20230515,"10132,01","10132,01","10132,01","1056,2",60,Advertencia,Advertencia,,,No,0,Normal,"Predictor de cobre en advertencia, se mantiene en seguimeinto la salud del componente. ",,Ninguna falla identificada,8/06/2023 5:36:33 p. m.,fpertuz,,,"30,41","318,35","318,75",,0,,,,"3,08",,,"8,72",21,19,15,"0,1","6,09","0,2","2,61","0,22",,,,,15/05/2023,2023,05,EX3600
0060142 ZSHI,60142,Análisis flúido,16/03/2023,0060142 ZSHI 20230316,"9075,81","9075,81","9075,81","171,8",12,Advertencia,Advertencia,,,No,0,Advertencia,"Predictor de cobre en advertencia, producto de la destruccion interna de los motores de giro de la maquina, tendencia a la baja.",,Altos metales de desgaste,10/04/2023 2:09:35 p. m.,fpertuz,,,"29,88","349,9","266,79",,0,,,,"3,15",,,"8,7",20,18,14,"0,35","5,22","0,06","3,49",0,,,,,16/03/2023,2023,03,EX3600
0060142 ZSHI,60142,Análisis flúido,4/03/2023,0060142 ZSHI 20230304,"8904,01","8904,01","8904,01","140,3",14,Advertencia,Advertencia,,,No,0,Advertencia,"Predictor de cobre en advertencia, componente en seguimiento por alarmas de contaminacion repetitivas. Se procedio al cambio de aceite hidraulico.",,Altos metales de desgaste,16/03/2023 9:37:50 p. m.,fpertuz,,,"29,89","300,1","302,11",,0,,,,"3,35",,,"8,85",22,18,13,"0,51","11,74",0,"5,76",0,,,,,4/03/2023,2023,03,EX3600
0060142 ZSHI,60142,Análisis flúido,18/02/2023,0060142 ZSHI 20230218,"8763,71","8763,71","8763,71","766,3",46,Crítico,Crítico,,,No,0,Advertencia,Aceite hidraulico cambiado en la parada anual del 19 de Febrero.,Se realizara nueva toma de muestra de aceite hidraulico para revisar estado real de la salud del componente.,Altos metales de desgaste,27/02/2023 1:16:24 p. m.,fpertuz,,,"23,27","196,1","300,64",,0,,,,"5,17",,,"8,95",21,20,15,1,"30,15","0,15","9,99","0,7",,,,,18/02/2023,2023,02,EX3600
0060142 ZSHI,60142,Análisis flúido,3/01/2023,0060142 ZSHI 20230103,"7997,41","7997,41","7997,41","348,7",20,Crítico,Normal,,,No,0,Normal,Predictores se encuentran en rango.,,Ninguna falla identificada,10/01/2023 7:39:11 a. m.,fpertuz,,,"39,21","374,81","306,63",,0,,,,"2,68",,,"8,77",23,21,18,"0,13","0,15",0,"0,2","0,62",,,,,3/01/2023,2023,01,EX3600
0060142 ZSHI,60142,Análisis flúido,14/12/2022,0060142 ZSHI 20221214,"7648,71","7648,71","7648,71","126,4",6,Crítico,Crítico,,,No,0,Crítico,Los predictores de cobre y hierro se encuentran en critico.     ,"1. Inspeccionar fuentes de desgaste anormal, revise alarmas de contaminación del equipo y tiempos de ciclo por movimiento, medición de parámetros de componentes hidráulicos.  2. Verifique las presiones de drenaje de todos los componentes del sistema (Bombas y motores).  3. Programar el cambio de toda la filtración y toma de contra-muestra de aceite.  4. Cambie los desfogues del tanque hidráulico.  5. Cambie los filtros del sistema (By pass, drenaje, flujo pleno y alta eficiencia)  ",Ninguna falla identificada,29/12/2022 8:23:02 a. m.,fpertuz,"Acción: Cambiar los filtros (Prioridad: 3 - Acción en el siguiente Servicio (Máximo 21 días))  Situación: Closed  Realización de Notas en 2023-01-18 17:19:14 por cerrejon_web_service:    Cierre de notas en 2024-03-15 11:20:46 por etorres4:  Se Cierra Orden completada ,ante la mejoria en la salud del componente    Acción: Tomar muestra de aceite (Prioridad: 3 - Acción en el siguiente Servicio (Máximo 21 días))  Situación: Closed  Realización de Notas en 2023-01-18 17:19:14 por cerrejon_web_service:    Cierre de notas en 2024-03-15 11:20:46 por etorres4:  Se Cierra Orden completada ,ante la mejoria en la salud del componente    ",,"29,69","231,05","246,93",,"0,31",,,,"4,52",,,"8,91",18,16,12,"1,22","36,58","0,09","10,08",0,,,,,14/12/2022,2022,12,EX3600
0060142 ZSHI,60142,Análisis flúido,8/12/2022,0060142 ZSHI 20221208,"7522,31","7522,31","7522,31","118,3",6,Advertencia,Normal,,,No,0,Normal,"Todos los predictores permanecen dentro de los límites aceptables, continúe monitoreando de cerca.  ",,Ninguna falla identificada,9/12/2022 8:10:48 p. m.,sysadmin,,,"43,52","369,12","299,82",,0,,,,"1,65",,,"8,79",18,17,14,"0,24","0,13","0,04",0,"0,59",,,,,8/12/2022,2022,12,EX3600
0060142 ZSHI,60142,Análisis flúido,2/12/2022,0060142 ZSHI 20221202,"7404,01","7404,01","7404,01","526,5",41,Advertencia,Normal,,,No,0,Normal,"Todos los predictores permanecen dentro de los límites aceptables, continúe monitoreando de cerca.  ",,Ninguna falla identificada,5/12/2022 8:10:59 p. m.,sysadmin,,,"39,66","358,35","288,18",,0,,,,"1,89",,,"8,79",17,16,12,"0,64",0,"0,11","0,58","1,48",,,,,2/12/2022,2022,12,EX3600
0060142 ZSHI,60142,Análisis flúido,22/10/2022,0060142 ZSHI 20221022,"6877,51","6877,51","6877,51",493,37,Advertencia,Normal,,,No,0,Normal,"Todos los predictores permanecen dentro de los límites aceptables, continúe monitoreando de cerca.  ",,Ninguna falla identificada,23/10/2022 9:10:56 p. m.,sysadmin,,,"43,54","383,78","279,28",,0,,,,"1,73",,,"8,85",21,19,16,0,"0,08","0,08","0,35",0,,,,,22/10/2022,2022,10,EX3600
0060142 ZSHI,60142,Análisis flúido,15/09/2022,0060142 ZSHI 20220915,"6384,51","6384,51","6384,51","978,87",76,Advertencia,Normal,,,No,0,Normal,"Componente en buenas condiciones, puede operar con normalidad.",,Ninguna falla identificada,19/09/2022 11:56:02 a. m.,fpertuz,,,"46,61","342,88","278,74",,"0,03",,,,"1,22",,,"8,76",18,16,13,"0,22","0,09",0,0,0,,,,,15/09/2022,2022,09,EX3600
0060142 ZSHI,60142,Análisis flúido,1/07/2022,0060142 ZSHI 20220701,"5405,64","5405,64","5405,64","488,26",39,Crítico,Crítico,,,No,0,Advertencia,"Combinación de aceites, mantendremos seguimiento a las muestras y mantendremos cambio de filtración bajo rutina convencional de Seis.",,Alto conteo de partículas,4/07/2022 8:12:07 p. m.,fpertuz,,,"12,46","301,78","276,54",,0,,,,"1,66",,,"8,71",23,21,18,"0,43","50,01",0,"3,77",0,,,,,1/07/2022,2022,07,EX3600
0060142 ZSHI,60142,Análisis flúido,23/05/2022,0060142 ZSHI 20220523,"4917,38","4917,38","4917,38","438,38",27,Advertencia,Normal,,,No,0,Normal,"Componente en buenas condiciones, puede operar con normalidad.",,Ninguna falla identificada,29/05/2022 10:47:18 p. m.,fpertuz,,,"42,92","369,92","257,34",,0,,,,"0,28",,,"8,89",,,,"0,21","0,47",0,"0,07",0,,,,,23/05/2022,2022,05,EX3600
0060142 ZSHI,60142,Análisis flúido,26/04/2022,0060142 ZSHI 20220426,4479,4479,4479,"512,18",32,Crítico,Crítico,,,No,0,Advertencia,"Combinación de aceites, mantendremos seguimiento a las muestras y mantendremos cambio de filtración bajo rutina convencional de Seis.",,Fluido incorrecto,1/05/2022 8:24:17 p. m.,fpertuz,,,"16,78","321,97","251,59",,0,,,,"1,27",,,"8,745",19,17,13,"0,58","78,35",0,3,"0,9",,,,,26/04/2022,2022,04,EX3600
0060142 ZSHI,60142,Análisis flúido,25/03/2022,0060142 ZSHI 20220325,"3966,82","3966,82","3966,82","514,85",28,Advertencia,Normal,,,No,0,Normal,,,Ninguna falla identificada,28/03/2022 8:58:26 p. m.,fpertuz,,,"33,93","345,49","184,93",,"0,13",,,,"0,28",,,"8,942",19,17,14,"0,21","0,06",0,0,"0,78",,,,,25/03/2022,2022,03,EX3600
0060142 ZSHI,60142,Análisis flúido,25/02/2022,0060142 ZSHI 20220225,"3451,97","3451,97","3451,97",486,29,Crítico,Crítico,,,No,0,Advertencia,"Combinación de aceites, mantendremos seguimiento a  las muestras y mantendremos cambio de filtración bajo rutina convencional de Seis.",,Alto conteo de partículas,27/02/2022 9:35:48 p. m.,fpertuz,,,"11,75","359,13","305,43",,0,,,,"0,64",,,"8,84",18,17,14,"0,45","95,32",0,0,0,,,,,25/02/2022,2022,02,EX3600
0060142 ZSHI,60142,Análisis flúido,27/01/2022,0060142 ZSHI 20220127,"2965,97","2965,97","2965,97","442,4",25,Crítico,Advertencia,,,No,0,Advertencia,"Los conteos de partículas son ligeramente elevados, sin embargo mínimos. Teniendo en cuenta que todos los otros predictores permanecen dentro de los límites aceptables, continúe monitoreando de cerca.  Particle counts are slightly elevated, However minimal. Considering all other predictors remain within acceptable limits, continue to monitor closely.  ",,Alto conteo de partículas,17/03/2022 3:03:28 p. m.,sysadmin,,,"35,6","377,21","146,81",,0,,,,"2,21",,,"8,956",24,23,20,"0,51","0,3",0,1,"0,24",,,,,27/01/2022,2022,01,EX3600
0060142 ZSHI,60142,Análisis flúido,2/01/2022,0060142 ZSHI 20220102,"2523,57","2523,57","2523,57","711,46",43,Crítico,Crítico,,,No,0,Advertencia,"Mezcla de aceites, seguimiento a la siguiente muestra",,Alto conteo de partículas,6/01/2022 8:02:44 a. m.,fpertuz,,,"9,98","284,92","305,54",,"0,04",,,,"0,53",,,"8,73",21,19,16,"0,02","176,5",0,0,0,,,,,2/01/2022,2022,01,EX3600
0060142 ZSHI,60142,Análisis flúido,20/11/2021,0060142 ZSHI 20211120,"1812,11","1812,11","1812,11","475,4",29,Crítico,Crítico,,,No,0,Normal,"El cobre esta en critico por la mezcla de aceites iso 46 con Ex46, pero esto esta en monitoreo basado en codigo ISO",,Ninguna falla identificada,25/11/2021 9:47:59 a. m.,fpertuz,,,"19,6","336,2",258,,"0,06",,,,"1,86",,,"8,792",20,19,,"0,85","144,13",0,1,"0,13",,,,,20/11/2021,2021,11,EX3600
0060142 ZSHI,60142,Análisis flúido,22/10/2021,0060142 ZSHI 20211022,"1336,71","1336,71","1336,71","522,61",36,Advertencia,Normal,,,No,0,Normal,Sin novedad,,Ninguna falla identificada,29/10/2021 11:56:20 p. m.,fpertuz,,,"36,08","399,92","240,9",,"0,31",,,,"0,38",,,"9,179",21,19,16,"0,28","0,24",0,0,"0,02",,,,,22/10/2021,2021,10,EX3600
0060142 ZSHI,60142,Análisis flúido,16/09/2021,0060142 ZSHI 20210916,"814,1","814,1","814,1","419,03",27,Crítico,Crítico,,,No,0,Advertencia,"Invcremendo de cobre obedece a la mezcla de aceite, se tiene una OT para cambio en la parada programada de 2000 hrs",,Transferencia de fluido,20/09/2021 12:43:02 a. m.,fpertuz,,,"33,03","457,29","341,98",,"0,14",,,,"0,94",,,"8,804",17,16,12,"0,45","141,16",0,2,0,,,,,16/09/2021,2021,09,EX3600
0060142 ZSHI,60142,Análisis flúido,20/08/2021,0060142 ZSHI 20210820,"395,07","395,07","395,07","96,6",7,Crítico,Crítico,,,No,0,Advertencia,Se tiene una OT trakka tipo P4 para monitoriar el comportamiento de CU hasta las 2000 hrs ,,Ninguna falla identificada,22/08/2021 11:33:23 p. m.,fpertuz,,,"27,52","389,48","289,39",,"0,01",,,,"0,38",,,"8,88",,,,"0,13","78,65","0,03",1,0,,,,,20/08/2021,2021,08,EX3600
0060142 ZSHI,60142,Análisis flúido,13/08/2021,0060142 ZSHI 20210813,"298,47","298,47","298,47",,,Crítico,Crítico,,,No,0,Advertencia,"El predictor de cobre esta en critico, esto es producto de la mezcla de aceites Ex46 e ISO 68, mantener un seguimiento P4 y alinear con la rutina de 2000 el flushing del aceite monitoriando la muestra mensual.","1. Drenar  el aceite del tanque y los enfriadores del sistema hidráulico  2. Cambie todos los filtros de by pass, flujo pleno, pilotaje y alta eficiencia.  3. Prender el equipo 45 minutos y hacer pruebas de rendimiento con el fin de que circule el aceite hidráulico   4. Drenar nuevamente el tanque y los enfriadores del sistema  5. Cambie todos los filtros de by pass, flujo pleno, pilotaje y alta eficiencia.  6. Prender el equipo 45 minutos y hacer pruebas de rendimiento con el fin de que circule el aceite hidráulico   7. Tomar contra muestra del aceite y efectuar monitoreo hasta que salgan los resultados de la muestra para verificar evolución de predictores",Alto conteo de partículas,17/08/2021 7:54:08 p. m.,fpertuz,"Acción: Drenar el Aceite, Limpiar a fondo, Rellenar Aceite (Prioridad: 4 - Acción requerida por disponibilidad (Máximo 90 día)  Situación: Rejected  Notas de rechazo encendido 2021-09-13 00:44:14 por fpertuz:  Se mantendra seguimiento hasta que cumpla la rutina de 2000 por mezcla de aceite    Acción: Cambiar los filtros (Prioridad: 4 - Acción requerida por disponibilidad (Máximo 90 día)  Situación: Rejected  Notas de rechazo encendido 2021-09-13 00:44:14 por fpertuz:  Se mantendra seguimiento hasta que cumpla la rutina de 2000 por mezcla de aceite    ",,"31,39","436,45","269,5",,"0,09",,,,"0,63",,,"8,847",22,20,16,"0,47","56,12","0,05",2,"0,64",,,,,13/08/2021,2021,08,EX3600
0060143 ZSHI,60143,Análisis flúido,7/08/2026,0060143 ZSHI 20260807,"27969,62","28025,74","28025,74","77,5",19,Normal,Crítico,,,No,0,Advertencia,"Los predictores del codigo ISO de limpieza estan en rango de advertencia .  Asistente, abre una OT tipo TR P1 con las siguientes recomendaciones   1.  Cambie los desfogues del tanque hidráulico.  2. Cambie los filtros del sistema (By pass, flujo pleno, piloto, drenaje y alta eficiencia).",,,10/08/2026 11:49:15 a. m.,jbenitez2,,,"70,19","14,51","103,39",,"0,27",,,,"3,77",,,"10,81",20,18,15,"1,76","1,16","0,77","2,97",0,,,,,7/08/2026,2026,08,EX3600
0060143 ZSHI,60143,Análisis flúido,19/07/2026,0060143 ZSHI 20260719,"27892,12","27948,24","27948,24","269,4",14,Normal,Crítico,,,No,0,Advertencia,EQUIPO PROXIMO A ENTRAR A PARADA ANUAL CON CAMBIO DE ACEITE ,,Alto conteo de partículas,22/07/2026 10:34:46 a. m.,jbenitez2,,,"118,92","52,68","146,24",,"1,03",,3,21,"20,36",,28,"10,023",22,21,18,"8,94","1,16","3,52","16,26",0,,,,,19/07/2026,2026,07,EX3600
0060143 ZSHI,60143,Análisis flúido,5/07/2026,0060143 ZSHI 20260705,"27622,72","27678,84","27678,84","387,1",23,Normal,Crítico,,,No,0,Advertencia,"SE LE CAMBIO FILTRACION EN EL SEIS DE 300 , SE TOMARA CONTRAMUESTRA",,Alto conteo de partículas,8/07/2026 9:06:55 a. m.,jbenitez2,,,"115,32","48,14","75,05",,"0,02",,2,21,"4,29",,28,"10,77",24,23,20,"2,03","0,21","1,65","5,41","0,16",,,,,5/07/2026,2026,07,EX3600
0060143 ZSHI,60143,Análisis flúido,12/06/2026,0060143 ZSHI 20260612,"27235,62","27291,74","27291,74","352,1",22,Normal,Crítico,,,No,0,Advertencia,YA SE TIENE UNA OT PARA ESTE COMPONENTE #1686484,,Altos metales de desgaste,17/06/2026 10:06:57 a. m.,jbenitez2,,,1956,1459,1069,,"50,07",,2,21,"12,42",,28,"10,08",19,17,14,"8,79","2,67","1,02","7,21","0,1",,,,,12/06/2026,2026,06,EX3600
0060143 ZSHI,60143,Análisis flúido,21/05/2026,0060143 ZSHI 20260521,"26883,52","26939,64","26939,64","378,2",23,Normal,Crítico,,,No,0,Advertencia,"Los predictores del codigo ISO de limpieza estan en rango de advertencia.  Asistente, abre una OT tipo TR P2 con las siguientes recomendaciones   1.  Cambie los desfogues del tanque hidráulico.  2. Cambie los filtros del sistema (By pass, flujo pleno, piloto, drenaje y alta eficiencia).",,Alto conteo de partículas,27/05/2026 8:12:09 a. m.,jbenitez2,,,"107,54","48,29","129,62",,0,,2,21,"3,54",,28,"10,9",23,21,18,"2,21","0,33","1,73","6,55","0,85",,,,,21/05/2026,2026,05,EX3600
0060143 ZSHI,60143,Análisis flúido,28/04/2026,0060143 ZSHI 20260428,"26505,32","26561,44","26561,44",514,32,Normal,Crítico,,,No,0,Advertencia,"Los predictores del codigo ISO de limpieza estan en rango de critico.  Asistente, abre una OT tipo TR P1 con las siguientes recomendaciones y envertanarla el dia 2/4/2026:  1.  Cambie los desfogues del tanque hidráulico.  2. Cambie los filtros del sistema (By pass, flujo pleno, piloto, drenaje y alta eficiencia)  ",,Alto conteo de partículas,30/04/2026 5:43:31 p. m.,jbenitez2,,,74,"19,13","70,01",,"0,1",,3,22,"10,83",,28,"9,9",22,20,16,"6,04","1,1","5,15","14,95","1,03",,,,,28/04/2026,2026,04,EX3600
0060143 ZSHI,60143,Análisis flúido,27/03/2026,0060143 ZSHI 20260327,"25991,32","26047,44","26047,44","354,5",22,Normal,Crítico,,,No,0,Advertencia,"Los predictores del codigo ISO de limpieza estan en rango de critico.  Asistente, abre una OT tipo TR P2 con las siguientes recomendaciones:  1.  Cambie los desfogues del tanque hidráulico.  2. Cambie los filtros del sistema (By pass, flujo pleno, piloto, drenaje y alta eficiencia)  ",,Alto conteo de partículas,30/03/2026 11:23:34 a. m.,jbenitez2,,,"76,99","3,58","131,61",,0,,2,21,"0,76",,28,"11,2",22,20,16,"0,54",0,"0,12","0,24",0,,,,,27/03/2026,2026,03,EX3600
0060143 ZSHI,60143,Análisis flúido,5/03/2026,0060143 ZSHI 20260305,"25636,82","25692,94","25692,94",64,3,Normal,Crítico,,,No,0,Advertencia,"SE CAMBIO FILTROS , SE TOMARA CONTRAMUESTRA PARA VERIFICAR TENDENCIA",,Alto conteo de partículas,11/03/2026 11:17:30 a. m.,jbenitez2,,,"101,34","50,69","147,9",,"0,2",,3,22,"12,97",,28,"10,556",23,21,17,"7,73","1,45","6,24","21,98",0,,,,,5/03/2026,2026,03,EX3600
0060143 ZSHI,60143,Análisis flúido,2/03/2026,0060143 ZSHI 20260302,"25572,82","25628,94","25628,94","54,8",3,Normal,Crítico,,,No,0,Advertencia,"SE CAMBIO FILTROS , SE TOMARA CONTRAMUESTRA PARA VERIFICAR TENDENCIA",,Alto conteo de partículas,4/03/2026 8:59:15 a. m.,jbenitez2,,,"86,5","46,82","131,11",,"0,3",,,,"10,49",,,"9,73",21,20,15,"6,6","1,31","5,74","18,93",0,,,,,2/03/2026,2026,03,EX3600
0060143 ZSHI,60143,Análisis flúido,27/02/2026,0060143 ZSHI 20260227,"25518,02","25574,14","25574,14","390,1",29,Normal,Crítico,,,No,0,Advertencia,se cambiara filtros y se tomara contamuestra para verificar tendencia ,,Alto conteo de partículas,4/03/2026 8:15:38 a. m.,jbenitez2,,,"99,07","49,17","157,99",,"0,41",,3,22,"12,96",,28,10,19,17,13,"7,17","1,49","5,81","20,94",0,,,,,27/02/2026,2026,02,EX3600
0060143 ZSHI,60143,Análisis flúido,29/01/2026,0060143 ZSHI 20260129,"25127,92","25184,04","25184,04","528,8",31,Normal,Crítico,,,No,0,Advertencia,"Los predictores del codigo ISO de limpieza estan en rango de critico.  Asistente, abre una OT tipo TR P2 con las siguientes recomendaciones:  1.  Cambie los desfogues del tanque hidráulico.  2. Cambie los filtros del sistema (By pass, flujo pleno, piloto, drenaje y alta eficiencia)  ",,Alto conteo de partículas,4/02/2026 10:04:03 a. m.,jbenitez2,,,"58,22","15,62","104,88",,0,,2,21,"0,47",,28,"11,055",21,19,15,0,"0,2",0,"0,02",0,,,,,29/01/2026,2026,01,EX3600
0060143 ZSHI,60143,Análisis flúido,29/12/2025,0060143 ZSHI 20251229,"24599,12","24655,24","24655,24","469,7",28,Normal,Crítico,,,No,0,Normal,"Todos los predictores permanecen dentro de los límites aceptables, continúe monitoreando de cerca.  ",,Ninguna falla identificada,6/01/2026 6:41:20 a. m.,jbenitez2,,,"53,22","10,56","98,81",,"0,75",,2,21,"0,83",,28,"11,049",16,14,12,"0,61","0,12",0,0,0,,,,,29/12/2025,2025,12,EX3600
0060143 ZSHI,60143,Análisis flúido,1/12/2025,0060143 ZSHI 20251201,"24129,42","24185,54","24185,54","296,3",15,Normal,Crítico,,,No,0,Advertencia,SE TOMARA UNA CONTRAMUESTRA PARA VERIFICAR TENDENCIA ,,Altos metales de desgaste,6/01/2026 6:40:54 a. m.,jbenitez2,,,"66,5","42,34","106,23",,0,,3,22,"14,11",,28,"9,8",18,16,12,"8,15","1,44","6,87","18,98",0,,,,,1/12/2025,2025,12,EX3600
0060143 ZSHI,60143,Análisis flúido,16/11/2025,0060143 ZSHI 20251116,"23833,12","23889,24","23889,24","914,9",56,Normal,Crítico,,,No,0,Normal,SEGUIR OPERANDO ,,Ninguna falla identificada,29/12/2025 1:50:10 p. m.,jbenitez2,,,"90,45","95,1","265,36",,0,,,,"20,2",,,"9,8",23,22,18,"9,54","1,88","4,79","24,69",0,,,,,16/11/2025,2025,11,EX3600
0060143 ZSHI,60143,Análisis flúido,21/09/2025,0060143 ZSHI 20250921,"22918,22","22974,34","22974,34","537,2",34,Normal,Crítico,,,No,0,Advertencia,"  Asistente, tu soporte con la apertura de una OT tipo TR con P3 envertanarla el dia 4/10/2025 y la siguiente recomendación:    1.  Cambie los desfogues del tanque hidráulico.  2. Cambie los filtros del sistema (By pass, flujo pleno, piloto, drenaje y alta eficiencia)  ",,Alto conteo de partículas,30/09/2025 1:59:42 p. m.,jbenitez2,,,"67,05","15,82","97,97",,"2,27",,2,20,"1,06",,27,"10,995",21,20,16,0,"0,1","0,01",0,0,,,,,21/09/2025,2025,09,EX3600
0060143 ZSHI,60143,Análisis flúido,18/08/2025,0060143 ZSHI 20250818,"22381,02","22437,14","22437,14","344,4",25,Normal,Crítico,,,No,0,Normal,"se le cambio filtros  durante su pm, se tendra bajo monitoreo ",,Ninguna falla identificada,25/08/2025 1:23:10 p. m.,jbenitez2,,,"82,2",73,141,,0,,2,21,"12,06",,27,"9,9",18,14,11,"5,47","1,58","2,8","11,8",0,,,,,18/08/2025,2025,08,EX3600
0060143 ZSHI,60143,Análisis flúido,24/07/2025,0060143 ZSHI 20250724,"22036,62","22092,74","22092,74","255,5",13,Normal,Crítico,,,No,0,Advertencia,YA SE TIENE UNA ORDEN PARA ESTE COMPONENTE #1502867,,Ninguna falla identificada,28/07/2025 4:12:47 p. m.,jbenitez2,,,"71,69","27,64","30,91",,0,,2,21,"10,59",,28,"10,078",25,23,17,"4,92","1,22","0,51","9,18","0,04",,,,,24/07/2025,2025,07,EX3600
0060143 ZSHI,60143,Análisis flúido,11/07/2025,0060143 ZSHI 20250711,"21781,12","21837,24","21837,24","425,7",38,Normal,Crítico,,,No,0,Advertencia,"Los predictores del codigo ISO de limpieza estan en rango de advertencia.    Asistente, abre una OT tipo TR P3 con las siguientes recomendaciones.    1.  Cambie los desfogues del tanque hidráulico.  2. Cambie los filtros del sistema (By pass, flujo pleno, piloto, drenaje y alta eficiencia)  ",,Ninguna falla identificada,15/07/2025 5:21:18 p. m.,jbenitez2,,,"72,46","43,29","118,31",,0,,,,"5,48",,,"10,179",21,19,15,"1,34","1,28","0,83","6,87",0,,,,,11/07/2025,2025,07,EX3600
0060143 ZSHI,60143,Análisis flúido,3/06/2025,0060143 ZSHI 20250603,"21355,42","21411,54","21411,54","263,9",13,Normal,Crítico,,,No,0,Normal,"EQUIPO ACTUALMENTE EN PARADA ANUAL , SE LE CAMBIARA TODOS LOS ACEITES",,Ninguna falla identificada,9/06/2025 2:29:47 p. m.,jbenitez2,,,"84,62","37,36","26,15",,0,,3,21,"11,67",,27,"9,7",20,18,13,"7,72","1,05","1,35","16,93","0,06",,,,,3/06/2025,2025,06,EX3600
0060143 ZSHI,60143,Análisis flúido,21/05/2025,0060143 ZSHI 20250521,"21091,52","21147,64","21147,64","181,1",12,Normal,Crítico,,,No,0,Crítico,EQUIPO PROXIMO A ENTRAR A PARADA ANUAL ,,Ninguna falla identificada,26/05/2025 2:31:49 p. m.,jbenitez2,,,"76,33","80,69","106,84",,0,,3,20,"12,78",,26,"9,8",22,20,17,"7,54","1,08","1,32","21,15",0,,,,,21/05/2025,2025,05,EX3600
0060143 ZSHI,60143,Análisis flúido,9/05/2025,0060143 ZSHI 20250509,"20910,42","20966,54","20966,54","347,1",23,Normal,Crítico,,,No,0,Advertencia,"EQUIPO PROXIMO A ENTRAR A PARADA ANUAL, PARA CAMBIO DE ACEITE HIDRAULICO",,Ninguna falla identificada,14/05/2025 8:55:11 a. m.,jbenitez2,,,"73,47","75,32","64,23",,0,,3,20,"12,24",,27,"9,7",17,16,13,"7,41","1,16","1,65","20,49","0,33",,,,,9/05/2025,2025,05,EX3600
0060143 ZSHI,60143,Análisis flúido,16/04/2025,0060143 ZSHI 20250416,"20563,32","20619,44","20619,44","308,83",16,Normal,Crítico,,,No,0,Normal,SE TENDRA EN BAJO MONITOREO,,Ninguna falla identificada,28/04/2025 3:24:18 p. m.,jbenitez2,,,"57,43","49,82","107,49",,"0,72",,,,"5,08",,,"10,42",19,18,14,"2,65","0,37","0,54","9,72",0,,,,,16/04/2025,2025,04,EX3600
0060143 ZSHI,60143,Análisis flúido,31/03/2025,0060143 ZSHI 20250331,"20254,49","20310,61","20310,61","647,6",33,Normal,Crítico,,,No,0,Normal,"EQUIPO EN PARAMETROS NORMALES , SE TENDRA BAJO MONITOREO.",,Ninguna falla identificada,28/04/2025 2:55:04 p. m.,jbenitez2,,,"63,24","75,09","121,53",,0,,,,"10,46",,,"9,6",17,15,12,"6,6","1,14","1,8","16,25","0,66",,,,,31/03/2025,2025,03,EX3600
0060143 ZSHI,60143,Análisis flúido,26/02/2025,0060143 ZSHI 20250226,"19606,89","19663,01","19663,01","457,8",26,Normal,Crítico,,,No,0,Normal,"EQUIPO EN PARAMETROS NORMALES , SE TENDRA BAJO MONITOREO.",,Ninguna falla identificada,28/04/2025 2:54:47 p. m.,jbenitez2,,,"76,49","67,24","133,55",,0,,3,20,"8,27",,26,"9,79",20,18,15,"3,77","1,24","0,98","11,76","0,34",,,,,26/02/2025,2025,02,EX3600
0060143 ZSHI,60143,Análisis flúido,31/01/2025,0060143 ZSHI 20250131,"19149,09","19205,21","19205,21",313,16,Normal,Crítico,,,No,0,Normal,Equipo pronto a ingresar a PM de 2000 con cambio de toda la filtracion hidraulica.,,Ninguna falla identificada,3/02/2025 3:44:46 p. m.,lrodriguez,,,"69,03","1,17","37,22",,0,,,,"0,33",,,"10,928",21,19,16,0,0,0,"0,19",0,,,,,31/01/2025,2025,01,EX3600
0060143 ZSHI,60143,Análisis flúido,15/01/2025,0060143 ZSHI 20250115,"18836,09","18892,21","18892,21","580,6",35,Normal,Advertencia,,,No,0,Normal,"Todos los predictores en rango normal, seguir monitoreando de cerca.",,Ninguna falla identificada,21/01/2025 5:13:29 p. m.,lrodriguez,,,"82,95","97,03","104,52",,0,,,,"4,67",,,"9,5",16,15,7,"2,46","1,36","0,91","10,17",0,,,,,15/01/2025,2025,01,EX3600
0060143 ZSHI,60143,Análisis flúido,11/12/2024,0060143 ZSHI 20241211,"18255,49","18311,61","18311,61","157,7",8,Normal,Crítico,,,No,0,Advertencia,Tomar muestra de aceite y procesarla con laboratorio Externo.,,Deterioro de la condición del fluido,21/12/2024 8:02:30 a. m.,lrodriguez,Acción: Tomar muestra de aceite (Prioridad: 1 - Acción dentro de la Parada Actual Programada (Máxi)  Situación: Recommended      ,,"70,89","128,69","170,09",,0,,,,"4,45",,,"9,57",17,16,11,"2,31","1,8","0,83","10,6","0,29",,,,,11/12/2024,2024,12,EX3600
0060143 ZSHI,60143,Análisis flúido,3/12/2024,0060143 ZSHI 20241203,"18097,79","18153,91","18153,91","371,7",25,Normal,Crítico,,,No,0,Advertencia,"Tomar otra muestra y mandar a correr el predictor de oxidacion, aceite con 68% de uso.",,Resultados cuestionables de la muestra,19/12/2024 6:55:50 p. m.,lrodriguez,Acción: Tomar muestra de aceite (Prioridad: 1 - Acción dentro de la Parada Actual Programada (Máxi)  Situación: Recommended      ,,"70,76","115,23","162,48",,0,,3,18,"4,14",,25,,17,16,13,"1,82","1,8","0,88","8,63","0,45",,,,,3/12/2024,2024,12,EX3600
0060143 ZSHI,60143,Análisis flúido,8/11/2024,0060143 ZSHI 20241108,"17726,09","17782,21","17782,21",416,30,Normal,Crítico,,,No,0,Advertencia,"Los conteos de partículas son ligeramente elevados, sin embargo mínimos. Teniendo en cuenta que todos los otros predictores permanecen dentro de los límites aceptables, continúe monitoreando de cerca.  Particle counts are slightly elevated, However minimal. Considering all other predictors remain within acceptable limits, continue to monitor closely.  ",,Alto conteo de partículas,15/11/2024 8:44:33 p. m.,sysadmin,,,"78,82","120,86","130,24",,0,,,,"5,09",,,"9,6",23,21,16,"1,34","1,58","0,71","7,29","0,4",,,,,8/11/2024,2024,11,EX3600
0060143 ZSHI,60143,Análisis flúido,9/10/2024,0060143 ZSHI 20241009,"17310,09","17366,21","17366,21","249,2",24,Normal,Advertencia,,,No,0,Advertencia,"Los conteos de partículas son ligeramente elevados, sin embargo mínimos. Teniendo en cuenta que todos los otros predictores permanecen dentro de los límites aceptables, continúe monitoreando de cerca.  Particle counts are slightly elevated, However minimal. Considering all other predictors remain within acceptable limits, continue to monitor closely.  ",,Alto conteo de partículas,11/10/2024 9:49:25 p. m.,sysadmin,,,"70,93","109,46","179,31",,0,,,,"3,87",,,"9,77",22,20,14,"1,6","1,96","0,72","5,97","0,16",,,,,9/10/2024,2024,10,EX3600
0060143 ZSHI,60143,Análisis flúido,15/09/2024,0060143 ZSHI 20240915,"17060,89","17117,01","17117,01","137,3",11,Normal,Sin calificar,,,No,0,Normal,"Todos los predictores en rango normal, seguir monitoreando de cerca",,Ninguna falla identificada,19/09/2024 10:15:22 p. m.,lrodriguez,,,,,,,,,,,,,,,,,,,,,,,,,,,15/09/2024,2024,09,EX3600
0060143 ZSHI,60143,Análisis flúido,4/09/2024,0060143 ZSHI 20240904,"16923,59","16979,71","16979,71","942,1",84,Normal,Normal,,,No,0,Normal,"Todos los predictores permanecen dentro de los límites aceptables, continúe monitoreando de cerca.  ",,Ninguna falla identificada,7/09/2024 10:25:36 p. m.,sysadmin,,,"59,62","127,67","106,34",,0,,,,"3,72",,,,19,17,13,"1,3","1,72","1,02","5,2","0,21",,,,,4/09/2024,2024,09,EX3600
0060143 ZSHI,60143,Análisis flúido,12/06/2024,0060143 ZSHI 20240612,"15981,49","16037,61","16037,61","137,2",9,Normal,Normal,,,No,0,Normal,"Seguir Operando , predictores dentro de rango de operacion ",,Ninguna falla identificada,19/06/2024 4:07:17 p. m.,fpertuz,,,"53,17","348,12","318,26",,0,,,,"3,58",,,,17,15,11,"1,03","2,56","0,87","6,53","0,09",,,,,12/06/2024,2024,06,EX3600
0060143 ZSHI,60143,Análisis flúido,3/06/2024,0060143 ZSHI 20240603,"15844,29","15900,41","15900,41","542,4",37,Normal,Advertencia,,,No,0,Advertencia,"Los conteos de partículas son ligeramente elevados, sin embargo mínimos. Teniendo en cuenta que todos los otros predictores permanecen dentro de los límites aceptables, continúe monitoreando de cerca.  Particle counts are slightly elevated, However minimal. Considering all other predictors remain within acceptable limits, continue to monitor closely.  ",,Alto conteo de partículas,18/06/2024 4:45:25 p. m.,sysadmin,,,"59,9","368,15","310,95",,0,,,,"5,18",,,,22,20,14,"0,81","2,33","0,63","4,91","0,27",,,,,3/06/2024,2024,06,EX3600
0060143 ZSHI,60143,Análisis flúido,27/04/2024,0060143 ZSHI 20240427,"15301,89","15358,01","15358,01","79,1",6,Normal,Crítico,,,No,0,Crítico,"Los predictores de silicio, aluminio, cobre, hierro y grado de limpieza ISO estan fuera de rango.","Asistente, abre una OT tipo TR P2 con las siguientes instrucciones.    1. Inspeccione fuentes de desgaste anormal, revise alarmas de contaminación del equipo y tiempos de ciclo por movimiento, medición de parámetros de componentes hidráulicos  2. Verifique las presiones de drenaje de todos los componentes del sistema (Bombas y motores)  3. Cambie los desfogues del tanque hidráulico.  4. Cambie los filtros del sistema (By pass, flujo pleno y alta eficiencia)  5. Verfifique posibles fuentes de contaminacion al sistema.    ",Ninguna falla identificada,9/05/2024 11:17:24 a. m.,fpertuz,,,"82,76","360,79","335,9",,0,,,,"9,19",,,"8,3",23,21,17,"3,04","6,28","1,57","10,47","0,12",,,,,27/04/2024,2024,04,EX3600
0060143 ZSHI,60143,Análisis flúido,21/04/2024,0060143 ZSHI 20240421,"15222,79","15278,91","15278,91","404,5",24,Normal,Normal,,,No,0,Normal,"Los predictores del codigo ISO de limpieza marcan tendencia al alza, se tiene programado cambio de filtros y aceite hidraulico en el proximo PM de mayo.    Seguir monitoreando de cerca.",,Entrada de polvo,28/04/2024 2:18:13 p. m.,lrodriguez,,,"32,7","323,46","325,61",,0,,,,"2,13",,,"8,45",20,19,17,"0,59","0,2","0,3","0,14","0,77",,,,,21/04/2024,2024,04,EX3600
0060143 ZSHI,60143,Análisis flúido,28/03/2024,0060143 ZSHI 20240328,"14818,29","14874,41","14874,41","79,5",9,Normal,Crítico,,,No,0,Crítico,"Los predictores de silicio, aluminio, cobre, hierro y grado de limpieza ISO estan fuera de rango.","Asistente, abre una OT tipo TR P2 con las siguientes instrucciones.    1. Inspeccione fuentes de desgaste anormal, revise alarmas de contaminación del equipo y tiempos de ciclo por movimiento, medición de parámetros de componentes hidráulicos  2. Verifique las presiones de drenaje de todos los componentes del sistema (Bombas y motores)  3. Cambie los desfogues del tanque hidráulico.  4. Cambie los filtros del sistema (By pass, flujo pleno y alta eficiencia)  5. Verfifique posibles fuentes de contaminacion al sistema.    ",Entrada de polvo,16/04/2024 5:42:21 p. m.,lrodriguez,Acción: Inspeccionar las fuentes de entrada de la suciedad (Prioridad: 2 - Acción dentro de las dos Paradas Programadas (Máxi)  Situación: Completed  Realización de Notas en 2024-07-22 08:44:10 por etorres4:      ,,"85,99","413,18","260,51",,"0,31",,,,"11,94",,,"8,9",23,19,15,"3,21","7,72","1,22","11,58",0,,,,,28/03/2024,2024,03,EX3600
0060143 ZSHI,60143,Análisis flúido,19/03/2024,0060143 ZSHI 20240319,"14738,79","14794,91","14794,91","562,42",36,Normal,Crítico,,,No,0,Crítico,"Los predictores de silicio, aluminio, cobre, hierro y grado de limpieza ISO estan fuera de rango.","Asistente, abre una OT tipo TR P2 con las siguientes instrucciones.    1. Inspeccione fuentes de desgaste anormal, revise alarmas de contaminación del equipo y tiempos de ciclo por movimiento, medición de parámetros de componentes hidráulicos  2. Verifique las presiones de drenaje de todos los componentes del sistema (Bombas y motores)  3. Cambie los desfogues del tanque hidráulico.  4. Cambie los filtros del sistema (By pass, flujo pleno y alta eficiencia)  5. Verfifique posibles fuentes de contaminacion al sistema.    ",Ninguna falla identificada,15/04/2024 8:06:39 p. m.,lrodriguez,,,"116,23","394,48","274,48",,0,,,,"10,93",,,"8,45",22,20,17,"4,02","10,48","1,75","13,28",0,,,,,19/03/2024,2024,03,EX3600
0060143 ZSHI,60143,Análisis flúido,12/02/2024,0060143 ZSHI 20240212,"14176,37","14232,49","14232,49","132,5",9,Normal,Normal,,,No,0,Normal,todos los predictores se encuentran en limites normales,todos los predictores se encuentran en limites normales,Ninguna falla identificada,21/02/2024 2:05:38 p. m.,fpertuz,,,"35,62","336,65","320,23",,0,,,,"2,46",,,"8,3",18,17,14,"0,09","0,03","0,02","0,86",0,,,,,12/02/2024,2024,02,EX3600
0060143 ZSHI,60143,Análisis flúido,3/02/2024,0060143 ZSHI 20240203,"14043,87","14099,99","14099,99","428,7",28,Normal,Crítico,,,No,0,Crítico,"el predictor de cobre, hierro, silicio  se encuentra en critico y el iso en advertencia","1. Inspeccionar fuentes de desgaste anormal, revise alarmas de contaminación del equipo y tiempos de ciclo por movimiento, medición de parámetros de componentes hidráulicos  2. Verifique las presiones de drenaje de todos los componentes del sistema (Bombas y motores).  3. Programar el cambio de toda la filtración: By pass, flujo pleno, drenaje y alta eficiencia  4. Cambie los desfogues del tanque hidráulico.  5. Tomar muestra de aceite hco.  ",Ninguna falla identificada,7/02/2024 3:13:25 p. m.,fpertuz,,,"94,55","299,26","336,99",,0,,,,"11,59",,,"8,72",25,24,20,"3,14","12,27","2,07","11,72","0,34",,,,,3/02/2024,2024,02,EX3600
0060143 ZSHI,60143,Análisis flúido,6/01/2024,0060143 ZSHI 20240106,"13615,17","13671,29","13671,29","372,2",26,Normal,Crítico,,,No,0,Crítico,el predictor de cobre se encuentra en critico y hierro se encuentra en advertencia,"1. Inspeccionar fuentes de desgaste anormal, revise alarmas de contaminación del equipo y tiempos de ciclo por movimiento, medición de parámetros de componentes hidráulicos  2. Verifique las presiones de drenaje de todos los componentes del sistema (Bombas y motores).  3. Programar el cambio de toda la filtración: By pass, flujo pleno, drenaje y alta eficiencia  4. Cambie los desfogues del tanque hidráulico.  5. Tomar muestra de aceite hco.  ",Ninguna falla identificada,11/01/2024 9:12:45 a. m.,fpertuz,,,"56,86","362,79","272,31",,"0,21",,,,"5,33",,,"8,7",22,21,17,"1,58","12,41","2,2","9,6","0,75",,,,,6/01/2024,2024,01,EX3600
0060143 ZSHI,60143,Análisis flúido,11/12/2023,0060143 ZSHI 20231211,"13242,97","13299,09","13299,09","263,2",14,Normal,Normal,,,No,0,Normal,todos los predictores se encuentran en limites normales,,Ninguna falla identificada,14/12/2023 7:15:18 a. m.,fpertuz,,,"37,57","347,59","308,38",,0,,,,"2,36",,,"8,72",18,16,12,"0,21","0,22","0,03","0,15","0,9",,,,,11/12/2023,2023,12,EX3600
0060143 ZSHI,60143,Análisis flúido,27/11/2023,0060143 ZSHI 20231127,"12979,77","13035,89","13035,89","456,7",33,Normal,Crítico,,,No,0,Crítico,el predictor del cobre se encuentra en estado critico.,"1. Inspeccionar fuentes de desgaste anormal, revise alarmas de contaminación del equipo y tiempos de ciclo por movimiento, medición de parámetros de componentes hidráulicos  2. Verifique las presiones de drenaje de todos los componentes del sistema (Bombas y motores).  3. Programar el cambio de toda la filtración: By pass, flujo pleno, drenaje y alta eficiencia  4. Cambie los desfogues del tanque hidráulico.  5. Tomar muestra de aceite hco.  ",Ninguna falla identificada,30/11/2023 2:22:55 p. m.,fpertuz,,,"80,71","377,25","259,24",,0,,,,"3,85",,,"8,8",20,19,13,"0,76","13,18","3,86","5,2",0,,,,,27/11/2023,2023,11,EX3600
0060143 ZSHI,60143,Análisis flúido,25/10/2023,0060143 ZSHI 20231025,"12523,07","12579,19","12579,19","89,3",12,Normal,Advertencia,,,No,0,Advertencia,Seguimiento por Cobre en advertencia,"Cambio de motor de giro recientemente, seguimiento a proxima muestra",Altos metales de desgaste,11/11/2023 4:49:34 p. m.,fpertuz,,,"42,08","379,22","234,89",,0,,,,"2,7",,,"8,72",22,20,15,"0,5","6,15","0,06","2,2","0,31",,,,,25/10/2023,2023,10,EX3600
0060143 ZSHI,60143,Análisis flúido,13/10/2023,0060143 ZSHI 20231013,"12433,77","12489,89","12489,89","411,8",24,Normal,Normal,,,No,0,Normal,"Todos los predictores permanecen dentro de los límites aceptables, continúe monitoreando de cerca.  ",,Ninguna falla identificada,17/10/2023 7:37:52 a. m.,sysadmin,,,"22,02","375,88","246,03",,0,,,,"2,92",,,"8,68",19,17,14,"0,7","2,68","0,05","1,56","0,63",,,,,13/10/2023,2023,10,EX3600
0060143 ZSHI,60143,Análisis flúido,19/09/2023,0060143 ZSHI 20230919,"12021,97","12078,09","12078,09","685,9",43,Normal,Normal,,,No,0,Normal,"Todos los predictores permanecen dentro de los límites aceptables, continúe monitoreando de cerca.  ",,Ninguna falla identificada,21/09/2023 7:52:36 a. m.,sysadmin,,,"24,95","310,52","318,56",,0,,,,"3,68",,,"8,65",18,16,13,"0,65","4,55","0,14","1,94",0,,,,,19/09/2023,2023,09,EX3600
0060143 ZSHI,60143,Análisis flúido,7/08/2023,0060143 ZSHI 20230807,"11336,07","11392,19","11392,19","506,5",30,Normal,Normal,,,No,0,Normal,predictores en rango normal ,predictores en rango normal ,Ninguna falla identificada,10/08/2023 8:12:16 a. m.,fpertuz,,,"38,37","342,48","326,16",,0,,,,"2,06",,,"8,5",23,22,18,0,"0,28","0,04","0,2","0,5",,,,,7/08/2023,2023,08,EX3600
0060143 ZSHI,60143,Análisis flúido,8/07/2023,0060143 ZSHI 20230708,"10829,57","10885,69","10885,69",520,33,Normal,Crítico,,,No,0,Crítico,El predictor de  cobre  en criticidad,"Jose / Mack,  favor abrir una OT tipo TR P3 con las siguientes recomendaciones.    1. Realizar test hidráulico.  2  . Inspeccionar fuentes de desgaste anormal, revise alarmas de contaminación del equipo y tiempos de ciclo por movimiento, medición de parámetros de componentes hidráulicos.  3. Verifique las presiones de drenaje de todos los componentes del sistema (Bombas y motores).  4. Programar el cambio de toda la filtración y toma de contra-muestra de aceite.  5. Cambie los desfogues del tanque hidráulico.  6. Cambie los filtros del sistema (By pass, drenaje, flujo pleno y alta eficiencia), favor pedir estos filtros.",Ninguna falla identificada,25/07/2023 12:54:30 p. m.,fpertuz,,,"5,8","212,94","301,2",,0,,,,"4,83",,,"8,35",20,18,15,"0,14","12,86","0,21","4,28","0,24",,,,,8/07/2023,2023,07,EX3600
0060143 ZSHI,60143,Análisis flúido,5/06/2023,0060143 ZSHI 20230605,"10309,57","10365,69","10365,69","98,8",7,Advertencia,Crítico,,,No,0,Crítico,Predictores de cobre se encuentran en crítico.,"Predictores de cobre se encuentran en crítico.    1. Realizar test hidráulico.  1. Inspeccionar fuentes de desgaste anormal, revise alarmas de contaminación del equipo y tiempos de ciclo por movimiento, medición de parámetros de componentes hidráulicos.  2. Verifique las presiones de drenaje de todos los componentes del sistema (Bombas y motores).  3. Programar el cambio de toda la filtración y toma de contra-muestra de aceite.  4. Cambie los desfogues del tanque hidráulico.  5. Cambie los filtros del sistema (By pass, drenaje, flujo pleno y alta eficiencia), favor pedir estos filtros.  ",Ninguna falla identificada,29/06/2023 9:20:53 a. m.,fpertuz,,,"12,75","254,45","245,7",,"0,31",,,,"7,23",,,"8,7",18,16,13,"1,07","14,26","0,15","6,61",0,,,,,5/06/2023,2023,06,EX3600
0060143 ZSHI,60143,Análisis flúido,29/05/2023,0060143 ZSHI 20230529,"10210,77","10266,89","10266,89",726,47,Normal,Crítico,,,No,0,Normal,cobre y hierro critico ,se tomara contra muestra,Ninguna falla identificada,22/08/2023 2:52:00 p. m.,fpertuz,,,"18,11","266,85","319,54",,0,,,,"5,68",,,"8,65",18,16,13,"0,64","13,59","0,25","7,06","1,11",,,,,29/05/2023,2023,05,EX3600
0060143 ZSHI,60143,Análisis flúido,12/04/2023,0060143 ZSHI 20230412,"9484,77","9540,89","9540,89",157,9,Advertencia,Normal,,,No,0,Normal,Predictores en rango normal de operacion. ,,Ninguna falla identificada,2/05/2023 3:38:41 p. m.,fpertuz,,,"42,19","320,13","320,67",,0,,,,"1,15",,,"8,74",21,20,16,0,"0,25",0,0,"0,07",,,,,12/04/2023,2023,04,EX3600
0060143 ZSHI,60143,Análisis flúido,3/04/2023,0060143 ZSHI 20230403,"9327,77","9383,89","9383,89","321,7",18,Crítico,Crítico,,,No,0,Advertencia,"Predictor de cobre en critico y hierro en advertencia, alarmas de contaminación del motor de giro frontal RH. Se mantiene en seguimiento.",,Altos metales de desgaste,11/04/2023 7:28:16 p. m.,fpertuz,,,"27,37","353,09","252,42",,0,,,,"5,91",,,"8,68",22,21,18,"1,01","13,83",0,"6,14","0,54",,,,,3/04/2023,2023,04,EX3600
0060143 ZSHI,60143,Análisis flúido,16/03/2023,0060143 ZSHI 20230316,"9006,07","9062,19","9062,19","690,2",40,Advertencia,Crítico,,,No,0,Advertencia,"Predictor de cobre en critico, alarmas de contaminación del motor de giro frontal RH. Se mantiene en seguimiento.",Cambio de filtracion en el SEIS del 16 de Abril. ,Altos metales de desgaste,10/04/2023 2:35:21 p. m.,fpertuz,,,"26,53","365,09","272,06",,0,,,,"5,27",,,"8,73",19,18,14,"0,74","12,72","0,04","5,55","0,05",,,,,16/03/2023,2023,03,EX3600
0060143 ZSHI,60143,Análisis flúido,4/02/2023,0060143 ZSHI 20230204,"8315,87","8371,99","8371,99",261,22,Crítico,Crítico,,,No,0,Advertencia,  El predictor de cobre en critico.  ,"1. Inspeccionar fuentes de desgaste anormal, revise alarmas de contaminación del equipo y tiempos de ciclo por movimiento, medición de parámetros de componentes hidráulicos.  2. Verifique las presiones de drenaje de todos los componentes del sistema (Bombas y motores).  3. Programar el cambio de toda la filtración y toma de contra-muestra de aceite.  4. Cambie los desfogues del tanque hidráulico.  5. Cambie los filtros del sistema (By pass, drenaje, flujo pleno y alta eficiencia)  ",Altos metales de desgaste,7/02/2023 4:46:17 p. m.,fpertuz,"Acción: Inspeccionar las fuentes de entrada de la suciedad (Prioridad: 3 - Acción en el siguiente Servicio (Máximo 21 días))  Situación: Closed  Realización de Notas en 2023-11-30 14:48:35 por imoreno1:    Cierre de notas en 2024-03-15 16:03:31 por etorres4:  Se Cierra Orden completada ,ante la mejoria en la salud del componente    Acción: Cambiar los filtros (Prioridad: 3 - Acción en el siguiente Servicio (Máximo 21 días))  Situación: Closed  Realización de Notas en 2023-11-30 14:48:35 por imoreno1:    Cierre de notas en 2024-03-15 16:03:31 por etorres4:  Se Cierra Orden completada ,ante la mejoria en la salud del componente    Acción: Tomar muestra de aceite (Prioridad: 3 - Acción en el siguiente Servicio (Máximo 21 días))  Situación: Closed  Realización de Notas en 2023-11-30 14:48:35 por imoreno1:    Cierre de notas en 2024-03-15 16:03:31 por etorres4:  Se Cierra Orden completada ,ante la mejoria en la salud del componente    ",,"35,47","356,58","311,54",,0,,,,"4,57",,,"8,84",24,22,19,"0,71","12,83","0,06","4,15","0,16",,,,,4/02/2023,2023,02,EX3600
0060143 ZSHI,60143,Análisis flúido,13/01/2023,0060143 ZSHI 20230113,"8054,87","8110,99","8110,99","305,4",21,Advertencia,Normal,,,No,0,Normal,"Todos los predictores permanecen dentro de los límites aceptables, continúe monitoreando de cerca.  ",,Ninguna falla identificada,15/01/2023 8:10:43 p. m.,sysadmin,,,"37,91","371,01","228,88",,0,,,,"1,99",,,"8,826",21,18,15,"0,25","1,19",0,"0,2","0,53",,,,,13/01/2023,2023,01,EX3600
0060143 ZSHI,60143,Análisis flúido,23/12/2022,0060143 ZSHI 20221223,"7749,47","7805,59","7805,59","492,6",29,Crítico,Normal,,,No,0,Normal,"Todos los predictores permanecen dentro de los límites aceptables, continúe monitoreando de cerca.  ",,Ninguna falla identificada,24/12/2022 8:10:57 p. m.,sysadmin,,,"37,81","350,97","311,36",,0,,,,"2,08",,,"8,91",24,22,19,0,"0,04",0,"0,6",0,,,,,23/12/2022,2022,12,EX3600
0060143 ZSHI,60143,Análisis flúido,24/11/2022,0060143 ZSHI 20221124,"7256,87","7312,99","7312,99","343,4",33,Advertencia,Normal,,,No,0,Normal,"Todos los predictores permanecen dentro de los límites aceptables, continúe monitoreando de cerca.  ",,Ninguna falla identificada,26/11/2022 8:20:37 p. m.,sysadmin,,,"42,66","350,19","306,26",,0,,,,"0,52",,,"8,77",21,19,15,0,"0,18","0,01",0,0,,,,,24/11/2022,2022,11,EX3600
0060143 ZSHI,60143,Análisis flúido,22/10/2022,0060143 ZSHI 20221022,"6913,47","6969,59","6969,59","82,8",5,Crítico,Normal,,,No,0,Normal,Los predictores mejoran luego del cambio de aceite realizado en la terminacion de 2000 mil horas. ,,Ninguna falla identificada,27/10/2022 7:42:35 a. m.,fpertuz,,,"35,67","358,45","267,95",,0,,,,"1,91",,,9,23,22,19,"0,07","2,22","0,11","0,65",0,,,,,22/10/2022,2022,10,EX3600
0060143 ZSHI,60143,Análisis flúido,17/10/2022,0060143 ZSHI 20221017,"6830,67","6886,79","6886,79","202,5",16,Crítico,Crítico,,,No,0,Normal,El predictor de cobre presenta la misma condicion de criticidad antes del cambio del aceite. ,,Ninguna falla identificada,27/10/2022 7:41:27 a. m.,fpertuz,,,"21,93","303,13","274,25",,0,,,,"1,42",,,"8,71",17,15,10,"0,04","35,7","0,18","1,71","0,13",,,,,17/10/2022,2022,10,EX3600
0060143 ZSHI,60143,Análisis flúido,1/10/2022,0060143 ZSHI 20221001,"6649,07","6684,29","6684,29","154,8",10,Crítico,Crítico,,,No,0,Advertencia,El predictor de cobre se encuentra en rango critico.    ,"1. Inspeccionar fuentes de desgaste anormal, revise alarmas de contaminación del equipo y tiempos de ciclo por movimiento, medición de parámetros de componentes hidráulicos  2. Verifique las presiones de drenaje de todos los componentes del sistema (Bombas y motores).  3. Programar el cambio de toda la filtración (By pass, drenaje, flujo pleno y alta eficiencia) y toma de muestra de aceite hco.  4. Cambie los desfogues del tanque hidráulico.    ",Altos metales de desgaste,10/10/2022 10:49:36 a. m.,fpertuz,"Acción: Cambiar los filtros (Prioridad: 3 - Acción en el siguiente Servicio (Máximo 21 días))  Situación: Closed  Realización de Notas en 2022-10-14 11:47:34 por cerrejon_web_service:    Cierre de notas en 2024-03-15 11:20:40 por etorres4:  Se Cierra Orden completada ,ante la mejoria en la salud del componente    Acción: Tomar muestra de aceite (Prioridad: 3 - Acción en el siguiente Servicio (Máximo 21 días))  Situación: Closed  Realización de Notas en 2022-10-14 11:47:34 por cerrejon_web_service:    Cierre de notas en 2024-03-15 11:20:40 por etorres4:  Se Cierra Orden completada ,ante la mejoria en la salud del componente    ",,"17,86","244,4","282,17",,0,,,,"1,43",,,"8,94",20,18,15,"0,35","81,15",0,"3,4",0,,,,,1/10/2022,2022,10,EX3600
0060143 ZSHI,60143,Análisis flúido,21/09/2022,0060143 ZSHI 20220921,"6516,07","6529,49","6529,49","21,8",2,Crítico,Crítico,,,No,0,Advertencia,"Combinación de aceites, se mantiene el predictor de particulas ferrosas,  se realiza seguimiento a las muestras y mantendremos cambio de filtración bajo rutina convencional de Seis.",,Alto conteo de partículas,29/09/2022 9:03:50 a. m.,fpertuz,,,"18,37","234,45","305,44",,0,,,,"1,58",,,"8,88",19,17,15,"0,11","70,27","0,04","2,66","0,2",,,,,21/09/2022,2022,09,EX3600
0060143 ZSHI,60143,Análisis flúido,19/09/2022,0060143 ZSHI 20220919,"6494,27","6507,69","6507,69","267,5",26,Crítico,Crítico,,,No,0,Advertencia,"Mantendremos seguimiento y cambio de filtración por frecuencia, se aumenta el predictor de particulas ferrosas luego del PM. ",,Alto conteo de partículas,29/09/2022 9:00:44 a. m.,fpertuz,,,"15,87","251,81","280,57",,0,,,,"1,24",,,"8,92",19,17,13,"0,35","76,17","0,06","3,2","0,36",,,,,19/09/2022,2022,09,EX3600
0060143 ZSHI,60143,Análisis flúido,24/08/2022,0060143 ZSHI 20220824,"6226,77","6240,19","6240,19","429,7",32,Advertencia,Normal,,,No,0,Normal,"Componente en buenas condiciones, puede operar con normalidad.",,Ninguna falla identificada,2/09/2022 10:10:02 p. m.,fpertuz,,,"39,76","367,21","275,16",,0,,,,"0,15",,,"9,21",22,20,16,0,"0,66",0,"0,05","0,1",,,,,24/08/2022,2022,08,EX3600
0060143 ZSHI,60143,Análisis flúido,23/07/2022,0060143 ZSHI 20220723,"5797,07","5810,49","5810,49","479,4",31,Advertencia,Crítico,,,No,0,Advertencia,Mantendremos seguimiento y cambio de filtracion por frecuencia,,Alto conteo de partículas,1/08/2022 3:21:57 p. m.,fpertuz,,,"31,87","350,07","273,25",,0,,,,"0,8",,,"8,88",22,18,12,0,"15,27",0,"0,23",0,,,,,23/07/2022,2022,07,EX3600
0060143 ZSHI,60143,Análisis flúido,22/06/2022,0060143 ZSHI 20220622,"5317,67","5331,09","5331,09","180,57",16,Crítico,Crítico,,,No,0,Advertencia,"Combinación de aceites, mantendremos seguimiento a las muestras y mantendremos cambio de filtración bajo rutina convencional de Seis.",,Alto conteo de partículas,27/06/2022 10:50:25 p. m.,fpertuz,,,"8,03","246,9","220,01",,0,,,,"0,85",,,"8,64",21,19,15,"0,34","75,36","0,03","1,36",0,,,,,22/06/2022,2022,06,EX3600
0060143 ZSHI,60143,Análisis flúido,6/06/2022,0060143 ZSHI 20220606,"5137,1","5150,52","5150,52","443,91",28,Crítico,Crítico,,,No,0,Advertencia,"Combinación de aceites, mantendremos seguimiento a las muestras y mantendremos cambio de filtración bajo rutina convencional de Seis.",,Alto conteo de partículas,9/06/2022 7:27:35 a. m.,fpertuz,,,"17,56","269,48","166,62",,0,,,,1,,,"8,72",18,16,13,"0,42","69,82",0,"1,95","0,49",,,,,6/06/2022,2022,06,EX3600
0060143 ZSHI,60143,Análisis flúido,9/05/2022,0060143 ZSHI 20220509,"4706,61","4706,61","4706,61","516,99",34,Crítico,Crítico,,,No,0,Advertencia,"Combinación de aceites, mantendremos seguimiento a las muestras y mantendremos cambio de filtración bajo rutina convencional de Seis.",,Alto conteo de partículas,13/05/2022 7:27:33 a. m.,fpertuz,,,19,"255,03","224,21",,"0,38",,,,"1,47",,,"8,69",20,17,12,"0,71","73,37","0,01","1,92",0,,,,,9/05/2022,2022,05,EX3600
0060143 ZSHI,60143,Análisis flúido,5/04/2022,0060143 ZSHI 20220405,"4189,62","4189,62","4189,62","544,72",32,Crítico,Normal,,,No,0,Normal,,,Ninguna falla identificada,11/04/2022 12:11:24 a. m.,fpertuz,,,"42,59","334,28","259,58",,0,,,,"0,65",,,"8,943",22,20,18,0,"0,25","0,01",0,0,,,,,5/04/2022,2022,04,EX3600
0060143 ZSHI,60143,Análisis flúido,4/03/2022,0060143 ZSHI 20220304,"3644,9","3644,9","3644,9","1455,51",85,Crítico,Crítico,,,No,0,Advertencia,"Combinación de aceites, mantendremos seguimiento a las muestras y mantendremos cambio de filtración bajo rutina convencional de Seis.",,Alto conteo de partículas,6/03/2022 9:57:47 p. m.,fpertuz,,,"16,17","303,52","273,59",,0,,,,"0,5",,,"8,694",20,18,15,"0,13","89,51",0,0,"0,16",,,,,4/03/2022,2022,03,EX3600
0060143 ZSHI,60143,Análisis flúido,9/12/2021,0060143 ZSHI 20211209,"2189,39","2189,39","2189,39","835,48",51,Advertencia,Normal,,,No,0,Normal,,,Ninguna falla identificada,12/12/2021 9:43:13 p. m.,fpertuz,,,"59,55","411,25","275,6",,"0,5",,10,17,"0,31",,21,"9,136",19,17,14,"0,16","0,45","0,03","0,09",0,,,,,9/12/2021,2021,12,EX3600
0060143 ZSHI,60143,Análisis flúido,19/10/2021,0060143 ZSHI 20211019,"1353,91","1353,91","1353,91","427,52",28,Crítico,Crítico,,,No,0,Advertencia,Se mantendra el seguimiento por la combinacion del aceite con EX46 que genera alto conteo de cobre,,Alto conteo de partículas,25/10/2021 12:30:36 a. m.,fpertuz,,,"20,13","356,06","305,07",,0,,,,"0,97",,,"8,72",17,15,11,"0,26","170,18",0,1,"0,96",,,,,19/10/2021,2021,10,EX3600
0060143 ZSHI,60143,Análisis flúido,21/09/2021,0060143 ZSHI 20210921,"926,39","926,39","926,39","576,39",37,Advertencia,Normal,,,No,0,Normal,Los predictores estan en rango normal,,Ninguna falla identificada,27/09/2021 7:25:02 p. m.,fpertuz,,,"43,86","463,78","279,92",,0,,,,"0,28",,,"9,057",19,18,14,0,"0,94",0,0,"0,59",,,,,21/09/2021,2021,09,EX3600
0060143 ZSHI,60143,Análisis flúido,15/08/2021,0060143 ZSHI 20210815,350,350,350,"306,82",19,Crítico,Crítico,,,No,0,Advertencia,"Esto es producto de la mezcla del aceite de fabrica con el ISO 46, ya se tiene una OT abierta a este seguimiento SH170399",,Ninguna falla identificada,16/08/2021 11:20:45 p. m.,fpertuz,,,"38,46","405,15","290,98",,0,,,,"1,55",,,"8,743",20,18,15,"0,82","86,01",0,2,"0,34",,,,,15/08/2021,2021,08,EX3600
0060143 ZSHI,60143,Análisis flúido,27/07/2021,0060143 ZSHI 20210727,"43,18","43,18","43,18",,,Crítico,Crítico,,,No,0,Advertencia,"Con este equipo si bien no muestra en el sistema hidráulico un aumento en el ISO tiene las partículas de cobre en crítico, el calcio y el zinc en advertencia indicando que hay mezcla en el aceite y desgaste acelerado de los componentes del sistema hidráulico.  ","Drenar  el aceite del tanque y los enfriadores del sistema hidráulico    Cambie todos los filtros de by pass, flujo pleno, pilotaje y alta eficiencia.    Prender el equipo 45 minutos y hacer pruebas de rendimiento con el fin de que circule el aceite hidráulico     Drenar nuevamente el tanque y los enfriadores del sistema    Cambie todos los filtros de by pass, flujo pleno, pilotaje y alta eficiencia.    Prender el equipo 45 minutos y hacer pruebas de rendimiento con el fin de que circule el aceite hidráulico     Tomar contra muestra del aceite y efectuar monitoreo hasta que salgan los resultados de la muestra para verificar evolución de predictores",Alto conteo de partículas,13/08/2021 9:07:35 a. m.,JCamargo,"Acción: Cambiar los filtros (Prioridad: 2 - Acción dentro de las dos Paradas Programadas (Máxi)  Situación: Closed  Realización de Notas en 2021-08-26 12:07:54 por cerrejon_web_service:  A.  Qu% encontr% al hacer el diagn%stico de la falla? (Parte, Modo)  SISTEMA HIDRAULICO (TRAKKA)  B.  Qu% trabajo se realiz%?  SISTEMA HIDRAULICO (TRAKKA)  C.  Cu%l fue la causa oposible causa de la falla? PARADA PROGRAMADA  D.  Qu% desvi    Cierre de notas en 2021-09-28 07:25:57 por DMartinez:  SE EVIDENCIA MEJORIA EN LA SALUD DEL COMPONENENTE    Acción: Cambiar aceite (Prioridad: 2 - Acción dentro de las dos Paradas Programadas (Máxi)  Situación: Closed  Realización de Notas en 2021-08-26 12:07:54 por cerrejon_web_service:  A.  Qu% encontr% al hacer el diagn%stico de la falla? (Parte, Modo)  SISTEMA HIDRAULICO (TRAKKA)  B.  Qu% trabajo se realiz%?  SISTEMA HIDRAULICO (TRAKKA)  C.  Cu%l fue la causa oposible causa de la falla? PARADA PROGRAMADA  D.  Qu% desvi    Cierre de notas en 2021-09-28 07:25:57 por DMartinez:  SE EVIDENCIA MEJORIA EN LA SALUD DEL COMPONENENTE    ",,"28,85","335,84","285,92",,"0,15",,,,"0,9",,,"8,649",24,23,20,"0,22","15,59",0,2,"0,66",,,,,27/07/2021,2021,07,EX3600
0060144 ZSHI,60144,Análisis flúido,26/07/2026,0060144 ZSHI 20260726,"27104,67","27123,87","27123,87","482,2",27,Normal,Crítico,,,No,0,Crítico,"Los predictores del codigo ISO de limpieza estan en rango de critico.  Asistente, abre una OT tipo TR P1 con las siguientes recomendaciones  :  1.  Cambie los desfogues del tanque hidráulico.  2. Cambie los filtros del sistema (By pass, flujo pleno, piloto, drenaje y alta eficiencia).",,,3/08/2026 3:51:21 p. m.,jbenitez2,,,"178,76","77,08","225,37",,0,,3,21,"4,56",,28,"10,35",23,21,18,"1,16","86,57","0,46","9,61",0,,,,,26/07/2026,2026,07,EX3600
0060144 ZSHI,60144,Análisis flúido,29/06/2026,0060144 ZSHI 20260629,"26622,47","26641,67","26641,67","367,3",22,Normal,Crítico,,,No,0,Advertencia,"Los predictores del codigo ISO de limpieza estan en rango de critico.  Asistente, abre una OT tipo TR P2 con las siguientes recomendaciones  :  1.  Cambie los desfogues del tanque hidráulico.  2. Cambie los filtros del sistema (By pass, flujo pleno, piloto, drenaje y alta eficiencia).",,Alto conteo de partículas,2/07/2026 5:12:12 p. m.,jbenitez2,,,"172,91","83,63","161,13",,"0,28",,,,"3,14",,,"10,34",23,21,18,"1,14","68,95","0,47","6,62","0,08",,,,,29/06/2026,2026,06,EX3600
0060144 ZSHI,60144,Análisis flúido,7/06/2026,0060144 ZSHI 20260607,"26255,17","26274,37","26274,37","214,3",42,Normal,Crítico,,,No,0,Advertencia,"Los predictores del codigo ISO de limpieza estan en rango de critico.  Asistente, abre una OT tipo TR P2 con las siguientes recomendaciones y enventanar el 21/6/26 :  1.  Cambie los desfogues del tanque hidráulico.  2. Cambie los filtros del sistema (By pass, flujo pleno, piloto, drenaje y alta eficiencia).",,Alto conteo de partículas,10/06/2026 1:24:29 p. m.,jbenitez2,,,"217,11","78,52","281,55",,0,,2,20,"2,85",,27,"10,5",20,18,15,"0,18","82,23","0,55","4,73",0,,,,,7/06/2026,2026,06,EX3600
0060144 ZSHI,60144,Análisis flúido,26/04/2026,0060144 ZSHI 20260426,"26040,87","26060,07","26060,07","273,8",17,Normal,Crítico,,,No,0,Normal,"Todos los predictores permanecen dentro de los límites aceptables, continúe monitoreando de cerca.  ",,Ninguna falla identificada,28/04/2026 11:18:30 a. m.,jbenitez2,,,"84,31","41,99","120,58",,0,,3,22,"3,53",,28,"10,005",18,17,13,"1,27","0,78","3,09","12,42","0,24",,,,,26/04/2026,2026,04,EX3600
0060144 ZSHI,60144,Análisis flúido,9/04/2026,0060144 ZSHI 20260409,"25767,07","25786,27","25786,27","481,9",28,Normal,Crítico,,,No,0,Advertencia,"Los predictores del codigo ISO de limpieza estan en rango de critico.  Asistente, abre una OT tipo TR P2 con las siguientes recomendaciones :  1.  Cambie los desfogues del tanque hidráulico.  2. Cambie los filtros del sistema (By pass, flujo pleno, piloto, drenaje y alta eficiencia).",,Alto conteo de partículas,13/04/2026 10:52:38 a. m.,jbenitez2,,,"66,19","44,2","130,43",,"0,6",,3,22,"4,38",,28,"9,9",22,21,17,"2,24","0,61","2,72","13,69",0,,,,,9/04/2026,2026,04,EX3600
0060144 ZSHI,60144,Análisis flúido,12/03/2026,0060144 ZSHI 20260312,"25285,17","25304,37","25304,37","484,7",27,Normal,Crítico,,,No,0,Advertencia,"Los predictores del codigo ISO de limpieza estan en rango de critico.  Asistente, abre una OT tipo TR P2 con las siguientes recomendaciones:  1.  Cambie los desfogues del tanque hidráulico.  2. Cambie los filtros del sistema (By pass, flujo pleno, piloto, drenaje y alta eficiencia).",,Alto conteo de partículas,16/03/2026 3:40:48 p. m.,jbenitez2,,,"48,64","4,9","69,91",,"0,02",,2,21,"0,38",,28,"11,1",22,21,18,"0,12","0,01",0,"0,15","0,04",,,,,12/03/2026,2026,03,EX3600
0060144 ZSHI,60144,Análisis flúido,13/02/2026,0060144 ZSHI 20260213,"24800,47","24819,67","24819,67","190,4",11,Normal,Crítico,,,No,0,Crítico,"Los predictores del codigo ISO de limpieza estan en rango de critico.  Asistente, abre una OT tipo TR P1 con las siguientes recomendaciones Y enventanarla el dia 21/02/2026:  1.  Cambie los desfogues del tanque hidráulico.  2. Cambie los filtros del sistema (By pass, flujo pleno, piloto, drenaje y alta eficiencia).",,Alto conteo de partículas,17/02/2026 7:53:36 a. m.,jbenitez2,,,"85,33","38,33","95,96",,0,,2,21,"5,31",,28,"10,273",24,22,18,"1,67","0,72","3,03","8,4",0,,,,,13/02/2026,2026,02,EX3600
0060144 ZSHI,60144,Análisis flúido,2/02/2026,0060144 ZSHI 20260202,"24610,07","24629,27","24629,27","466,7",28,Normal,Crítico,,,No,0,Advertencia,"Los predictores del codigo ISO de limpieza estan en rango de advertencia.  Asistente, abre una OT tipo TR P3 con las siguientes recomendaciones   1.  Cambie los desfogues del tanque hidráulico.  2. Cambie los filtros del sistema (By pass, flujo pleno, piloto, drenaje y alta eficiencia)  ",,Alto conteo de partículas,4/02/2026 7:09:07 a. m.,jbenitez2,,,"72,21","47,33","129,33",,"0,34",,,,"2,67",,,"10,5",25,18,10,"1,63","0,35","2,59","6,69",0,,,,,2/02/2026,2026,02,EX3600
0060144 ZSHI,60144,Análisis flúido,5/01/2026,0060144 ZSHI 20260105,"24143,37","24162,57","24162,57","459,9",28,Normal,Crítico,,,No,0,Advertencia,"Los predictores del codigo ISO de limpieza estan en rango de advertencia.  Asistente, abre una OT tipo TR P3 con las siguientes recomendaciones   1.  Cambie los desfogues del tanque hidráulico.  2. Cambie los filtros del sistema (By pass, flujo pleno, piloto, drenaje y alta eficiencia)  Pedir el elemento filtrante STOCK: 483074 cant 6 se debe solicitar este filtro de flujo pleno.",,Alto conteo de partículas,8/01/2026 6:37:16 a. m.,jbenitez2,,,"61,34","4,95","105,29",,"0,93",,,,"1,1",,,"11,062",20,18,16,"0,57","0,03",0,"0,35","0,72",,,,,5/01/2026,2026,01,EX3600
0060144 ZSHI,60144,Análisis flúido,8/12/2025,0060144 ZSHI 20251208,"23683,47","23702,67","23702,67","292,6",16,Normal,Crítico,,,No,0,Normal,"Todos los predictores permanecen dentro de los límites aceptables, continúe monitoreando de cerca.  ",,Ninguna falla identificada,11/12/2025 8:18:44 a. m.,jbenitez2,,,"81,51","83,13","271,99",,0,,,,"5,98",,,"9,8",18,16,13,"2,49","0,9","3,95","14,4",0,,,,,8/12/2025,2025,12,EX3600
0060144 ZSHI,60144,Análisis flúido,22/11/2025,0060144 ZSHI 20251122,"23390,87","23410,07","23410,07","261,2",14,Normal,Crítico,,,No,0,Advertencia,SE TOMARA UNA CONTRAMUESTRA PARA VERIFICAR TENDENCIA,,Alto conteo de partículas,6/01/2026 8:07:53 a. m.,jbenitez2,,,"70,83","46,6","108,13",,0,,3,21,"5,27",,27,"9,84",24,22,18,"2,26","0,63","2,71","11,77","0,46",,,,,22/11/2025,2025,11,EX3600
0060144 ZSHI,60144,Análisis flúido,8/11/2025,0060144 ZSHI 20251108,"23129,67","23148,87","23148,87","539,7",36,Normal,Advertencia,,,No,0,Advertencia,"Los conteos de partículas son ligeramente elevados, sin embargo mínimos. Teniendo en cuenta que todos los otros predictores permanecen dentro de los límites aceptables, continúe monitoreando de cerca.  Particle counts are slightly elevated, However minimal. Considering all other predictors remain within acceptable limits, continue to monitor closely.  ",,Alto conteo de partículas,11/11/2025 8:23:20 p. m.,sysadmin,,,,,,,,,,,,,,,21,19,15,,,,,,,,,,8/11/2025,2025,11,EX3600
0060144 ZSHI,60144,Análisis flúido,3/10/2025,0060144 ZSHI 20251003,"22589,97","22609,17","22609,17","150,2",10,Normal,Crítico,,,No,0,Advertencia,YA SE TIENE UNA OT PARA ESTE COMPONENTE #1547686,,Alto conteo de partículas,14/10/2025 4:08:50 p. m.,jbenitez2,,,"87,39","59,46","161,02",,"0,25",,3,21,"5,61",,27,"9,8",21,19,13,"2,24","1,03","2,83","11,88",0,,,,,3/10/2025,2025,10,EX3600
0060144 ZSHI,60144,Análisis flúido,23/09/2025,0060144 ZSHI 20250923,"22439,77","22458,97","22458,97","455,2",27,Normal,Crítico,,,No,0,Advertencia,"Asistente, tu soporte con la apertura de una OT tipo TR con P3 envertanarla el dia 18/10/2025 y la siguiente recomendación:    1.  Cambie los desfogues del tanque hidráulico.  2. Cambie los filtros del sistema (By pass, flujo pleno, piloto, drenaje y alta eficiencia)",,Alto conteo de partículas,30/09/2025 8:40:56 a. m.,jbenitez2,,,"91,21","78,13","171,37",,0,,3,21,"6,3",,27,"9,9",22,21,17,"2,41","1,06","2,4","11,85",0,,,,,23/09/2025,2025,09,EX3600
0060144 ZSHI,60144,Análisis flúido,27/08/2025,0060144 ZSHI 20250827,"21984,57","22003,77","22003,77","454,6",33,Normal,Crítico,,,No,0,Advertencia,"  Asistente, tu soporte con la apertura de una OT tipo TR con P3 envertanarla el dia 14/9/2025 y la siguiente recomendación:    1.  Cambie los desfogues del tanque hidráulico.  2. Cambie los filtros del sistema (By pass, flujo pleno, piloto, drenaje y alta eficiencia)",,Ninguna falla identificada,3/09/2025 8:07:57 a. m.,jbenitez2,,,"92,92","73,61","115,16",,"0,59",,2,21,"4,74",,27,"9,9",18,16,11,"2,42","0,73","2,09","9,04",0,,,,,27/08/2025,2025,08,EX3600
0060144 ZSHI,60144,Análisis flúido,25/07/2025,0060144 ZSHI 20250725,"21529,97","21549,17","21549,17","96,8",5,Normal,Crítico,,,No,0,Advertencia,YA SE TIENE UNA ORDEN PARA ESTE COMPONENTE 1506500,,Ninguna falla identificada,4/08/2025 2:43:56 p. m.,jbenitez2,,,"91,13","77,76","125,12",,"0,16",,2,21,"6,74",,27,"10,234",25,23,18,"1,81","0,58","1,49","9,49","0,16",,,,,25/07/2025,2025,07,EX3600
0060144 ZSHI,60144,Análisis flúido,20/07/2025,0060144 ZSHI 20250720,"21433,17","21452,37","21452,37","495,3",36,Normal,Crítico,,,No,0,Advertencia,"Los predictores del codigo ISO de limpieza estan en rango de advertencia.    Asistente, abre una OT tipo TR P3 con las siguientes recomendaciones:     1.  Cambie los desfogues del tanque hidráulico.  2. Cambie los filtros del sistema (By pass, flujo pleno, piloto, drenaje y alta eficiencia)  ",,Ninguna falla identificada,22/07/2025 12:13:47 p. m.,jbenitez2,,,"109,1","42,3","48,66",,0,,2,21,"2,07",,27,"10,4",20,17,14,"0,93","0,67","1,52","5,59","0,44",,,,,20/07/2025,2025,07,EX3600
0060144 ZSHI,60144,Análisis flúido,14/06/2025,0060144 ZSHI 20250614,"20937,87","20957,07","20957,07","556,9",35,Normal,Crítico,,,No,0,Normal,SE TENDRA EN BAJO MONITOREO,,Ninguna falla identificada,16/06/2025 9:19:00 a. m.,jbenitez2,,,"79,95","93,84","121,39",,"0,64",,,,"5,15",,,"9,99",17,15,11,"1,89","0,77","2,33",12,0,,,,,14/06/2025,2025,06,EX3600
0060144 ZSHI,60144,Análisis flúido,10/05/2025,0060144 ZSHI 20250510,"20380,97","20400,17","20400,17","421,4",28,Normal,Crítico,,,No,0,Advertencia,"Los predictores del codigo ISO de limpieza estan en rango de advertencia.    Asistente, abre una OT tipo TR P3 con las siguientes recomendaciones y enventanar en el pm del 25/5/2025.    1.  Cambie los desfogues del tanque hidráulico.  2. Cambie los filtros del sistema (By pass, flujo pleno, piloto, drenaje y alta eficiencia)  ",,Ninguna falla identificada,14/05/2025 9:26:49 a. m.,jbenitez2,,,"84,58","84,16","118,64",,"0,38",,2,20,"5,7",,27,"10,055",20,18,14,"1,96","0,85","1,96","10,56","0,6",,,,,10/05/2025,2025,05,EX3600
0060144 ZSHI,60144,Análisis flúido,12/04/2025,0060144 ZSHI 20250412,"19959,57","19978,77","19978,77","208,73",12,Normal,Crítico,,,No,0,Normal,SE TENDRA EN BAJO MONITOREO,,Ninguna falla identificada,28/04/2025 3:33:00 p. m.,jbenitez2,,,"73,38","5,25","83,81",,0,,2,21,"0,88",,28,"11,059",21,20,17,"0,22","0,03",0,"0,21","0,67",,,,,12/04/2025,2025,04,EX3600
0060144 ZSHI,60144,Análisis flúido,31/03/2025,0060144 ZSHI 20250331,"19750,84","19770,04","19770,04",257,41,Normal,Crítico,,,No,0,Normal,"EQUIPO EN PARAMETROS NORMALES , SE TENDRA BAJO MONITOREO.",,Ninguna falla identificada,28/04/2025 2:56:13 p. m.,jbenitez2,,,"102,19","37,99","121,26",,0,,,,"3,11",,,"10,565",19,18,12,"1,38","0,51","2,45","4,21","0,51",,,,,31/03/2025,2025,03,EX3600
0060144 ZSHI,60144,Análisis flúido,18/02/2025,0060144 ZSHI 20250218,"19493,84","19513,04","19513,04","123,8",10,Normal,Crítico,,,No,0,Normal,"EQUIPO EN PARAMETROS NORMALES , SE TENDRA BAJO MONITOREO.",,Ninguna falla identificada,28/04/2025 3:03:01 p. m.,jbenitez2,,,"63,45","138,6","123,32",,0,,,,"9,13",,,"9,4",20,18,13,"3,17","0,78","0,28","18,64","0,79",,,,,18/02/2025,2025,02,EX3600
0060144 ZSHI,60144,Análisis flúido,8/02/2025,0060144 ZSHI 20250208,"19370,04","19389,24","19389,24","385,3",24,Normal,Crítico,,,No,0,Advertencia,Filtracion programada para cambio en su PM y aceite programado para su parada anual en marzo.,,Deterioro de la condición del fluido,13/02/2025 5:43:25 p. m.,lrodriguez,Acción: Cambiar de aceite y filtros (Prioridad: 3 - Acción en el siguiente Servicio (Máximo 21 días))  Situación: Recommended      ,,"62,83","3,31","104,88",,"0,36",,2,21,"1,9",,28,"10,999",21,20,16,"0,69",0,"0,03","0,2","0,11",,,,,8/02/2025,2025,02,EX3600
0060144 ZSHI,60144,Análisis flúido,15/01/2025,0060144 ZSHI 20250115,"18984,74","19003,94","19003,94","680,8",42,Normal,Crítico,,,No,0,Advertencia,"Predictor de silicio en critico, tomar contra muestra para corroborar tendencia. Acaba de salir de PM.",,Entrada de polvo,23/01/2025 7:29:13 p. m.,lrodriguez,Acción: Tomar muestra de aceite (Prioridad: 1 - Acción dentro de la Parada Actual Programada (Máxi)  Situación: Recommended      ,,"71,38","173,54","134,85",,0,,,,"7,09",,,"9,2",20,17,13,"3,38","1,13","0,17","17,23",0,,,,,15/01/2025,2025,01,EX3600
0060144 ZSHI,60144,Análisis flúido,4/12/2024,0060144 ZSHI 20241204,"18303,94","18323,14","18323,14","363,3",26,Normal,Crítico,,,No,0,Advertencia,"Se programa cambio de filtracion hidraulica en PM de 1000, volver a muestrear.",,Entrada de polvo,20/12/2024 1:27:11 p. m.,lrodriguez,,,"72,46","16,07","122,89",,0,,,,1,,,"10,969",22,21,18,"0,19",0,"0,06",0,"0,04",,,,,4/12/2024,2024,12,EX3600
0060144 ZSHI,60144,Análisis flúido,8/11/2024,0060144 ZSHI 20241108,"17940,64","17959,84","17959,84","602,7",44,Normal,Advertencia,,,No,0,Advertencia,"Los conteos de partículas son ligeramente elevados, sin embargo mínimos. Teniendo en cuenta que todos los otros predictores permanecen dentro de los límites aceptables, continúe monitoreando de cerca.  Particle counts are slightly elevated, However minimal. Considering all other predictors remain within acceptable limits, continue to monitor closely.  ",,Alto conteo de partículas,15/11/2024 8:44:33 p. m.,sysadmin,,,"63,18","195,05","161,57",,"0,05",,,,"6,89",,,"9,34",20,18,13,"2,03","0,91","0,23","14,58","0,33",,,,,8/11/2024,2024,11,EX3600
0060144 ZSHI,60144,Análisis flúido,25/09/2024,0060144 ZSHI 20240925,"17337,94","17357,14","17357,14","198,8",15,Normal,Sin calificar,,,No,0,Normal,"Todos los predictores estan en rango normal, seguir monitoreando de cerca.",,Ninguna falla identificada,29/09/2024 9:55:04 p. m.,lrodriguez,,,,,,,,,,,,,,,,,,,,,,,,,,,25/09/2024,2024,09,EX3600
0060144 ZSHI,60144,Análisis flúido,10/09/2024,0060144 ZSHI 20240910,"17139,14","17158,34","17158,34","893,5",59,Normal,Advertencia,,,No,0,Advertencia,"Los conteos de partículas son ligeramente elevados, sin embargo mínimos. Teniendo en cuenta que todos los otros predictores permanecen dentro de los límites aceptables, continúe monitoreando de cerca.  Particle counts are slightly elevated, However minimal. Considering all other predictors remain within acceptable limits, continue to monitor closely.  ",,Alto conteo de partículas,13/09/2024 10:37:41 p. m.,sysadmin,,,"60,94","169,54","101,67",,0,,,,"4,06",,,"9,3",20,19,14,"1,27","1,15","0,03","6,59",0,,,,,10/09/2024,2024,09,EX3600
0060144 ZSHI,60144,Análisis flúido,13/07/2024,0060144 ZSHI 20240713,"16245,64","16264,84","16264,84","28,4",2,Normal,Crítico,,,No,0,Normal,"Se manda a tomar contra muestra para corroborar tendencia, los predictores estan en rango normal. Seguir monitoreando de cerca.",,Ninguna falla identificada,24/07/2024 10:21:28 a. m.,lrodriguez,,,"69,4","21,82","62,76",,0,,,,"0,83",,,"10,975",18,17,13,"0,01",0,0,"0,04","0,6",,,,,13/07/2024,2024,07,EX3600
0060144 ZSHI,60144,Análisis flúido,11/07/2024,0060144 ZSHI 20240711,"16217,24","16236,44","16236,44","204,9",13,Normal,Sin calificar,,,No,0,Normal,,,Ninguna falla identificada,19/07/2024 6:59:14 p. m.,DMartinez,,,,,,,,,,,,,,,,,,,,,,,,,,,11/07/2024,2024,07,EX3600
0060144 ZSHI,60144,Análisis flúido,28/06/2024,0060144 ZSHI 20240628,"16012,34","16031,54","16031,54","920,6",73,Normal,Advertencia,,,No,0,Normal,"Todos los predictores permanecen dentro de los límites aceptables, continúe monitoreando de cerca.  ",,Ninguna falla identificada,2/07/2024 9:48:01 a. m.,fpertuz,,,"60,53","121,08","123,28",,0,,,,"1,05",,,"10,3",19,17,13,0,"0,12","0,03","0,48",0,,,,,28/06/2024,2024,06,EX3600
0060144 ZSHI,60144,Análisis flúido,16/04/2024,0060144 ZSHI 20240416,"15091,74","15110,94","15110,94","185,1",11,Normal,Normal,,,No,0,Normal,"Todos los predictores permanecen dentro de los límites aceptables, continúe monitoreando de cerca.  ",,Ninguna falla identificada,22/04/2024 9:39:03 p. m.,sysadmin,,,"49,49","328,46","328,68",,0,,,,"4,74",,,"8,45",21,19,13,"1,21","1,1","0,43","3,93","0,81",,,,,16/04/2024,2024,04,EX3600
0060144 ZSHI,60144,Análisis flúido,5/04/2024,0060144 ZSHI 20240405,"14906,64","14925,84","14925,84","100,2",5,Normal,Normal,,,No,0,Normal,"Todos los predictores se encuentran en rango, seguir monitoreando.",Seguir monitoreando.,Ninguna falla identificada,14/04/2024 7:52:42 p. m.,lrodriguez,,,"48,59","372,3","246,48",,"0,33",,,,"2,25",,,"8,5",18,16,12,"1,11","0,63","0,24","4,47","1,3",,,,,5/04/2024,2024,04,EX3600
0060144 ZSHI,60144,Análisis flúido,31/03/2024,0060144 ZSHI 20240331,"14806,44","14825,64","14825,64","363,19",26,Normal,Normal,,,No,0,Normal,"Todos los predictores se encuentran en rango, seguir monitoreando.",Seguir monitoreando.,Ninguna falla identificada,14/04/2024 7:52:42 p. m.,lrodriguez,,,"48,98","386,77","235,98",,0,,,,"4,87",,,"8,5",22,21,17,"1,04","0,71",0,"2,57",0,,,,,31/03/2024,2024,03,EX3600
0060144 ZSHI,60144,Análisis flúido,5/03/2024,0060144 ZSHI 20240305,"14443,25","14462,45","14462,45","564,7",37,Normal,Advertencia,,,No,0,Crítico,El aceite esta programado para cambio por degradacion y conformacion de varnices,,Ninguna falla identificada,21/03/2024 4:18:18 p. m.,fpertuz,,,"109,18","409,68","270,22",,"0,19",,,,"4,55",,,"8,45",21,20,16,"1,59","2,22","0,31","6,5",0,,,,,5/03/2024,2024,03,EX3600
0060144 ZSHI,60144,Análisis flúido,28/01/2024,0060144 ZSHI 20240128,"13878,55","13897,75","13897,75","208,7",14,Normal,Advertencia,,,No,0,Advertencia,el predictor de hierro se encuentra en advertencia ,"  1.	Toma una contra muestra del componente directamente antes de hacer procedimiento y entrégala a Jesús Benítez para descartar contaminación inducida al tomar la muestra.  2.	Realiza un flushing drenando y suministrando aceite nuevo, posteriormente con equipo encendido efectúe movimiento de giro por 5 min.  3.	Drene y cambie el aceite nuevamente  4.	Inspeccione el componente en búsqueda de posible contaminación      ",Ninguna falla identificada,31/01/2024 3:56:10 p. m.,fpertuz,,,"117,82","384,56","336,47",,0,,3,3,"6,96",,12,"8,65",22,20,17,"1,89","2,76","0,1","6,79",0,,,,,28/01/2024,2024,01,EX3600
0060144 ZSHI,60144,Análisis flúido,14/01/2024,0060144 ZSHI 20240114,"13669,85","13689,05","13689,05",834,52,Normal,Normal,,,No,0,Normal,"Todos los predictores permanecen dentro de los límites aceptables, continúe monitoreando de cerca.  ",,Ninguna falla identificada,16/01/2024 9:49:12 p. m.,sysadmin,,,"82,9","377,28","277,73",,"0,57",,,,"3,76",,,,19,17,12,"1,03","1,88","0,12","3,86","0,31",,,,,14/01/2024,2024,01,EX3600
0060144 ZSHI,60144,Análisis flúido,23/11/2023,0060144 ZSHI 20231123,"12835,85","12855,05","12855,05","135,7",8,Normal,Normal,,,No,0,Normal,"Todos los predictores permanecen dentro de los límites aceptables, continúe monitoreando de cerca.  ",,Ninguna falla identificada,27/11/2023 6:38:03 a. m.,sysadmin,,,"33,32","360,31","235,04",,0,,,,"4,07",,,"8,72",20,19,15,"1,34","1,2","0,19","3,79","0,19",,,,,23/11/2023,2023,11,EX3600
0060144 ZSHI,60144,Análisis flúido,15/11/2023,0060144 ZSHI 20231115,"12700,15","12719,35","12719,35","1585,3",108,Normal,Normal,,,No,0,Normal,"Todos los predictores permanecen dentro de los límites aceptables, continúe monitoreando de cerca.  ",,Ninguna falla identificada,20/11/2023 6:37:59 a. m.,sysadmin,,,"40,82","309,07","314,16",,0,,,,"5,26",,,,22,21,17,"1,59","1,37","0,23","4,91","0,49",,,,,15/11/2023,2023,11,EX3600
0060144 ZSHI,60144,Análisis flúido,30/07/2023,0060144 ZSHI 20230730,"11114,85","11134,05","11134,05",250,14,Normal,Crítico,,,No,0,Normal,,,Ninguna falla identificada,22/08/2023 3:46:42 p. m.,fpertuz,,,"37,88","292,72","308,43",,0,,,,"7,82",,,"8,45",16,14,12,"2,49","3,83","0,28","10,21",0,,,,,30/07/2023,2023,07,EX3600
0060144 ZSHI,60144,Análisis flúido,16/07/2023,0060144 ZSHI 20230716,"10864,85","10884,05","10884,05","615,9",36,Normal,Crítico,,,No,0,Crítico,"El predictor de silicio  en advertencia, hierro en criticidad. ","Los predictores de silicio en advertencia y hierro en crítico.  1. Inspeccionar fuentes de desgaste anormal, revise alarmas de contaminación del equipo y tiempos de ciclo por movimiento, medición de parámetros de componentes hidráulicos  2. Verifique las presiones de drenaje de todos los componentes del sistema (Bombas y motores).  3. Programar el cambio de toda la filtración: By pass, flujo pleno, drenaje y alta eficiencia  4. Cambie los desfogues del tanque hidráulico.  5. Tomar muestra de aceite hco.  ",Ninguna falla identificada,25/07/2023 10:52:39 a. m.,fpertuz,,,"37,42","331,92","255,08",,"0,48",,,,"9,59",,,"8,6",18,17,13,"2,19","3,95","0,35","11,17",0,,,,,16/07/2023,2023,07,EX3600
0060144 ZSHI,60144,Análisis flúido,10/06/2023,0060144 ZSHI 20230610,"10248,95","10268,15","10268,15","329,2",24,Crítico,Advertencia,,,No,0,Normal,Predictores se mantienen.,Predictores se mantienen.,Ninguna falla identificada,29/06/2023 10:16:35 a. m.,fpertuz,,,"43,61","322,84","190,73",,0,,,,"7,92",,,"8,8",23,21,17,"2,98","3,74","0,44","8,73",0,,,,,10/06/2023,2023,06,EX3600
0060144 ZSHI,60144,Análisis flúido,17/05/2023,0060144 ZSHI 20230517,"9919,75","9938,95","9938,95","84,8",5,Crítico,Normal,,,No,0,Normal,Predictores en rangos normales de operación.,,Ninguna falla identificada,1/06/2023 10:36:32 p. m.,fpertuz,,,"39,45","349,02","319,2",,0,,,,"2,97",,,"8,688",24,22,18,0,"0,26","0,16","0,76","0,16",,,,,17/05/2023,2023,05,EX3600
0060144 ZSHI,60144,Análisis flúido,12/05/2023,0060144 ZSHI 20230512,"9834,95","9854,15","9854,15","970,6",62,Normal,Advertencia,,,No,0,Advertencia,Predictor de silicio y hierro en advertencia.,"Encontrar fuentes de entrada de polvo al sistema, cilindros con fuga, respiraderos, etc.",Entrada de polvo,1/06/2023 10:36:02 p. m.,fpertuz,,,"42,6","348,87","299,86",,0,,,,"7,83",,,"8,71",17,16,12,"2,39","3,97","0,26","7,58","0,03",,,,,12/05/2023,2023,05,EX3600
0060144 ZSHI,60144,Análisis flúido,11/03/2023,0060144 ZSHI 20230311,"8864,35","8883,55","8883,55",666,42,Advertencia,Normal,,,No,0,Normal,Predictores en rangos normales. ,,Ninguna falla identificada,16/03/2023 9:56:58 p. m.,fpertuz,,,"35,55","326,68","250,82",,"0,31",,,,"6,26",,,"8,75",22,20,17,"1,48","4,08","0,1","3,69","0,15",,,,,11/03/2023,2023,03,EX3600
0060144 ZSHI,60144,Análisis flúido,28/01/2023,0060144 ZSHI 20230128,"8198,35","8217,55","8217,55","161,6",15,Crítico,Advertencia,,,No,0,Advertencia,"Los conteos de partículas son ligeramente elevados, sin embargo mínimos. Teniendo en cuenta que todos los otros predictores permanecen dentro de los límites aceptables, continúe monitoreando de cerca.  Particle counts are slightly elevated, However minimal. Considering all other predictors remain within acceptable limits, continue to monitor closely.  ",,Alto conteo de partículas,30/01/2023 8:11:40 p. m.,sysadmin,,,"33,34","356,68","235,62",,"0,07",,,,"4,46",,,"8,913",25,23,20,"0,77","0,05",0,"0,9","0,06",,,,,28/01/2023,2023,01,EX3600
0060144 ZSHI,60144,Análisis flúido,13/01/2023,0060144 ZSHI 20230113,"8036,75","8055,95","8055,95","418,2",26,Crítico,Crítico,,,No,0,Crítico,"Se encuentra orden 00996862, se realiza en parada anual.",,Altos metales de desgaste,19/01/2023 11:57:32 a. m.,fpertuz,,,"71,87","383,27","272,33",,"0,59",,,,"5,8",,,"9,002",22,20,17,"1,93","18,96","0,3","9,31","0,18",,,,,13/01/2023,2023,01,EX3600
0060144 ZSHI,60144,Análisis flúido,18/12/2022,0060144 ZSHI 20221218,"7618,55","7637,75","7637,75",56,3,Crítico,Crítico,,,No,0,Crítico,Los predictores de cobre se encuentran en critico.     ,"1. Inspeccionar fuentes de desgaste anormal, revise alarmas de contaminación del equipo y tiempos de ciclo por movimiento, medición de parámetros de componentes hidráulicos.  2. Verifique las presiones de drenaje de todos los componentes del sistema (Bombas y motores).  3. Programar el cambio de toda la filtración y toma de contra-muestra de aceite.  4. Cambie los desfogues del tanque hidráulico.  5. Cambie los filtros del sistema (By pass, drenaje, flujo pleno y alta eficiencia)  ",Altos metales de desgaste,29/12/2022 8:06:50 a. m.,fpertuz,Acción: Cambiar los filtros (Prioridad: 3 - Acción en el siguiente Servicio (Máximo 21 días))  Situación: Closed  Realización de Notas en 2023-01-22 17:19:39 por cerrejon_web_service:    Cierre de notas en 2024-04-08 08:41:02 por etorres4:  SE CIERRA  POR MEJORIA EN EL COMPONENTE     Acción: Tomar muestra de aceite (Prioridad: 3 - Acción en el siguiente Servicio (Máximo 21 días))  Situación: Closed  Realización de Notas en 2023-01-22 17:19:40 por cerrejon_web_service:    Cierre de notas en 2024-04-08 08:41:02 por etorres4:  SE CIERRA  POR MEJORIA EN EL COMPONENTE     ,,"77,14","354,38","322,62",,0,,,,"4,07",,,"9,077",20,18,14,"1,75","16,91","0,32",6,"0,03",,,,,18/12/2022,2022,12,EX3600
0060144 ZSHI,60144,Análisis flúido,15/12/2022,0060144 ZSHI 20221215,"7562,55","7581,75","7581,75","455,4",33,Crítico,Crítico,,,No,0,Crítico,"Predictor de cobre en critico, se abrira OT por cambio de filtracion. ",,Altos metales de desgaste,29/12/2022 8:08:28 a. m.,fpertuz,,,"67,6","333,83","285,69",,"0,45",,,,"3,5",,,"8,93",18,17,13,"1,77","17,06","0,24","5,79","0,14",,,,,15/12/2022,2022,12,EX3600
0060144 ZSHI,60144,Análisis flúido,12/11/2022,0060144 ZSHI 20221112,"7107,15","7126,35","7126,35","609,19",51,Crítico,Crítico,,,No,0,Normal,"Monitoriar comportamiento, alteraciones del Cu por combinaciones de fluido. Se mantiene en seguimiento.",,Alto conteo de partículas,21/11/2022 9:59:36 a. m.,fpertuz,,,"72,07","389,04","291,74",,"0,25",,,,"2,16",,,"9,007",18,16,13,"1,21","16,46","0,18","3,78","0,25",,,,,12/11/2022,2022,11,EX3600
0060144 ZSHI,60144,Análisis flúido,22/09/2022,0060144 ZSHI 20220922,"6517,16","6517,16","6517,16","323,61",35,Crítico,Crítico,,,No,0,Normal,"Monitoriar comportamiento, alteraciones del Cu por combinaciones de fluido",,Ninguna falla identificada,29/09/2022 10:43:24 a. m.,fpertuz,,,"82,29","330,29","316,25",,0,,,,"2,61",,,"8,96",18,17,13,"0,79","18,93","0,21","1,64",0,,,,,22/09/2022,2022,09,EX3600
0060144 ZSHI,60144,Análisis flúido,18/08/2022,0060144 ZSHI 20220818,"6193,55","6193,55","6193,55","650,03",46,Crítico,Crítico,,,No,0,Normal,"Monitoriar comportamiento, alteraciones del Cu por combinaciones de fluido",,Ninguna falla identificada,26/08/2022 8:27:17 a. m.,fpertuz,,,"77,71","309,36","294,43",,0,,,,"1,83",,,"9,06",19,18,14,"1,11","23,13","0,26","1,76","0,95",,,,,18/08/2022,2022,08,EX3600
0060144 ZSHI,60144,Análisis flúido,3/07/2022,0060144 ZSHI 20220703,"5543,52","5543,52","5543,52","655,79",49,Crítico,Crítico,,,No,0,Advertencia,"Combinación de aceites, mantendremos seguimiento a las muestras y mantendremos cambio de filtración bajo rutina convencional de Seis.",,Alto conteo de partículas,10/07/2022 6:02:40 p. m.,fpertuz,,,"46,2","356,28","233,65",,0,,,,"1,48",,,"8,78",18,16,12,"0,55","30,94",0,"1,51","0,24",,,,,3/07/2022,2022,07,EX3600
0060144 ZSHI,60144,Análisis flúido,15/05/2022,0060144 ZSHI 20220515,"4887,73","4887,73","4887,73","294,51",19,Advertencia,Normal,,,No,0,Normal,"Componente en buenas condiciones, puede operar con normalidad.",,Ninguna falla identificada,22/05/2022 6:36:54 p. m.,fpertuz,,,"36,96","355,74","266,79",,0,,,,"0,42",,,"8,9",21,19,17,0,"0,05","0,04","0,11","0,14",,,,,15/05/2022,2022,05,EX3600
0060144 ZSHI,60144,Análisis flúido,26/04/2022,0060144 ZSHI 20220426,"4593,22","4593,22","4593,22","577,55",38,Crítico,Crítico,,,No,0,Advertencia,"Combinación de aceites, mantendremos seguimiento a las muestras y mantendremos cambio de filtración bajo rutina convencional de Seis.",,Fluido incorrecto,1/05/2022 8:21:58 p. m.,fpertuz,,,"40,54","331,44","241,68",,0,,,,"0,88",,,"8,704",17,16,13,"0,4","44,86",0,2,0,,,,,26/04/2022,2022,04,EX3600
0060144 ZSHI,60144,Análisis flúido,19/03/2022,0060144 ZSHI 20220319,"4015,67","4015,67","4015,67","350,46",20,Crítico,Crítico,,,No,0,Advertencia,"Combinacion del aceite, haremos monitorio con cambiod e filtracion por frecuencia y los cambios de aceite por VME",,Alto conteo de partículas,22/03/2022 12:27:06 a. m.,fpertuz,,,"25,67","305,2","262,88",,0,,,,"0,06",,,"8,854",17,16,12,0,"63,81","0,03",0,0,,,,,19/03/2022,2022,03,EX3600
0060144 ZSHI,60144,Análisis flúido,27/02/2022,0060144 ZSHI 20220227,"3665,21","3665,21","3665,21","665,59",39,Crítico,Crítico,,,No,0,Advertencia,"Combinación de aceites, mantendremos seguimiento a las muestras y mantendremos cambio de filtración bajo rutina convencional de Seis.",,Alto conteo de partículas,6/03/2022 9:51:50 p. m.,fpertuz,,,"21,39","253,38","257,63",,0,,,,"0,68",,,"8,682",21,18,15,"0,52","118,91",0,1,"1,6",,,,,27/02/2022,2022,02,EX3600
0060144 ZSHI,60144,Análisis flúido,19/01/2022,0060144 ZSHI 20220119,"2999,62","2999,62","2999,62","682,94",39,Crítico,Crítico,,,No,0,Advertencia,YTa se tiene OT por frecuencia para el cmabiod el acetie en proxima parada por combinacion con Ex46,,Alto conteo de partículas,23/01/2022 9:13:27 p. m.,fpertuz,,,"3,45","228,45","286,89",,0,,,,"0,79",,,"8,655",19,17,14,"0,24","167,06",0,1,"0,22",,,,,19/01/2022,2022,01,EX3600
0060144 ZSHI,60144,Análisis flúido,11/12/2021,0060144 ZSHI 20211211,"2316,68","2316,68","2316,68","942,3",62,Crítico,Crítico,,,No,0,Advertencia,Ya tiene una OT para primer cambio de aceite en la proxima parada programada,,Ninguna falla identificada,19/12/2021 9:39:21 p. m.,fpertuz,,,"8,71","282,26","252,31",,0,,,,"0,62",,,"8,686",18,17,13,"0,21","154,47",0,"0,47","0,17",,,,,11/12/2021,2021,12,EX3600
0060144 ZSHI,60144,Análisis flúido,10/10/2021,0060144 ZSHI 20211010,"1374,38","1374,38","1374,38","563,14",34,Crítico,Crítico,,,No,0,Advertencia,Se programara el cambio de aceite hidraulico en rutina de 4000 ya que tiene mezcla con ISO46,,Deterioro de la condición del fluido,19/10/2021 12:08:59 a. m.,fpertuz,,,"19,17","332,15","280,82",,"0,44",,,,"1,76",,,"8,654",21,19,16,"0,72","149,72",0,1,"0,46",,,,,10/10/2021,2021,10,EX3600
0060144 ZSHI,60144,Análisis flúido,6/09/2021,0060144 ZSHI 20210906,"811,24","811,24","811,24","689,5",47,Crítico,Crítico,,,No,0,Advertencia,Se tiene una OT P4 en seguimiento hasta la rutina de 2000,,Ninguna falla identificada,8/09/2021 4:17:30 p. m.,fpertuz,,,"18,18","328,54","363,52",,"0,04",,,,"0,51",,,"8,488",19,18,13,"0,16","174,92",0,0,0,,,,,6/09/2021,2021,09,EX3600
0060144 ZSHI,60144,Análisis flúido,21/07/2021,0060144 ZSHI 20210721,"121,74","121,74","121,74",,,Crítico,Crítico,,,No,0,Advertencia,"Con este equipo si bien no muestra en el sistema hidráulico un aumento en el ISO tiene las partículas de cobre en crítico, el calcio y el zinc en advertencia indicando que hay mezcla en el aceite y desgaste acelerado de los componentes del sistema hidráulico.","Drenar  el aceite del tanque y los enfriadores del sistema hidráulico    Cambie todos los filtros de by pass, flujo pleno, pilotaje y alta eficiencia.    Prender el equipo 45 minutos y hacer pruebas de rendimiento con el fin de que circule el aceite hidráulico     Drenar nuevamente el tanque y los enfriadores del sistema    Cambie todos los filtros de by pass, flujo pleno, pilotaje y alta eficiencia.    Prender el equipo 45 minutos y hacer pruebas de rendimiento con el fin de que circule el aceite hidráulico     Tomar contra muestra del aceite y efectuar monitoreo hasta que salgan los resultados de la muestra para verificar evolución de predictores",Lixiviación química,13/08/2021 9:10:45 a. m.,JCamargo,"Acción: Cambiar aceite (Prioridad: 4 - Acción requerida por disponibilidad (Máximo 90 día)  Situación: Closed  Realización de Notas en 2021-08-16 12:07:19 por cerrejon_web_service:  A.  Qu% encontr% al hacer el diagn%stico de la falla? (Parte, Modo)  SISTEMA HIDRAULICO (TRAKKA)  B.  Qu% trabajo se realiz%?  SISTEMA HIDRAULICO (TRAKKA)  C.  Cu%l fue la causa oposible causa de la falla? PARADA PROGRAMADA  D.  Qu% desvi    Cierre de notas en 2024-04-05 14:52:46 por etorres4:  CIERRE MASIVO DE ORDENES     ",,"25,15","273,95","305,64",,"0,37",,,,"0,31",,,"8,43",19,17,12,"0,14","28,14","0,01",1,"0,15",,,,,21/07/2021,2021,07,EX3600
0060145 ZSHI,60145,Análisis flúido,6/08/2026,0060145 ZSHI 20260806,"18901,98","21383,08","18901,98","550,5",31,Normal,Crítico,,,No,0,Crítico,"  Los predictores del codigo ISO de limpieza estan en rango de critico .  Asistente, abre una OT tipo TR P1 con las siguientes recomendaciones   1.  Cambie los desfogues del tanque hidráulico.  2. Cambie los filtros del sistema (By pass, flujo pleno, piloto, drenaje y alta eficiencia).",,,10/08/2026 1:14:06 p. m.,jbenitez2,,,"56,25","26,17","123,17",,"0,28",,,,"5,82",,,"9,7",24,22,19,"3,04","0,55","0,11","16,86",0,,,,,6/08/2026,2026,08,EX3600
0060145 ZSHI,60145,Análisis flúido,6/07/2026,0060145 ZSHI 20260706,"18351,48","20832,58","18351,48",463,25,Normal,Crítico,,,No,0,Advertencia,"Los predictores del codigo ISO de limpieza estan en rango de advertencia.  Asistente, abre una OT tipo TR P2 con las siguientes recomendaciones y enventanarla el 27/7/2026   1.  Cambie los desfogues del tanque hidráulico.  2. Cambie los filtros del sistema (By pass, flujo pleno, piloto, drenaje y alta eficiencia).",,Entrada de polvo,14/07/2026 11:04:42 a. m.,jbenitez2,,,"29,75","2,14","89,23",,"0,31",,2,21,"0,11",,28,"11,18",22,20,17,"0,35",0,0,"0,22",0,,,,,6/07/2026,2026,07,EX3600
0060145 ZSHI,60145,Análisis flúido,11/06/2026,0060145 ZSHI 20260611,"17888,48","20369,58","17888,48","270,7",22,Normal,Crítico,,,No,0,Normal,"Todos los predictores permanecen dentro de los límites aceptables, continúe monitoreando de cerca.  ",,Ninguna falla identificada,17/06/2026 10:14:34 a. m.,jbenitez2,,,"51,05","8,42","79,24",,"0,21",,3,22,"2,55",,28,"9,87",18,16,9,"2,27","0,54","0,14","10,86",0,,,,,11/06/2026,2026,06,EX3600
0060145 ZSHI,60145,Análisis flúido,20/05/2026,0060145 ZSHI 20260520,"17617,78","20098,88","17617,78","629,7",40,Normal,Crítico,,,No,0,Advertencia,"Los predictores del codigo ISO de limpieza estan en rango de advertencia.  Asistente, abre una OT tipo TR P2 con las siguientes recomendaciones   1.  Cambie los desfogues del tanque hidráulico.  2. Cambie los filtros del sistema (By pass, flujo pleno, piloto, drenaje y alta eficiencia).",,Alto conteo de partículas,27/05/2026 8:20:20 a. m.,jbenitez2,,,"80,95","17,27","129,6",,"2,74",,3,22,"3,61",,28,"10,15",21,19,16,"2,01","0,72","0,12","11,69",0,,,,,20/05/2026,2026,05,EX3600
0060145 ZSHI,60145,Análisis flúido,10/04/2026,0060145 ZSHI 20260410,"16988,08","19469,18","16988,08","515,8",28,Normal,Crítico,,,No,0,Normal,"ACTUALMENTE SE LE ESTA CAMBIANDO  FILTROS , SE TOMARA CONTRAMUESTRA",,Ninguna falla identificada,13/04/2026 10:51:25 a. m.,jbenitez2,,,"71,32","30,69","92,55",,"0,6",,3,22,"4,42",,28,"9,72",21,19,16,"3,48","0,83","0,22","19,12",0,,,,,10/04/2026,2026,04,EX3600
0060145 ZSHI,60145,Análisis flúido,13/03/2026,0060145 ZSHI 20260313,"16472,28","18953,38","16472,28","585,9",31,Normal,Crítico,,,No,0,Normal,"Todos los predictores permanecen dentro de los límites aceptables, continúe monitoreando de cerca.  ",,Ninguna falla identificada,16/03/2026 10:07:23 a. m.,jbenitez2,,,"72,23","47,46","130,66",,"0,39",,3,22,"4,51",,28,"9,74",18,16,13,"3,1","0,81","0,12","17,66","0,22",,,,,13/03/2026,2026,03,EX3600
0060145 ZSHI,60145,Análisis flúido,10/02/2026,0060145 ZSHI 20260210,"15886,38","18367,48","15886,38","505,6",28,Normal,Crítico,,,No,0,Normal,"Todos los predictores permanecen dentro de los límites aceptables, continúe monitoreando de cerca.  ",,Ninguna falla identificada,13/02/2026 8:35:11 a. m.,jbenitez2,,,"57,75","35,19","117,19",,"0,46",,3,22,"3,55",,28,"9,83",19,17,13,"2,87","0,82","0,19","14,63","0,1",,,,,10/02/2026,2026,02,EX3600
0060145 ZSHI,60145,Análisis flúido,13/01/2026,0060145 ZSHI 20260113,"15380,78","17861,88","15380,78","607,3",37,Normal,Crítico,,,No,0,Normal,"Todos los predictores permanecen dentro de los límites aceptables, continúe monitoreando de cerca.",,Ninguna falla identificada,19/01/2026 10:49:27 a. m.,jbenitez2,,,"55,66","31,25","113,21",,"0,56",,,,"3,52",,,,18,17,14,"2,26","0,78","0,06","13,37","0,27",,,,,13/01/2026,2026,01,EX3600
0060145 ZSHI,60145,Análisis flúido,7/12/2025,0060145 ZSHI 20251207,"14773,48","17254,58","14773,48",352,20,Normal,Crítico,,,No,0,Normal,"Todos los predictores permanecen dentro de los límites aceptables, continúe monitoreando de cerca.  ",,Ninguna falla identificada,10/12/2025 11:15:14 a. m.,jbenitez2,,,"71,1","46,9","245,71",,0,,,,"4,08",,,"9,88",16,15,11,"1,71","1,1","0,11","13,07","0,27",,,,,7/12/2025,2025,12,EX3600
0060145 ZSHI,60145,Análisis flúido,17/11/2025,0060145 ZSHI 20251117,"14421,48","16902,58","14421,48","112,9",6,Normal,Crítico,,,No,0,Normal,SEGUIR OPERANDO ,,Ninguna falla identificada,29/12/2025 1:49:07 p. m.,jbenitez2,,,"72,16","51,38","246,81",,0,,,,"4,49",,,"10,177",23,21,18,"1,94","1,25","0,07","12,36",0,,,,,17/11/2025,2025,11,EX3600
0060145 ZSHI,60145,Análisis flúido,11/11/2025,0060145 ZSHI 20251111,"14308,58","16789,68","14308,58","682,4",39,Normal,Normal,,,No,0,Normal,"Todos los predictores permanecen dentro de los límites aceptables, continúe monitoreando de cerca.  ",,Ninguna falla identificada,15/11/2025 8:23:26 p. m.,sysadmin,,,,,,,,,,,,,,,17,16,11,,,,,,,,,,11/11/2025,2025,11,EX3600
0060145 ZSHI,60145,Análisis flúido,3/10/2025,0060145 ZSHI 20251003,"13626,18","16107,28","13626,18","29,3",4,Normal,Crítico,,,No,0,Normal,"Todos los predictores en rango normal, seguir monitoreando de cerca.",,Ninguna falla identificada,14/10/2025 2:06:56 p. m.,jbenitez2,,,"73,61","29,59","121,34",,"0,22",,2,21,"2,55",,28,"10,019",18,16,11,"0,56","1,45","0,03","6,38",0,,,,,3/10/2025,2025,10,EX3600
0060145 ZSHI,60145,Análisis flúido,29/09/2025,0060145 ZSHI 20250929,"13596,88","16077,98","13596,88","421,8",25,Normal,Crítico,,,No,0,Advertencia,SE LE TOMO UNA CONRAMUESTRA PARA VERIFICAR TENDENCIA,,Ninguna falla identificada,20/10/2025 11:34:23 a. m.,jbenitez2,,,"74,14","30,06","122,5",,"1,05",,2,21,"5,46",,28,"10,082",23,21,17,"1,38","1,47","0,06","6,6",0,,,,,29/09/2025,2025,09,EX3600
0060145 ZSHI,60145,Análisis flúido,4/09/2025,0060145 ZSHI 20250904,"13175,08","15656,18","13175,08","423,8",36,Normal,Crítico,,,No,0,Normal,"Todos los predictores en rango normal, seguir monitoreando de cerca.",,Ninguna falla identificada,7/10/2025 9:38:13 a. m.,jbenitez2,,,"65,24","28,34","131,12",,0,,,,"2,41",,,"9,73",20,18,14,"0,99","1,05","0,03","5,44","0,16",,,,,4/09/2025,2025,09,EX3600
0060145 ZSHI,60145,Análisis flúido,30/07/2025,0060145 ZSHI 20250730,"12751,28","15232,38","12751,28","297,1",15,Normal,Crítico,,,No,0,Normal,"SE LE CAMBIARA ACEITE EN PARADA ANUAL , PROXIMO A ENTRAR",,Ninguna falla identificada,4/08/2025 9:53:06 a. m.,jbenitez2,,,"72,65","39,91","111,55",,"0,53",,,,"8,08",,,"9,71",24,23,20,"2,84","0,67","0,19","19,63","0,63",,,,,30/07/2025,2025,07,EX3600
0060145 ZSHI,60145,Análisis flúido,15/07/2025,0060145 ZSHI 20250715,"12454,18","14935,28","12454,18",421,24,Normal,Crítico,,,No,0,Advertencia,EQUIPO A ENTRAR PROXIMO A PARADA ANUAL SE LE CAMBIARA SU ACEITE HIDRAULICO,,Ninguna falla identificada,18/07/2025 1:04:11 p. m.,jbenitez2,,,"78,88","19,62","77,18",,0,,3,22,5,,27,"9,72",21,20,17,"2,53","0,63","0,17","15,83","0,88",,,,,15/07/2025,2025,07,EX3600
0060145 ZSHI,60145,Análisis flúido,21/06/2025,0060145 ZSHI 20250621,"12033,18","14514,28","12033,18","523,6",31,Normal,Crítico,,,No,0,Advertencia,"el predictor del cinc y viscosidad se encuentra en critico  Asistente, abre una OT tipo TR con P3 enventanarlo el dia 7/7/2025  y las siguientes recomendaciones:  1.  Cambie los desfogues del tanque hidráulico.  2. Cambie los filtros del sistema (By pass, flujo pleno, piloto, drenaje y alta eficiencia)  ",,Ninguna falla identificada,25/06/2025 9:37:30 a. m.,jbenitez2,,,"92,45","29,55","89,95",,0,,,,"4,64",,,"9,8",17,16,13,"2,72","0,75","0,2","13,9",0,,,,,21/06/2025,2025,06,EX3600
0060145 ZSHI,60145,Análisis flúido,21/05/2025,0060145 ZSHI 20250521,"11509,58","13990,68","11509,58","335,4",34,Normal,Crítico,,,No,0,Advertencia,"Los predictores del codigo ISO de limpieza estan en rango de advertencia.    Asistente, abre una OT tipo TR P3  envetanarla el dia 3/6/2025 con las siguientes recomendaciones.    1.  Cambie los desfogues del tanque hidráulico.  2. Cambie los filtros del sistema (By pass, flujo pleno, piloto, drenaje y alta eficiencia)  ",,Ninguna falla identificada,26/05/2025 2:37:37 p. m.,jbenitez2,,,"68,92","9,32","38,91",,0,,2,21,"5,05",,28,"11,046",20,18,14,"0,62",0,0,"0,43","0,62",,,,,21/05/2025,2025,05,EX3600
0060145 ZSHI,60145,Análisis flúido,17/04/2025,0060145 ZSHI 20250417,"11174,18","13655,28","11174,18","419,7",24,Normal,Crítico,,,No,0,Normal,SE TENDRA EN BAJO MONITOREO,,Ninguna falla identificada,28/04/2025 3:23:50 p. m.,jbenitez2,,,"54,17","16,72","113,81",,"0,58",,,,"4,33",,,"9,81",17,16,12,"2,6","0,58","0,08","14,55",0,,,,,17/04/2025,2025,04,EX3600
0060145 ZSHI,60145,Análisis flúido,24/03/2025,0060145 ZSHI 20250324,"10754,48","13235,58","10754,48","487,7",29,Normal,Crítico,,,No,0,Normal,SE TENDRA EN BAJO MONITOREO,,Ninguna falla identificada,28/04/2025 2:48:27 p. m.,jbenitez2,,,"54,87","15,33","100,42",,0,,3,21,"3,88",,27,"9,8",18,16,11,"1,87","0,34","0,07","9,91","0,53",,,,,24/03/2025,2025,03,EX3600
0060145 ZSHI,60145,Análisis flúido,23/02/2025,0060145 ZSHI 20250223,"10266,78","12747,88","10266,78","857,7",48,Normal,Crítico,,,No,0,Normal,"EQUIPO EN PARAMETROS NORMALES , SE TENDRA BAJO MONITOREO.",,Ninguna falla identificada,28/04/2025 2:58:01 p. m.,jbenitez2,,,"72,3","19,38","123,49",,0,,,,"4,58",,,,18,17,13,"1,52","0,5","0,1","10,21","0,6",,,,,23/02/2025,2025,02,EX3600
0060145 ZSHI,60145,Análisis flúido,6/01/2025,0060145 ZSHI 20250106,"9409,08","11890,18","9409,08","363,5",23,Normal,Crítico,,,No,0,Normal,"Todos los predictores en rango normal, seguir monitoreando de cerca.",,Ninguna falla identificada,21/01/2025 4:17:12 p. m.,lrodriguez,,,"76,56","19,27","89,54",,0,,,,"2,76",,,"9,9",19,17,14,"1,9","0,48","0,09","9,17",0,,,,,6/01/2025,2025,01,EX3600
0060145 ZSHI,60145,Análisis flúido,14/12/2024,0060145 ZSHI 20241214,"9045,58","11526,68","9045,58","103,5",9,Normal,Crítico,,,No,0,Advertencia,"Filtracion programada para cambiar en PM de 2000, y las tapas de los desfogues se cambiaron por estar averiadas.",,Entrada de polvo,20/12/2024 1:39:13 p. m.,lrodriguez,,,"56,06","14,91","85,03",,0,,,,"3,11",,,"9,74",22,21,17,"1,27","0,42","0,05","8,08","0,51",,,,,14/12/2024,2024,12,EX3600
0060145 ZSHI,60145,Análisis flúido,5/12/2024,0060145 ZSHI 20241205,"8942,08","11423,18","8942,08","357,6",27,Normal,Crítico,,,No,0,Advertencia,Cambiar filtracion hidraulica y tapas del tanque hco por ingreso de polvo,,Entrada de polvo,20/12/2024 1:30:55 p. m.,lrodriguez,,,1765,1601,1183,,"73,16",,,,"3,32",,,"11,736",21,19,15,"0,84","0,37","0,01","5,19","0,36",,,,,5/12/2024,2024,12,EX3600
0060145 ZSHI,60145,Análisis flúido,8/11/2024,0060145 ZSHI 20241108,"8584,48","11065,58","8584,48","618,9",48,Normal,Crítico,,,No,0,Advertencia,"Los predictores de hierro, silice y codigo de limpieza ISO se encuentran de advertencia.    Asistente abrir una OT tipo TRAKKA con las siguientes instrucciones:    1.  Inspeccione fuentes de desgaste anormal, revise alarmas de contaminación del equipo y tiempos de ciclo por movimiento, medición de parámetros de componentes hidráulicos.  2. Verifique las presiones de drenaje de todos los componentes del sistema (Bombas y motores)  3. Inspeccione condiciones en los motores hidraulicos de enfriamiento de refrigerante e hidraulico, tome las temperaturas de cada motor por separado.  4. Cambie los desfogues del tanque hidráulico.  5. Cambie los filtros del sistema (By pass, flujo pleno, piloto, drenaje y alta eficiencia)  6. Corte el filtro de drenaje y verifique presencia de particulas metalicas.  ",,Entrada de polvo,1/12/2024 10:01:09 p. m.,lrodriguez,Acción: Cambiar los filtros (Prioridad: 1 - Acción dentro de la Parada Actual Programada (Máxi)  Situación: Recommended      ,,"76,36","63,75","112,97",,"0,04",,,,"11,12",,,"9,9",26,25,21,"1,99","0,36",0,"40,37","0,69",,,,,8/11/2024,2024,11,EX3600
0060145 ZSHI,60145,Análisis flúido,21/09/2024,0060145 ZSHI 20240921,"7965,58","10446,68","7965,58","936,6",65,Normal,Advertencia,,,No,0,Advertencia,"Los conteos de partículas son ligeramente elevados, sin embargo mínimos. Teniendo en cuenta que todos los otros predictores permanecen dentro de los límites aceptables, continúe monitoreando de cerca.  Particle counts are slightly elevated, However minimal. Considering all other predictors remain within acceptable limits, continue to monitor closely.  ",,Alto conteo de partículas,23/09/2024 9:43:29 p. m.,sysadmin,,,"47,94","26,72","117,74",,"0,35",,,,"4,57",,,"9,16",21,19,14,"1,3","0,37","0,14","13,06",0,,,,,21/09/2024,2024,09,EX3600
0060145 ZSHI,60145,Análisis flúido,18/07/2024,0060145 ZSHI 20240718,"7028,98","9510,08","7028,98","374,9",24,Normal,Normal,,,No,0,Normal,"Todos los predictores permanecen dentro de los límites aceptables, continúe monitoreando de cerca.  ",,Ninguna falla identificada,20/07/2024 9:31:18 p. m.,sysadmin,,,"58,31","22,6","128,72",,0,,,,"3,43",,,,18,17,13,"1,25","0,56","0,11","10,31",0,,,,,18/07/2024,2024,07,EX3600
0060145 ZSHI,60145,Análisis flúido,24/06/2024,0060145 ZSHI 20240624,"6654,08","9135,18","6654,08","127,7",8,Normal,Normal,,,No,0,Normal,"Todos los predictores permanecen dentro de los límites aceptables, continúe monitoreando de cerca.  ",,Ninguna falla identificada,28/06/2024 8:15:50 a. m.,fpertuz,,,"54,57","21,75","149,01",,0,,,,"3,6",,,,18,16,12,"1,26","0,56","0,17","8,17",0,,,,,24/06/2024,2024,06,EX3600
0060145 ZSHI,60145,Análisis flúido,16/06/2024,0060145 ZSHI 20240616,"6526,38","9007,48","6526,38","705,7",52,Normal,Advertencia,,,No,0,Advertencia,"Los conteos de partículas son ligeramente elevados, sin embargo mínimos. Teniendo en cuenta que todos los otros predictores permanecen dentro de los límites aceptables, continúe monitoreando de cerca.  Particle counts are slightly elevated, However minimal. Considering all other predictors remain within acceptable limits, continue to monitor closely.  ",,Alto conteo de partículas,18/06/2024 4:45:25 p. m.,sysadmin,,,"73,05","17,59","123,97",,"2,57",,,,"1,73",,,,23,20,16,0,"0,14","0,12","0,27",0,,,,,16/06/2024,2024,06,EX3600
0060145 ZSHI,60145,Análisis flúido,25/04/2024,0060145 ZSHI 20240425,"5820,68","8301,78","5820,68","129,2",8,Normal,Advertencia,,,No,0,Normal,"Predictores dentro de rango, operar sin problemas.",,Ninguna falla identificada,6/05/2024 10:23:05 a. m.,lrodriguez,,,"45,73","18,3","162,32",,0,,,,"1,84",,,"7,5",17,15,12,"0,75","0,28",0,"5,02",0,,,,,25/04/2024,2024,04,EX3600
0060145 ZSHI,60145,Análisis flúido,17/04/2024,0060145 ZSHI 20240417,"5691,48","8172,58","5691,48",165,11,Normal,Normal,,,No,0,Normal,"Todos los predictores permanecen dentro de los límites aceptables, continúe monitoreando de cerca.  ",,Ninguna falla identificada,23/04/2024 9:37:17 p. m.,sysadmin,,,"38,38","9,08","179,32",,0,,,,"3,3",,,"8,2",20,18,15,"0,94","0,34","0,37","4,66",0,,,,,17/04/2024,2024,04,EX3600
0060145 ZSHI,60145,Análisis flúido,6/04/2024,0060145 ZSHI 20240406,"5526,48","8007,58","5526,48","793,28",43,Normal,Normal,,,No,0,Normal,"Todos los predictores permanecen dentro de los límites aceptables, continúe monitoreando de cerca.  ",,Ninguna falla identificada,11/04/2024 7:43:33 a. m.,sysadmin,,,"48,06","40,56","154,18",,0,,,,"0,64",,,"8,15",20,19,16,0,"0,1","0,01","0,85","0,68",,,,,6/04/2024,2024,04,EX3600
0060145 ZSHI,60145,Análisis flúido,23/02/2024,0060145 ZSHI 20240223,"4733,2","7214,3","4733,2","289,6",15,Normal,Advertencia,,,No,0,Normal,SEGUIR OPERANDO PREDICTORES EN RANGO ,SEGUIR OPERANDO PREDICTORES EN RANGO ,Ninguna falla identificada,14/03/2024 2:23:22 p. m.,DMartinez,,,"36,14","8,29","130,51",,"0,57",,,,"0,68",,,"7,9",16,14,11,"0,24","0,21",0,"1,48","0,14",,,,,23/02/2024,2024,02,EX3600
0060145 ZSHI,60145,Análisis flúido,8/02/2024,0060145 ZSHI 20240208,"4443,6","6924,7","4443,6","367,4",25,Normal,Normal,,,No,0,Normal,"Todos los predictores permanecen dentro de los límites aceptables, continúe monitoreando de cerca.  ",,Ninguna falla identificada,12/02/2024 6:35:42 a. m.,sysadmin,,,"43,4","10,09","132,85",,0,,,,0,,,,18,17,14,"0,02","0,06",0,"0,8",0,,,,,8/02/2024,2024,02,EX3600
0060145 ZSHI,60145,Análisis flúido,14/01/2024,0060145 ZSHI 20240114,"4076,2","6557,3","4076,2","366,9",23,Normal,Normal,,,No,0,Normal,"Todos los predictores permanecen dentro de los límites aceptables, continúe monitoreando de cerca.  ",,Ninguna falla identificada,16/01/2024 9:49:12 p. m.,sysadmin,,,11,"10,99","191,42",,"0,38",,,,"0,88",,,,18,17,13,"0,56","0,21","0,13","2,35","0,17",,,,,14/01/2024,2024,01,EX3600
0060145 ZSHI,60145,Análisis flúido,22/12/2023,0060145 ZSHI 20231222,"3709,3","6190,4","3709,3","292,3",15,Normal,Crítico,,,No,0,Normal,"Todos los predictores permanecen dentro de los límites aceptables, continúe monitoreando de cerca.  ",,Ninguna falla identificada,26/12/2023 3:22:21 p. m.,fpertuz,,,66,"9,16","100,13",,0,,,,"0,44",,,"11,14",21,20,17,0,0,0,0,0,,,,,22/12/2023,2023,12,EX3600
0060145 ZSHI,60145,Análisis flúido,7/12/2023,0060145 ZSHI 20231207,3417,"5898,1",3417,"584,3",35,Normal,Advertencia,,,No,0,Normal,"Todos los predictores permanecen dentro de los límites aceptables, continúe monitoreando de cerca.  ",,Ninguna falla identificada,14/12/2023 8:25:54 a. m.,fpertuz,,,"5,09","11,62","320,33",,0,,,,"0,86",,,"7,63",22,19,14,"0,04","0,37",0,"1,48","0,42",,,,,7/12/2023,2023,12,EX3600
0060145 ZSHI,60145,Análisis flúido,2/11/2023,0060145 ZSHI 20231102,"2832,7","5313,8","2832,7","2832,7",26,Normal,Advertencia,,,No,0,Normal,SEGUIR OPERANDO,,Ninguna falla identificada,22/11/2023 8:53:03 a. m.,DMartinez,,,"0,52","11,69","316,49",,"0,08",,,,"1,24",,,"7,4",20,18,13,"0,12","0,25","0,03","1,38",0,,,,,2/11/2023,2023,11,EX3600
0060145 ZSHI,60145,Análisis flúido,7/10/2023,0060145 ZSHI 20231007,"2481,1","2481,1",0,"477,2",27,Normal,Crítico,,,No,0,Normal,SEGUIR OPERANDO,,Ninguna falla identificada,22/11/2023 8:53:03 a. m.,DMartinez,,,0,"17,08","248,88",,0,,,,"0,44",,,"12,224",21,19,14,"0,19","0,21",0,"0,98","0,11",,,,,7/10/2023,2023,10,EX3600
0060145 ZSHI,60145,Análisis flúido,10/09/2023,0060145 ZSHI 20230910,"2003,9","2003,9",0,205,11,Normal,Advertencia,,,No,0,Normal,CARGUE MASIVO DE LA INFORMACION SEGUIR OPERANDO ,CARGUE MASIVO DE LA INFORMACION SEGUIR OPERANDO ,Ninguna falla identificada,8/11/2023 4:39:24 p. m.,DMartinez,,,0,"27,09","328,49",,0,,,,"0,26",,,"7,54",18,16,12,0,"0,49",0,"0,42",0,,,,,10/09/2023,2023,09,EX3600
0060145 ZSHI,60145,Análisis flúido,30/08/2023,0060145 ZSHI 20230830,"1798,9","1798,9",0,"367,2",20,Normal,Crítico,,,No,0,Normal,CARGUE MASIVO DE LA INFORMACION SEGUIR OPERANDO ,CARGUE MASIVO DE LA INFORMACION SEGUIR OPERANDO ,Ninguna falla identificada,8/11/2023 4:39:24 p. m.,DMartinez,,,1574,1290,1188,,"69,72",,,,"4,86",,,"8,5",22,18,14,"0,32","0,91","0,23","14,62",0,,,,,30/08/2023,2023,08,EX3600
0060145 ZSHI,60145,Análisis flúido,10/08/2023,0060145 ZSHI 20230810,"1431,7","1431,7",0,"603,8",35,Normal,Normal,,,No,0,Normal,CARGUE MASIVO DE LA INFORMACION SEGUIR OPERANDO ,CARGUE MASIVO DE LA INFORMACION SEGUIR OPERANDO ,Ninguna falla identificada,8/11/2023 4:39:24 p. m.,DMartinez,,,"33,61","450,65","226,5",,0,,,,"1,07",,,"8,95",19,18,14,"0,32","0,85",0,0,0,,,,,10/08/2023,2023,08,EX3600
0060145 ZSHI,60145,Análisis flúido,6/07/2023,0060145 ZSHI 20230706,"827,9","827,9",0,"475,7",30,Normal,Advertencia,,,No,0,Normal,CARGUE MASIVO DE LA INFORMACION SEGUIR OPERANDO ,CARGUE MASIVO DE LA INFORMACION SEGUIR OPERANDO ,Ninguna falla identificada,8/11/2023 4:39:24 p. m.,DMartinez,,,"1,61","59,61","334,32",,0,,,,"0,38",,,"7,85",22,20,14,0,"4,21","0,14","1,55","0,56",,,,,6/07/2023,2023,07,EX3600
0060145 ZSHI,60145,Análisis flúido,6/06/2023,0060145 ZSHI 20230606,"352,2","352,2",0,,,Normal,Normal,,,No,0,Normal,CARGUE MASIVO DE LA INFORMACION SEGUIR OPERANDO ,CARGUE MASIVO DE LA INFORMACION SEGUIR OPERANDO ,Ninguna falla identificada,8/11/2023 4:39:24 p. m.,DMartinez,,,"41,54","332,46","335,91",,0,,,,"2,61",,,"8,85",22,20,16,0,"0,1","0,06","0,46","0,57",,,,,6/06/2023,2023,06,EX3600
0060148 ZSHI,60148,Análisis flúido,29/07/2026,0060148 ZSHI 20260729,"59395,32","59395,32","59395,32","493,5",27,Normal,Crítico,,,No,0,Advertencia,"  Los predictores del codigo ISO de limpieza estan en rango de advertencia .  Asistente, abre una OT tipo TR P3 con las siguientes recomendaciones   1.  Cambie los desfogues del tanque hidráulico.  2. Cambie los filtros del sistema (By pass, flujo pleno, piloto, drenaje y alta eficiencia).",,,3/08/2026 3:47:44 p. m.,jbenitez2,,,"57,83","25,55","119,78",,"0,98",,3,21,"6,47",,28,"10,27",21,20,16,"2,78","1,15","2,34","6,58",0,,,,,29/07/2026,2026,07,EX3600
0060148 ZSHI,60148,Análisis flúido,2/07/2026,0060148 ZSHI 20260702,"58901,82","58901,82","58901,82","530,6",38,Normal,Crítico,,,No,0,Advertencia,"Los predictores del codigo ISO de limpieza estan en rango de advertencia.  Asistente, abre una OT tipo TR P2 con las siguientes recomendaciones   1.cambio del aceite hidraulico  2.  Cambie los desfogues del tanque hidráulico.  3. Cambie los filtros del sistema (By pass, flujo pleno, piloto, drenaje y alta eficiencia).",,Alto conteo de partículas,8/07/2026 2:50:38 p. m.,jbenitez2,,,"76,35","19,24","106,28",,0,,2,21,"2,62",,28,"10,33",21,19,15,"1,4","1,07","1,41","4,3",0,,,,,2/07/2026,2026,07,EX3600
0060148 ZSHI,60148,Análisis flúido,25/05/2026,0060148 ZSHI 20260525,"58371,22","58371,22","58371,22",363,18,Normal,Crítico,,,No,0,Normal,PUEDE SEGUIR OPERANDO,,Ninguna falla identificada,29/05/2026 7:44:56 a. m.,jbenitez2,,,"54,23","15,12","115,26",,0,,2,22,"3,55",,28,"10,12",19,17,14,"2,36","1,07","2,65","8,16",0,,,,,25/05/2026,2026,05,EX3600
0060148 ZSHI,60148,Análisis flúido,7/05/2026,0060148 ZSHI 20260507,"58008,22","58008,22","58008,22","282,1",17,Normal,Crítico,,,No,0,Advertencia,"Los predictores del codigo ISO de limpieza estan en rango de critico.  Asistente, abre una OT tipo TR P2 con las siguientes recomendaciones Y enventanarla el dia 21/05/2026:  1.cambio del aceite hidraulico  2.  Cambie los desfogues del tanque hidráulico.  3. Cambie los filtros del sistema (By pass, flujo pleno, piloto, drenaje y alta eficiencia).",,Alto conteo de partículas,11/05/2026 11:36:43 a. m.,jbenitez2,,,"61,24","9,71","86,33",,0,,,,"3,75",,,"10,1",21,20,17,"1,88","0,92","1,56","5,08","0,8",,,,,7/05/2026,2026,05,EX3600
0060148 ZSHI,60148,Análisis flúido,20/04/2026,0060148 ZSHI 20260420,"57726,12","57726,12","57726,12","434,9",29,Normal,Crítico,,,No,0,Normal,"Todos los predictores en rango normal, seguir monitoreando de cerca.",,Ninguna falla identificada,23/04/2026 5:39:35 p. m.,jbenitez2,,,"73,62","9,65","94,37",,0,,2,21,"2,13",,28,"10,615",18,17,14,"1,25","0,97","1,44","3,73","0,02",,,,,20/04/2026,2026,04,EX3600
0060148 ZSHI,60148,Análisis flúido,22/03/2026,0060148 ZSHI 20260322,"57291,22","57291,22","57291,22","448,6",26,Normal,Crítico,,,No,0,Normal,PUEDE SEGUIR OPERANDO,,Ninguna falla identificada,25/03/2026 1:16:22 p. m.,jbenitez2,,,"60,53","13,01","75,85",,0,,2,22,"3,18",,28,"9,99",18,17,13,"2,28","1,49","2,48","7,02",0,,,,,22/03/2026,2026,03,EX3600
0060148 ZSHI,60148,Análisis flúido,24/02/2026,0060148 ZSHI 20260224,"56842,62","56842,62","56842,62","85,2",5,Normal,Crítico,,,No,0,Advertencia,"Los predictores del codigo ISO de limpieza estan en rango de critico.  Asistente, abre una OT tipo TR P2 con las siguientes recomendaciones Y enventanarla el dia 9/03/2026:  1.  Cambie los desfogues del tanque hidráulico.  2. Cambie los filtros del sistema (By pass, flujo pleno, piloto, drenaje y alta eficiencia).",,Alto conteo de partículas,4/03/2026 8:56:45 a. m.,jbenitez2,,,"50,1","3,73","106,39",,"0,51",,2,21,"0,08",,28,"11,195",21,20,17,"0,42","0,04","0,12","0,12",0,,,,,24/02/2026,2026,02,EX3600
0060148 ZSHI,60148,Análisis flúido,19/02/2026,0060148 ZSHI 20260219,"56757,42","56757,42","56757,42",186,10,Normal,Crítico,,,No,0,Normal,"Todos los predictores permanecen dentro de los límites aceptables, continúe monitoreando de cerca.  ",,Ninguna falla identificada,23/02/2026 10:57:01 a. m.,jbenitez2,,,"68,37","29,45","134,73",,"0,09",,,,"5,48",,,"10,247",17,15,13,"2,73","1,68","1,8","6,71","0,29",,,,,19/02/2026,2026,02,EX3600
0060148 ZSHI,60148,Análisis flúido,9/02/2026,0060148 ZSHI 20260209,"56571,42","56571,42","56571,42","193,2",15,Normal,Crítico,,,No,0,Advertencia,"SE TENDRA BAJO MONITOREO , SE LE CAMBIARA FILTROS A 50HRS",,Alto conteo de partículas,11/02/2026 4:19:34 p. m.,jbenitez2,,,"70,35","20,61","113,8",,"0,85",,,,"7,51",,,"11,263",25,24,20,"2,69","1,47","1,74","6,46","0,02",,,,,9/02/2026,2026,02,EX3600
0060148 ZSHI,60148,Análisis flúido,25/01/2026,0060148 ZSHI 20260125,"56378,22","56378,22","56378,22","506,1",39,Normal,Crítico,,,No,0,Advertencia,"Los predictores del codigo ISO de limpieza estan en rango de critico.  Asistente, abre una OT tipo TR P2 con las siguientes recomendaciones Y enventanarla en el evento del dia 5/2/2026 .  1.  Cambie los desfogues del tanque hidráulico.  2. Cambie los filtros del sistema (By pass, flujo pleno, piloto, drenaje y alta eficiencia)  Pedir el elemento filtrante STOCK: 483074 cant 1 se debe solicitar este filtro de alta eficiencia.",,Alto conteo de partículas,27/01/2026 6:40:52 a. m.,jbenitez2,,,"59,86","19,3","112,91",,"0,15",,,,"3,12",,,"10,452",23,20,15,"1,9","1,7","1,68","5,05","1,09",,,,,25/01/2026,2026,01,EX3600
0060148 ZSHI,60148,Análisis flúido,17/12/2025,0060148 ZSHI 20251217,"55872,12","55872,12","55872,12","635,1",37,Normal,Crítico,,,No,0,Normal,"Todos los predictores permanecen dentro de los límites aceptables, continúe monitoreando de cerca.  ",,Ninguna falla identificada,22/12/2025 3:03:08 p. m.,jbenitez2,,,"105,3","67,75","299,1",,0,,,,"9,92",,,"9,9",19,18,14,"5,58","3,48","3,19","13,91",0,,,,,17/12/2025,2025,12,EX3600
0060148 ZSHI,60148,Análisis flúido,10/11/2025,0060148 ZSHI 20251110,"55237,02","55237,02","55237,02","403,2",28,Normal,Crítico,,,No,0,Normal,SEGUIR OPERANDO ,,Ninguna falla identificada,29/12/2025 2:01:20 p. m.,jbenitez2,,,121,"61,31","192,88",,0,,3,21,"6,92",,28,"10,088",19,17,10,"5,01","4,27","2,85","10,65","1,56",,,,,10/11/2025,2025,11,EX3600
0060148 ZSHI,60148,Análisis flúido,13/10/2025,0060148 ZSHI 20251013,"54833,82","54833,82","54833,82",385,26,Normal,Crítico,,,No,0,Normal,ACTUALMENTE SE ENCUENTRA CON LA TAREA DEL CAMBIO DE ACEITE HIDRAULICO,,Ninguna falla identificada,22/10/2025 8:17:00 a. m.,jbenitez2,,,"140,99","86,23","161,08",,"0,1",,3,21,"6,81",,27,"9,87",18,16,12,"4,91","8,07","4,35","13,54","0,32",,,,,13/10/2025,2025,10,EX3600
0060148 ZSHI,60148,Análisis flúido,17/09/2025,0060148 ZSHI 20250917,"54448,82","54448,82","54448,82",29,5,Normal,Crítico,,,No,0,Advertencia,"  Asistente, tu soporte con la apertura de una OT tipo TR con P3 envertanarla el dia 20/10/2025 y la siguiente recomendación:    1.  Cambie los desfogues del tanque hidráulico.  2. Cambie los filtros del sistema (By pass, flujo pleno, piloto, drenaje y alta eficiencia)  ",,Alto conteo de partículas,30/09/2025 2:01:52 p. m.,jbenitez2,,,"156,28","81,42","183,7",,0,,,,"9,08",,,"10,282",23,21,16,"4,26",9,"3,15","12,7",0,,,,,17/09/2025,2025,09,EX3600
0060148 ZSHI,60148,Análisis flúido,12/09/2025,0060148 ZSHI 20250912,"54419,82","54419,82","54419,82",129,8,Normal,Crítico,,,No,0,Advertencia,YA SE TIENE UNA OT PROGRAMADA PARA ESTE COMPONENTE 1548001,,Alto conteo de partículas,7/10/2025 8:22:56 a. m.,jbenitez2,,,"155,36","82,74","212,03",,0,,3,21,"7,5",,27,,21,19,13,"4,14","9,26","3,28","11,81",0,,,,,12/09/2025,2025,09,EX3600
0060148 ZSHI,60148,Análisis flúido,4/09/2025,0060148 ZSHI 20250904,"54290,82","54290,82","54290,82","439,4",28,Normal,Crítico,,,No,0,Advertencia,YA SE TIENE UNA OT PROGRAMADA PARA ESTE COMPONENTE 1548001,,Alto conteo de partículas,7/10/2025 8:50:32 a. m.,jbenitez2,,,"148,44","100,96","197,61",,"0,23",,,,"6,35",,,10,20,18,13,"3,79","8,62","2,87","12,01","0,21",,,,,4/09/2025,2025,09,EX3600
0060148 ZSHI,60148,Análisis flúido,7/08/2025,0060148 ZSHI 20250807,"53851,42","53851,42","53851,42","196,2",10,Normal,Crítico,,,No,0,Advertencia,YA SE TIENE UNA OT PARA ESTE COMPONENTE 1511692,,Ninguna falla identificada,11/08/2025 11:03:38 a. m.,jbenitez2,,,"110,51","66,07","83,89",,0,,,,"4,36",,,"9,8",18,16,13,"3,17","8,71","2,7","9,9","0,65",,,,,7/08/2025,2025,08,EX3600
0060148 ZSHI,60148,Análisis flúido,28/07/2025,0060148 ZSHI 20250728,"53655,22","53655,22","53655,22","817,8",47,Normal,Crítico,,,No,0,Advertencia,"  Asistente, abre una OT tipo TR P3 con las siguientes recomendaciones.    1.  Cambie los desfogues del tanque hidráulico.  2. Cambie los filtros del sistema (By pass, flujo pleno, piloto, drenaje y alta eficiencia)  ",,Ninguna falla identificada,30/07/2025 10:09:49 a. m.,jbenitez2,,,"110,4","78,7","138,74",,"0,71",,3,21,"5,6",,28,"9,86",16,15,12,"3,13","10,55","2,46",12,"0,43",,,,,28/07/2025,2025,07,EX3600
0060148 ZSHI,60148,Análisis flúido,11/06/2025,0060148 ZSHI 20250611,"52837,42","52837,42","52837,42","288,3",15,Normal,Crítico,,,No,0,Crítico,YA SE TIENE UNA OT PARA ESTE COMPONENTE #1478715,,Ninguna falla identificada,16/06/2025 11:22:14 a. m.,jbenitez2,,,"51,94","10,29","99,43",,"0,24",,2,21,"0,47",,28,"11,076",20,19,16,"0,24","0,01",0,0,"0,48",,,,,11/06/2025,2025,06,EX3600
0060148 ZSHI,60148,Análisis flúido,27/05/2025,0060148 ZSHI 20250527,"52549,12","52549,12","52549,12","416,7",29,Normal,Crítico,,,No,0,Advertencia,"  Asistente, abre una OT tipo TR P3 enventanarla en el pm del dia 20/6/2025  con las siguientes recomendaciones.    1.  Cambie los desfogues del tanque hidráulico.  2. Cambie los filtros del sistema (By pass, flujo pleno, piloto, drenaje y alta eficiencia)  ",,Ninguna falla identificada,3/06/2025 1:42:03 p. m.,jbenitez2,,,"129,38","72,55","50,76",,0,,3,21,"2,57",,28,"10,027",20,18,14,"1,25","13,44","1,97","5,61","1,98",,,,,27/05/2025,2025,05,EX3600
0060148 ZSHI,60148,Análisis flúido,28/04/2025,0060148 ZSHI 20250428,"52132,42","52132,42","52132,42","255,3",18,Normal,Crítico,,,No,0,Normal,"Todos los predictores en rango normal, seguir monitoreando de cerca.",,Ninguna falla identificada,5/05/2025 4:22:25 p. m.,jbenitez2,,,128,"77,55","113,91",,0,,,,"2,9",,,"10,023",16,15,11,"1,27","15,68","1,39","4,93",0,,,,,28/04/2025,2025,04,EX3600
0060148 ZSHI,60148,Análisis flúido,10/04/2025,0060148 ZSHI 20250410,"51877,12","51877,12","51877,12","188,32",11,Normal,Crítico,,,No,0,Normal,SE TENDRA EN BAJO MONITOREO,,Ninguna falla identificada,28/04/2025 3:26:36 p. m.,jbenitez2,,,"68,43","33,6","109,67",,0,,2,21,"2,16",,28,"10,226",17,14,11,"1,31","4,64","1,26","3,54",0,,,,,10/04/2025,2025,04,EX3600
0060148 ZSHI,60148,Análisis flúido,30/03/2025,0060148 ZSHI 20250330,"51688,8","51688,8","51688,8","543,8",30,Normal,Crítico,,,No,0,Normal,"EQUIPO EN PARAMETROS NORMALES , SE TENDRA BAJO MONITOREO.",,Ninguna falla identificada,28/04/2025 2:56:48 p. m.,jbenitez2,,,"73,7","27,54","86,83",,0,,,,"1,61",,,"10,128",18,17,13,"1,4","4,79","1,14","2,24","1,35",,,,,30/03/2025,2025,03,EX3600
0060148 ZSHI,60148,Análisis flúido,28/02/2025,0060148 ZSHI 20250228,51145,51145,51145,"68,5",4,Normal,Crítico,,,No,0,Normal,"EQUIPO EN PARAMETROS NORMALES , SE TENDRA BAJO MONITOREO.",,Ninguna falla identificada,28/04/2025 2:57:06 p. m.,jbenitez2,,,"73,8","4,84","94,46",,0,,,,"2,09",,,"11,11",19,18,15,"0,56","0,01","0,09","0,16",0,,,,,28/02/2025,2025,02,EX3600
0060148 ZSHI,60148,Análisis flúido,24/02/2025,0060148 ZSHI 20250224,"51076,5","51076,5","51076,5","336,8",19,Normal,Crítico,,,No,0,Normal,"EQUIPO EN PARAMETROS NORMALES , SE TENDRA BAJO MONITOREO.",,Ninguna falla identificada,28/04/2025 2:57:41 p. m.,jbenitez2,,,"88,59","23,05","44,72",,0,,2,21,"1,89",,28,"10,38",19,17,14,"0,17","10,27","0,09","1,51",0,,,,,24/02/2025,2025,02,EX3600
0060148 ZSHI,60148,Análisis flúido,5/02/2025,0060148 ZSHI 20250205,"50739,7","50739,7","50739,7","50739,7",4,Normal,Crítico,,,No,0,Normal,SE TENDRA EN BAJO MONITOREO,,Ninguna falla identificada,28/04/2025 3:33:36 p. m.,jbenitez2,,,"90,49","37,1","139,95",,0,,1,20,"2,47",,17,"10,957",20,18,12,"0,24",22,"0,18","1,53",0,,,,,5/02/2025,2025,02,EX3600
0060148 ZSHI,60148,Análisis flúido,1/02/2025,0060148 ZSHI 20250201,0,0,0,0,2,Normal,Crítico,,,No,0,Normal,SE TENDRA EN BAJO MONITOREO,,Ninguna falla identificada,28/04/2025 3:27:42 p. m.,jbenitez2,,,"96,57","40,58","109,85",,"0,08",,,,"0,78",,,"10,894",20,19,13,"0,4","5,51","0,01","0,96","0,11",,,,,1/02/2025,2025,02,EX3600
0060148 ZSHI,60148,Análisis flúido,30/01/2025,0060148 ZSHI 20250130,0,0,0,,,Normal,Crítico,,,No,0,Normal,SE TENDRA EN BAJO MONITOREO,,Ninguna falla identificada,28/04/2025 3:32:46 p. m.,jbenitez2,,,"163,59","103,26","135,35",,0,1,,,"2,06",,,,24,23,18,"0,66","8,72","0,18","2,4","0,11",,,,,30/01/2025,2025,01,EX3600
0060149 ZSHI,60149,Análisis flúido,12/08/2026,0060149 ZSHI 20260812,"15873,8","15873,8","15873,8","117,9",6,Normal,Crítico,,,No,0,Crítico,"Los predictores del codigo ISO de limpieza estan en rango critico .  Asistente, abre una OT tipo TR P2 con las siguientes recomendaciones   1. Cambio del aceite hidraulico   2.  Cambie los desfogues del tanque hidráulico.  3. Cambie los filtros del sistema (By pass, flujo pleno, piloto, drenaje y alta eficiencia).  ",,,18/08/2026 11:23:41 a. m.,jbenitez2,,,"107,69","59,76","182,75",,"0,32",,3,23,"6,1",,29,"9,92",22,20,15,"2,31","1,58","0,84","10,73",0,,,,,12/08/2026,2026,08,EX3600
0060149 ZSHI,60149,Análisis flúido,6/08/2026,0060149 ZSHI 20260806,"15755,9","15755,9","15755,9",499,26,Normal,Crítico,,,No,0,Crítico,"  Los predictores del codigo ISO de limpieza estan en rango de critico .  Asistente, abre una OT tipo TR P1 con las siguientes recomendaciones   1.  Cambie los desfogues del tanque hidráulico.  2. Cambie los filtros del sistema (By pass, flujo pleno, piloto, drenaje y alta eficiencia).",,,10/08/2026 1:12:54 p. m.,jbenitez2,,,"118,33","58,69","116,42",,0,,,,"13,28",,,"9,92",27,26,22,"3,82","1,23","0,81","11,81","0,77",,,,,6/08/2026,2026,08,EX3600
0060149 ZSHI,60149,Análisis flúido,11/07/2026,0060149 ZSHI 20260711,"15256,9","15256,9","15256,9","504,2",28,Normal,Crítico,,,No,0,Advertencia,"  Los predictores del codigo ISO de limpieza estan en rango de advertencia .  Asistente, abre una OT tipo TR P3 con las siguientes recomendaciones   1.  Cambie los desfogues del tanque hidráulico.  2. Cambie los filtros del sistema (By pass, flujo pleno, piloto, drenaje y alta eficiencia).    ",,Alto conteo de partículas,21/07/2026 4:36:43 p. m.,jbenitez2,,,"99,53","58,56","104,78",,"0,1",,3,22,"2,3",,28,"10,02",21,20,17,"1,28","1,1","0,61","6,55","0,05",,,,,11/07/2026,2026,07,EX3600
0060149 ZSHI,60149,Análisis flúido,13/06/2026,0060149 ZSHI 20260613,"14752,7","14752,7","14752,7","351,2",23,Normal,Crítico,,,No,0,Advertencia,"Los predictores del codigo ISO de limpieza estan en rango de advertencia.  Asistente, abre una OT tipo TR P3 con las siguientes recomendaciones y enventanarla el 2/7/2026   1.  Cambie los desfogues del tanque hidráulico.  2. Cambie los filtros del sistema (By pass, flujo pleno, piloto, drenaje y alta eficiencia).",,Alto conteo de partículas,17/06/2026 12:06:02 p. m.,jbenitez2,,,"102,23","57,01",108,,0,,3,21,"1,96",,28,"10,14",19,18,15,"1,83","1,24","0,62","6,72","0,34",,,,,13/06/2026,2026,06,EX3600
0060149 ZSHI,60149,Análisis flúido,21/05/2026,0060149 ZSHI 20260521,"14401,5","14401,5","14401,5","129,5",7,Normal,Crítico,,,No,0,Advertencia,"Los predictores del codigo ISO de limpieza estan en rango de advertencia.  Asistente, abre una OT tipo TR P2 con las siguientes recomendaciones   1.  Cambie los desfogues del tanque hidráulico.  2. Cambie los filtros del sistema (By pass, flujo pleno, piloto, drenaje y alta eficiencia).",,Alto conteo de partículas,27/05/2026 8:22:20 a. m.,jbenitez2,,,"110,88","39,55","88,77",,0,,2,21,"1,4",,28,"10,31",20,18,14,"1,39","1,69","0,67","5,8","0,4",,,,,21/05/2026,2026,05,EX3600
0060149 ZSHI,60149,Análisis flúido,14/05/2026,0060149 ZSHI 20260514,14272,14272,14272,"453,6",27,Normal,Crítico,,,No,0,Normal,"Todos los predictores permanecen dentro de los límites aceptables, continúe monitoreando de cerca.  ",,Ninguna falla identificada,19/05/2026 10:15:07 a. m.,jbenitez2,,,"100,53","25,74","72,92",,0,,,,"1,1",,,"10,15",19,17,12,"0,85","1,28","0,69","4,27","1,53",,,,,14/05/2026,2026,05,EX3600
0060149 ZSHI,60149,Análisis flúido,17/04/2026,0060149 ZSHI 20260417,"13818,4","13818,4","13818,4","406,6",36,Normal,Crítico,,,No,0,Normal,"Todos los predictores permanecen dentro de los límites aceptables, continúe monitoreando de cerca. ",,Ninguna falla identificada,20/04/2026 12:03:54 p. m.,jbenitez2,,,"105,91","39,69","131,89",,0,,,,"1,15",,,"10,5",19,17,14,"0,41","1,8","0,84","4,53",0,,,,,17/04/2026,2026,04,EX3600
0060149 ZSHI,60149,Análisis flúido,12/03/2026,0060149 ZSHI 20260312,"13411,8","13411,8","13411,8","618,5",35,Normal,Crítico,,,No,0,Advertencia,"Los predictores del codigo ISO de limpieza estan en rango de critico.  Asistente, abre una OT tipo TR P3 con las siguientes recomendaciones :  1.  Cambie los desfogues del tanque hidráulico.  2. Cambie los filtros del sistema (By pass, flujo pleno, piloto, drenaje y alta eficiencia).",,Alto conteo de partículas,16/03/2026 3:42:40 p. m.,jbenitez2,,,"59,67","10,68","83,89",,"0,15",,3,22,"7,44",,27,"9,9",20,18,15,"4,59","0,44","7,92","19,28","0,33",,,,,12/03/2026,2026,03,EX3600
0060149 ZSHI,60149,Análisis flúido,5/02/2026,0060149 ZSHI 20260205,"12793,3","12793,3","12793,3","383,2",22,Normal,Crítico,,,No,0,Normal,"Todos los predictores permanecen dentro de los límites aceptables, continúe monitoreando de cerca.",,Ninguna falla identificada,9/02/2026 1:24:47 p. m.,jbenitez2,,,"72,03","17,81","133,35",,0,,2,21,"5,65",,28,"10,44",16,14,12,"2,75","0,42","3,63","11,86",0,,,,,5/02/2026,2026,02,EX3600
0060149 ZSHI,60149,Análisis flúido,14/01/2026,0060149 ZSHI 20260114,"12410,1","12410,1","12410,1",670,39,Normal,Crítico,,,No,0,Normal,"Todos los predictores permanecen dentro de los límites aceptables, continúe monitoreando de cerca.",,Ninguna falla identificada,19/01/2026 10:45:49 a. m.,jbenitez2,,,"54,37","18,08","108,61",,"0,78",,,,"7,62",,,,17,16,12,"4,54","0,51",6,"19,57","0,05",,,,,14/01/2026,2026,01,EX3600
0060149 ZSHI,60149,Análisis flúido,6/12/2025,0060149 ZSHI 20251206,"11740,1","11740,1","11740,1","485,8",26,Normal,Crítico,,,No,0,Normal,"Todos los predictores permanecen dentro de los límites aceptables, continúe monitoreando de cerca.  ",,Ninguna falla identificada,10/12/2025 11:15:34 a. m.,jbenitez2,,,"70,18","24,67","224,2",,0,,,,"6,81",,,"9,91",18,17,14,"3,19","0,56","2,89","18,42","0,24",,,,,6/12/2025,2025,12,EX3600
0060149 ZSHI,60149,Análisis flúido,10/11/2025,0060149 ZSHI 20251110,"11254,3","11254,3","11254,3","17,4",1,Normal,Advertencia,,,No,0,Advertencia,"Los conteos de partículas son ligeramente elevados, sin embargo mínimos. Teniendo en cuenta que todos los otros predictores permanecen dentro de los límites aceptables, continúe monitoreando de cerca.  Particle counts are slightly elevated, However minimal. Considering all other predictors remain within acceptable limits, continue to monitor closely.  ",,Alto conteo de partículas,15/11/2025 8:23:26 p. m.,sysadmin,,,,,,,,,,,,,,,23,20,13,,,,,,,,,,10/11/2025,2025,11,EX3600
0060149 ZSHI,60149,Análisis flúido,9/11/2025,0060149 ZSHI 20251109,"11236,9","11236,9","11236,9","585,6",33,Normal,Crítico,,,No,0,Normal,SEGUIR OPERANDO ,,Ninguna falla identificada,29/12/2025 2:04:36 p. m.,jbenitez2,,,"54,3","35,15","114,74",,"0,9",,,,"9,46",,,,20,19,16,"5,82","0,83","4,52","27,43","1,08",,,,,9/11/2025,2025,11,EX3600
0060149 ZSHI,60149,Análisis flúido,7/10/2025,0060149 ZSHI 20251007,"10651,3","10651,3","10651,3","368,4",25,Normal,Crítico,,,No,0,Normal,"Todos los predictores permanecen dentro de los límites aceptables, continúe monitoreando de cerca.  ",,Ninguna falla identificada,14/10/2025 4:26:47 p. m.,jbenitez2,,,"58,07","48,65","136,67",,"0,12",,3,21,"9,19",,27,,20,19,13,"4,9","0,67","3,04","26,07","0,79",,,,,7/10/2025,2025,10,EX3600
0060149 ZSHI,60149,Análisis flúido,12/09/2025,0060149 ZSHI 20250912,"10282,9","10282,9","10282,9",109,7,Normal,Crítico,,,No,0,Normal,"Todos los predictores permanecen dentro de los límites aceptables, continúe monitoreando de cerca.  ",,Ninguna falla identificada,6/10/2025 4:20:13 p. m.,jbenitez2,,,"62,54","37,45","159,61",,0,,3,21,"8,27",,27,,16,13,7,"3,65","0,85","2,55","24,43",0,,,,,12/09/2025,2025,09,EX3600
0060149 ZSHI,60149,Análisis flúido,5/09/2025,0060149 ZSHI 20250905,"10173,9","10173,9","10173,9","537,1",31,Normal,Crítico,,,No,0,Advertencia,SE TOMARA UNA CONTRAMUESTRA PARA VERIFICAR TENDENCIAS,,Alto conteo de partículas,7/10/2025 8:49:05 a. m.,jbenitez2,,,"60,44","2,38","111,19",,"0,14",,,,"0,71",,,11,21,20,16,0,0,0,"0,35",0,,,,,5/09/2025,2025,09,EX3600
0060149 ZSHI,60149,Análisis flúido,5/08/2025,0060149 ZSHI 20250805,"9636,8","9636,8","9636,8","214,2",12,Normal,Crítico,,,No,0,Advertencia,YA SE TIENE UNA OT PARA ESTE COMPONENTE #1502874,,Ninguna falla identificada,11/08/2025 10:59:58 a. m.,jbenitez2,,,"63,83","16,47","125,93",,0,,2,21,"1,57",,28,"11,002",22,20,16,"0,2","0,02","0,06","0,23",0,,,,,5/08/2025,2025,08,EX3600
0060149 ZSHI,60149,Análisis flúido,24/07/2025,0060149 ZSHI 20250724,"9422,6","9422,6","9422,6",312,16,Normal,Crítico,,,No,0,Advertencia,YA SE TIENE UNA OT PARA ESTE COMPONENTE #1502874,,Ninguna falla identificada,28/07/2025 4:13:25 p. m.,jbenitez2,,,"63,42","22,01","28,87",,0,,3,21,"6,85",,27,"9,57",24,22,16,"4,33","0,71","1,72","18,26","0,06",,,,,24/07/2025,2025,07,EX3600
0060149 ZSHI,60149,Análisis flúido,8/07/2025,0060149 ZSHI 20250708,"9110,6","9110,6","9110,6","689,4",43,Normal,Crítico,,,No,0,Advertencia,"Los predictores del codigo ISO de limpieza estan en rango de advertencia.    Asistente, abre una OT tipo TR P3 con las siguientes recomendaciones.    1.  Cambie los desfogues del tanque hidráulico.  2. Cambie los filtros del sistema (By pass, flujo pleno, piloto, drenaje y alta eficiencia)  ",,Ninguna falla identificada,15/07/2025 4:58:15 p. m.,jbenitez2,,,"54,61","63,3","139,18",,"0,02",,,,"7,79",,,"9,6",21,19,15,"3,24","0,61","1,34","18,91",0,,,,,8/07/2025,2025,07,EX3600
0060149 ZSHI,60149,Análisis flúido,26/05/2025,0060149 ZSHI 20250526,"8421,2","8421,2","8421,2","454,5",29,Normal,Crítico,,,No,0,Advertencia,"Los predictores del codigo ISO de limpieza estan en rango de advertencia.    Asistente, abre una OT tipo TR P3 envetanarla el dia 17/6/2025 con las siguientes recomendaciones.    1.  Cambie los desfogues del tanque hidráulico.  2. Cambie los filtros del sistema (By pass, flujo pleno, piloto, drenaje y alta eficiencia)  ",,Ninguna falla identificada,3/06/2025 2:14:50 p. m.,jbenitez2,,,"107,4","66,98","116,53",,0,,3,20,"10,54",,26,"9,54",20,19,16,"5,65","0,88","5,74","12,68",0,,,,,26/05/2025,2025,05,EX3600
0060149 ZSHI,60149,Análisis flúido,27/04/2025,0060149 ZSHI 20250427,"7966,7","7966,7","7966,7","484,91",29,Normal,Crítico,,,No,0,Normal,EQUIPO SE ENCUENTRA EN PARAMETROS NORMALES ,,Ninguna falla identificada,5/05/2025 4:05:27 p. m.,jbenitez2,,,"56,3","45,7","117,64",,0,,,,"7,08",,,,19,17,14,"3,13","0,9","0,96","15,24","1,88",,,,,27/04/2025,2025,04,EX3600
0060149 ZSHI,60149,Análisis flúido,29/03/2025,0060149 ZSHI 20250329,"7481,79","7481,79","7481,79","968,3",62,Normal,Crítico,,,No,0,Crítico,SE TENDRA EN BAJO MONITOREO,,Ninguna falla identificada,28/04/2025 2:45:14 p. m.,jbenitez2,,,"56,6","25,17","109,25",,0,,,,"4,28",,,"9,7",22,21,17,"2,53","0,96","0,55","7,69","1,44",,,,,29/03/2025,2025,03,EX3600
0060149 ZSHI,60149,Análisis flúido,26/01/2025,0060149 ZSHI 20250126,"6513,49","6513,49","6513,49","1267,8",79,Normal,Crítico,,,No,0,Advertencia,"Los predictores del codigo ISO de limpieza estan en rango de advertencia.    Asistente, abre una OT tipo TR P2 con las siguientes recomendaciones.    1.  Cambie los desfogues del tanque hidráulico.  2.  Cambie los filtros del sistema (By pass, flujo pleno, piloto y drenaje)      ",,Entrada de polvo,28/01/2025 3:12:46 p. m.,lrodriguez,Acción: Cambiar los filtros (Prioridad: 2 - Acción dentro de las dos Paradas Programadas (Máxi)  Situación: Recommended      ,,"45,99","40,7","193,89",,0,,,,"7,39",,,"8,61",23,22,16,"2,85","0,62","0,03","14,93","0,92",,,,,26/01/2025,2025,01,EX3600
0060149 ZSHI,60149,Análisis flúido,8/11/2024,0060149 ZSHI 20241108,"5245,69","5245,69","5245,69","629,9",47,Normal,Crítico,,,No,0,Advertencia,Filtracion a cambiarse en PM de 1000 y volver a muestrear a las 100 horas.,,Entrada de polvo,1/12/2024 8:51:21 p. m.,lrodriguez,,,"68,4","12,87","68,23",,0,,,,"1,03",,,"10,929",23,22,18,"0,19","0,05","0,01",0,"0,49",,,,,8/11/2024,2024,11,EX3600
0060149 ZSHI,60149,Análisis flúido,22/09/2024,0060149 ZSHI 20240922,"4615,79","4615,79","4615,79","718,3",44,Normal,Advertencia,,,No,0,Advertencia,"Los conteos de partículas son ligeramente elevados, sin embargo mínimos. Teniendo en cuenta que todos los otros predictores permanecen dentro de los límites aceptables, continúe monitoreando de cerca.  Particle counts are slightly elevated, However minimal. Considering all other predictors remain within acceptable limits, continue to monitor closely.  ",,Alto conteo de partículas,23/09/2024 9:43:29 p. m.,sysadmin,,,"40,64","26,59","194,24",,"3,12",,,,"1,7",,,"8,863",19,18,14,"0,19","0,67","0,14","4,02",0,,,,,22/09/2024,2024,09,EX3600
0060149 ZSHI,60149,Análisis flúido,9/08/2024,0060149 ZSHI 20240809,"3897,49","3897,49","3897,49","630,9",37,Normal,Advertencia,,,No,0,Advertencia,"Los conteos de partículas son ligeramente elevados, sin embargo mínimos. Teniendo en cuenta que todos los otros predictores permanecen dentro de los límites aceptables, continúe monitoreando de cerca.  Particle counts are slightly elevated, However minimal. Considering all other predictors remain within acceptable limits, continue to monitor closely.  ",,Alto conteo de partículas,12/08/2024 11:09:12 p. m.,sysadmin,,,"35,59","36,55","162,09",,"0,24",,2,14,"1,02",,22,,21,19,16,"0,64","0,5","0,05","1,6",0,,,,,9/08/2024,2024,08,EX3600
0060149 ZSHI,60149,Análisis flúido,3/07/2024,0060149 ZSHI 20240703,"3266,59","3266,59","3266,59","527,6",32,Normal,Normal,,,No,0,Normal,"Todos los predictores permanecen dentro de los límites aceptables, continúe monitoreando de cerca.  ",,Ninguna falla identificada,6/07/2024 9:35:14 p. m.,sysadmin,,,"0,15","56,59","309,91",,0,,,,"0,57",,,,17,15,13,0,"1,03",0,"0,82","0,1",,,,,3/07/2024,2024,07,EX3600
0060149 ZSHI,60149,Análisis flúido,1/06/2024,0060149 ZSHI 20240601,"2738,99","2738,99","2738,99","573,7",33,Normal,Normal,,,No,0,Normal,"Todos los predictores permanecen dentro de los límites aceptables, continúe monitoreando de cerca.  ",,Ninguna falla identificada,18/06/2024 4:45:25 p. m.,sysadmin,,,0,"68,34","278,54",,"0,24",,,,"0,77",,,,19,17,14,"0,28","1,38","0,01","0,64","0,83",,,,,1/06/2024,2024,06,EX3600
0060149 ZSHI,60149,Análisis flúido,29/04/2024,0060149 ZSHI 20240429,"2165,29","2165,29","2165,29","414,2",23,Normal,Crítico,,,No,0,Normal,"Los conteos de partículas son ligeramente elevados, sin embargo mínimos. Teniendo en cuenta que todos los otros predictores permanecen dentro de los límites aceptables, continúe monitoreando de cerca.",,Ninguna falla identificada,9/05/2024 10:41:21 a. m.,fpertuz,,,"0,45","85,28","236,26",,0,,,,"1,57",,,"6,95",25,23,14,"0,42","3,57",0,"2,21",0,,,,,29/04/2024,2024,04,EX3600
0060149 ZSHI,60149,Análisis flúido,6/04/2024,0060149 ZSHI 20240406,"1751,09","1751,09","1751,09","1434,59",81,Normal,Advertencia,,,No,0,Advertencia,"Los conteos de partículas son ligeramente elevados, sin embargo mínimos. Teniendo en cuenta que todos los otros predictores permanecen dentro de los límites aceptables, continúe monitoreando de cerca.  Particle counts are slightly elevated, However minimal. Considering all other predictors remain within acceptable limits, continue to monitor closely.  ",,Alto conteo de partículas,10/04/2024 7:57:28 a. m.,sysadmin,,,"1,24","84,71","345,93",,0,,,,"0,46",,,"8,7",25,24,15,0,"4,45",0,"0,76",1,,,,,6/04/2024,2024,04,EX3600
0060149 ZSHI,60149,Análisis flúido,16/01/2024,0060149 ZSHI 20240116,"316,5","316,5","316,5",,,Normal,Advertencia,,,No,0,Normal,Seguir Operando,,Ninguna falla identificada,2/02/2024 4:44:52 p. m.,DMartinez,,,"5,78","36,2","270,02",,"0,41",,,,"0,76",,,"7,8",17,15,11,"0,12","2,68","0,04","1,54","0,87",,,,,16/01/2024,2024,01,EX3600
0060150 ZSHI,60150,Análisis flúido,31/07/2026,0060150 ZSHI 20260731,"13993,09","13993,09","13993,09","484,8",29,Normal,Crítico,,,No,0,Advertencia,"Los predictores del codigo ISO de limpieza estan en rango de advertencia.  Asistente, abre una OT tipo TR P3 con las siguientes recomendaciones   1.  Cambie los desfogues del tanque hidráulico.  2. Cambie los filtros del sistema (By pass, flujo pleno, piloto, drenaje y alta eficiencia).  ",,,3/08/2026 10:12:13 a. m.,jbenitez2,,,"57,9","4,66","102,28",,"0,33",,2,22,"0,32",,29,"11,21",20,18,15,"0,27","0,02","0,05","0,48","0,17",,,,,31/07/2026,2026,07,EX3600
0060150 ZSHI,60150,Análisis flúido,2/07/2026,0060150 ZSHI 20260702,"13508,29","13508,29","13508,29","532,4",29,Normal,Crítico,,,No,0,Normal,PUEDE SEGUIR OPERANDO.,,Ninguna falla identificada,6/07/2026 3:53:06 p. m.,jbenitez2,,,"61,23","30,67","101,71",,"0,6",,3,22,"2,68",,28,"10,11",18,17,13,"1,76","0,84","2,83","10,76","0,45",,,,,2/07/2026,2026,07,EX3600
0060150 ZSHI,60150,Análisis flúido,3/06/2026,0060150 ZSHI 20260603,"12975,89","12975,89","12975,89","463,1",29,Normal,Crítico,,,No,0,Normal,"Todos los predictores permanecen dentro de los límites aceptables, continúe monitoreando de cerca. ",,Ninguna falla identificada,9/06/2026 9:17:18 a. m.,jbenitez2,,,"43,26","23,78","108,96",,"0,36",,,,"2,54",,,"10,33",18,16,12,"1,61","0,94","2,67","10,39","0,18",,,,,3/06/2026,2026,06,EX3600
0060150 ZSHI,60150,Análisis flúido,5/05/2026,0060150 ZSHI 20260505,"12512,79","12512,79","12512,79",39,14,Normal,Crítico,,,No,0,Advertencia,"Los predictores del codigo ISO de limpieza estan en rango de critico.  Asistente, abre una OT tipo TR P2 con las siguientes recomendaciones y enventanarla el 15/5/2026    1.  Cambie los desfogues del tanque hidráulico.  2. Cambie los filtros del sistema (By pass, flujo pleno, piloto, drenaje y alta eficiencia).",,Alto conteo de partículas,8/05/2026 8:26:47 a. m.,jbenitez2,,,"65,42","8,62","89,96",,"0,5",,,,"3,9",,,"10,6",22,21,18,"1,93","0,87","3,59","9,7","0,69",,,,,5/05/2026,2026,05,EX3600
0060150 ZSHI,60150,Análisis flúido,21/04/2026,0060150 ZSHI 20260421,"12473,79","12473,79","12473,79","225,7",13,Normal,Crítico,,,No,0,Normal,EQUIPO ACTUALMENTE EN PARADA ANUAL CON CAMBIO DE ACEITES Y FILTROS.,,Ninguna falla identificada,27/04/2026 3:09:09 p. m.,jbenitez2,,,"59,82","8,15","88,63",,0,,2,21,"0,48",,28,"11,185",22,21,18,"0,29","0,01","0,01","0,37","0,69",,,,,21/04/2026,2026,04,EX3600
0060150 ZSHI,60150,Análisis flúido,8/04/2026,0060150 ZSHI 20260408,"12248,09","12248,09","12248,09","295,9",17,Normal,Crítico,,,No,0,Advertencia,"Los predictores del codigo ISO de limpieza estan en rango de critico.  Asistente, abre una OT tipo TR P2 con las siguientes recomendaciones :  1.  Cambie los desfogues del tanque hidráulico.  2. Cambie los filtros del sistema (By pass, flujo pleno, piloto, drenaje y alta eficiencia).",,Alto conteo de partículas,13/04/2026 1:12:49 p. m.,jbenitez2,,,"70,12","52,22","118,95",,0,,,,"9,77",,,"9,93",21,18,14,"6,61","0,91","13,39","36,99","0,07",,,,,8/04/2026,2026,04,EX3600
0060150 ZSHI,60150,Análisis flúido,22/03/2026,0060150 ZSHI 20260322,"11952,19","11952,19","11952,19","774,9",50,Normal,Crítico,,,No,0,Advertencia,"Los predictores del cromo  estan en rango de critico.  Asistente, abre una OT tipo TR P3 con las siguientes recomendaciones :  1.  Cambie los desfogues del tanque hidráulico.  2. Cambie los filtros del sistema (By pass, flujo pleno, piloto, drenaje y alta eficiencia).",,Altos metales de desgaste,25/03/2026 1:58:17 p. m.,jbenitez2,,,"66,57","15,84","71,67",,0,,3,22,"8,25",,28,"9,82",18,17,13,"4,64","0,79","11,14","23,58",0,,,,,22/03/2026,2026,03,EX3600
0060150 ZSHI,60150,Análisis flúido,31/01/2026,0060150 ZSHI 20260131,"11177,29","11177,29","11177,29","447,2",27,Normal,Crítico,,,No,0,Advertencia,"Los predictores del cromo estan en rango de critico y aluminio,hierro en advertencia.  Asistente, abre una OT tipo TR P3 con las siguientes recomendaciones:  1.  Cambie los desfogues del tanque hidráulico.  2. Cambie los filtros del sistema (By pass, flujo pleno, piloto, drenaje y alta eficiencia)",,Altos metales de desgaste,4/02/2026 10:11:45 a. m.,jbenitez2,,,"74,38",27,"159,08",,0,,3,22,"12,68",,28,"9,8",19,17,12,"6,21","0,95","10,1",28,0,,,,,31/01/2026,2026,01,EX3600
0060150 ZSHI,60150,Análisis flúido,4/01/2026,0060150 ZSHI 20260104,"10730,09","10730,09","10730,09",540,34,Normal,Crítico,,,No,0,Normal,"SEGUIR OPERANDO , BAJO MONITOREO",,Ninguna falla identificada,7/01/2026 6:13:34 a. m.,jbenitez2,,,"52,35","19,58","97,88",,0,,3,21,"6,98",,27,"10,023",19,17,11,"4,02","0,56","5,18","16,94","1,6",,,,,4/01/2026,2026,01,EX3600
0060150 ZSHI,60150,Análisis flúido,1/12/2025,0060150 ZSHI 20251201,"10190,09","10190,09","10190,09","731,4",40,Normal,Crítico,,,No,0,Normal,SEGUIR OPERANDO BAJO MONITOREO ,,Ninguna falla identificada,6/01/2026 1:11:03 p. m.,jbenitez2,,,"52,55","16,11","104,19",,"0,29",,3,21,"4,3",,27,"9,9",17,16,12,"2,5","0,37","0,61","11,65",0,,,,,1/12/2025,2025,12,EX3600
0060150 ZSHI,60150,Análisis flúido,22/10/2025,0060150 ZSHI 20251022,"9458,69","9458,69","9458,69","317,5",20,Normal,Crítico,,,No,0,Advertencia,YA SE TIENE UNA ORDEN ABIERTA PARA ESTE COMPONENTE #1556236,,Altos metales de desgaste,30/10/2025 4:31:12 p. m.,jbenitez2,,,"75,59","17,33","123,78",,0,,2,21,"4,14",,27,"10,042",22,20,16,"1,98","0,47","0,2","9,3",0,,,,,22/10/2025,2025,10,EX3600
0060150 ZSHI,60150,Análisis flúido,2/10/2025,0060150 ZSHI 20251002,"9141,19","9141,19","9141,19","523,8",40,Normal,Crítico,,,No,0,Advertencia,"Los predictores del codigo ISO de limpieza estan en rango de advertencia.  Asistente, tu soporte con la apertura de una OT tipo TR con P3 envertanarla  la siguiente recomendación:    1.  Cambie los desfogues del tanque hidráulico.  2. Cambie los filtros del sistema (By pass, flujo pleno, piloto, drenaje y alta eficiencia)  ",,Altos metales de desgaste,14/10/2025 4:45:20 p. m.,jbenitez2,,,"65,61","29,25","136,14",,0,,3,21,"7,47",,27,"9,5",24,22,19,"2,89","0,84","0,24","16,7",0,,,,,2/10/2025,2025,10,EX3600
0060150 ZSHI,60150,Análisis flúido,23/08/2025,0060150 ZSHI 20250823,"8617,39","8617,39","8617,39","537,5",32,Normal,Crítico,,,No,0,Advertencia,"Asistente, abre una OT tipo TR P3 con las siguientes recomendaciones Y enventanarla en el evento del dia 3/9/2025 .    1.  Cambie los desfogues del tanque hidráulico.  2. Cambie los filtros del sistema (By pass, flujo pleno, piloto, drenaje y alta eficiencia)",,Ninguna falla identificada,1/09/2025 2:07:46 p. m.,jbenitez2,,,58,"10,5","87,56",,"0,55",,2,21,"2,16",,27,"10,4",23,20,16,"1,34","0,21","0,15","4,85",0,,,,,23/08/2025,2025,08,EX3600
0060150 ZSHI,60150,Análisis flúido,22/07/2025,0060150 ZSHI 20250722,"8079,89","8079,89","8079,89","560,5",34,Normal,Crítico,,,No,0,Advertencia,"Asistente, abre una OT tipo TR P3 con las siguientes recomendaciones Y enventanarla en el evento del dia .    1.  Cambie los desfogues del tanque hidráulico.  2. Cambie los filtros del sistema (By pass, flujo pleno, piloto, drenaje y alta eficiencia)",,Ninguna falla identificada,28/07/2025 4:32:47 p. m.,jbenitez2,,,"86,09","37,2","121,6",,"0,23",,3,21,"6,53",,27,"9,6",17,15,12,"3,72","0,87","0,13","14,3",0,,,,,22/07/2025,2025,07,EX3600
0060150 ZSHI,60150,Análisis flúido,18/06/2025,0060150 ZSHI 20250618,"7519,39","7519,39","7519,39","336,7",19,Normal,Crítico,,,No,0,Advertencia,"Los predictores del codigo ISO de limpieza estan en rango de advertencia.    Asistente, abre una OT tipo TR con P3 envetanarla en el pm del dia  4/7/2025  y las siguientes recomendaciones:    1.  Cambie los desfogues del tanque hidráulico.  2. Cambie los filtros del sistema (By pass, flujo pleno, piloto, drenaje y alta eficiencia)  ",,Ninguna falla identificada,25/06/2025 10:50:11 a. m.,jbenitez2,,,"57,11","5,56","94,43",,0,,2,21,"0,98",,28,"11,017",20,19,16,"0,45","0,01",0,"0,27","0,48",,,,,18/06/2025,2025,06,EX3600
0060150 ZSHI,60150,Análisis flúido,30/05/2025,0060150 ZSHI 20250530,"7182,69","7182,69","7182,69","121,1",6,Normal,Crítico,,,No,0,Advertencia,YA SE TIENE UNA ORDEN CREADA PARA ESTE COMPONENTE 1457265,,Ninguna falla identificada,9/06/2025 2:29:00 p. m.,jbenitez2,,,"72,02","17,71","21,91",,0,,3,21,"4,65",,27,"9,832",23,22,18,"2,44","0,9","0,06","7,57","0,43",,,,,30/05/2025,2025,05,EX3600
0060150 ZSHI,60150,Análisis flúido,24/05/2025,0060150 ZSHI 20250524,"7061,59","7061,59","7061,59","251,5",16,Normal,Crítico,,,No,0,Advertencia,Ya tiene una orden creada para esta tarea #1457265,,Ninguna falla identificada,27/05/2025 9:29:32 a. m.,jbenitez2,,,"52,15","40,67","118,29",,"0,58",,3,21,"4,72",,27,"9,7",22,20,16,"2,55","0,88","0,17","10,54",0,,,,,24/05/2025,2025,05,EX3600
0060150 ZSHI,60150,Análisis flúido,8/05/2025,0060150 ZSHI 20250508,"6810,09","6810,09","6810,09","439,8",28,Normal,Crítico,,,No,0,Advertencia,Ya tiene una orden creada para esta tarea #1457265,,Ninguna falla identificada,12/05/2025 4:37:05 p. m.,jbenitez2,,,"70,41","16,55","104,4",,0,,2,21,"1,26",,28,"11,064",21,20,16,"0,31",0,"0,05","0,08",0,,,,,8/05/2025,2025,05,EX3600
0060150 ZSHI,60150,Análisis flúido,10/04/2025,0060150 ZSHI 20250410,"6370,29","6370,29","6370,29","628,64",38,Normal,Crítico,,,No,0,Advertencia,"Los predictores del codigo ISO de limpieza estan en rango de advertencia.    Asistente, abre una OT tipo TR P3 con las siguientes recomendaciones.    1.  Cambie los desfogues del tanque hidráulico.  2. Cambie los filtros del sistema (By pass, flujo pleno, piloto, drenaje y alta eficiencia)  ",,Ninguna falla identificada,28/04/2025 3:38:02 p. m.,jbenitez2,,,"62,16","26,23","151,27",,0,,2,20,"4,23",,26,,22,21,18,"2,27","0,91","0,1","6,4",0,,,,,10/04/2025,2025,04,EX3600
0060150 ZSHI,60150,Análisis flúido,3/03/2025,0060150 ZSHI 20250303,"5741,65","5741,65","5741,65","404,6",26,Normal,Crítico,,,No,0,Normal,SE TENDRA EN BAJO MONITOREO,,Ninguna falla identificada,28/04/2025 2:51:44 p. m.,jbenitez2,,,"64,85","14,58","112,18",,0,,,,2,,,"9,98",19,18,15,"1,27","0,6","0,07","4,06","0,86",,,,,3/03/2025,2025,03,EX3600
0060150 ZSHI,60150,Análisis flúido,5/02/2025,0060150 ZSHI 20250205,"5337,05","5337,05","5337,05","268,3",15,Normal,Crítico,,,No,0,Normal,"Todos los predictores en rango normal, segujr monitoreando de cerca.",,Ninguna falla identificada,11/02/2025 10:29:35 p. m.,lrodriguez,,,"52,71","29,19","153,5",,0,,,,"3,52",,,,19,18,15,"1,51","0,54","0,02","9,14","1,83",,,,,5/02/2025,2025,02,EX3600
0060150 ZSHI,60150,Análisis flúido,21/01/2025,0060150 ZSHI 20250121,"5068,75","5068,75","5068,75",78,5,Normal,Crítico,,,No,0,Normal,"Todos los predictores en rango normal, seguir monitoreando de cerca. Cambio de aceite programado para febrero.",,Ninguna falla identificada,27/01/2025 7:08:14 p. m.,lrodriguez,,,"51,53","18,8",181,,0,,,,"4,06",,,"8,8",16,15,11,"2,25","0,62",0,"9,13","0,6",,,,,21/01/2025,2025,01,EX3600
0060150 ZSHI,60150,Análisis flúido,16/01/2025,0060150 ZSHI 20250116,"4990,75","4990,75","4990,75","588,4",35,Normal,Crítico,,,No,0,Normal,"Predictores en rango normal, tomar contra muestra para corroborar codigo ISO de limpieza.",,Ninguna falla identificada,22/01/2025 7:01:49 p. m.,lrodriguez,,,"47,89","20,86","195,75",,0,,,,"3,31",,,"8,8",21,18,14,"1,7","0,61",0,"8,47","0,07",,,,,16/01/2025,2025,01,EX3600
0060150 ZSHI,60150,Análisis flúido,12/12/2024,0060150 ZSHI 20241212,"4402,35","4402,35","4402,35","478,9",33,Normal,Crítico,,,No,0,Advertencia,"Se cambiaron los filtros y respiraderos en PM de 2000 el 18 de diciembre, volver a muestrear para corroborar mejoria.    Se tomara muestra para analizar en laboratorio externo.",,Entrada de polvo,21/12/2024 12:35:46 p. m.,lrodriguez,Acción: Cambiar los filtros (Prioridad: 1 - Acción dentro de la Parada Actual Programada (Máxi)  Situación: Accepted  Notas de Aceptación en 2025-08-01 08:44:27 por DMartinez:      ,,"44,61","16,5","124,03",,0,,,,"3,9",,,"8,73",23,22,17,"1,69","0,47",0,"6,66","0,56",,,,,12/12/2024,2024,12,EX3600
0060150 ZSHI,60150,Análisis flúido,9/11/2024,0060150 ZSHI 20241109,"3923,45","3923,45","3923,45","753,4",60,Normal,Crítico,,,No,0,Advertencia,"Los conteos de partículas son ligeramente elevados, sin embargo mínimos. Teniendo en cuenta que todos los otros predictores permanecen dentro de los límites aceptables, continúe monitoreando de cerca.  Particle counts are slightly elevated, However minimal. Considering all other predictors remain within acceptable limits, continue to monitor closely.  ",,Alto conteo de partículas,15/11/2024 8:44:38 p. m.,sysadmin,,,"51,65","24,13","240,63",,0,,,,"3,17",,,9,22,21,16,"1,28","0,51","0,05","4,88","0,75",,,,,9/11/2024,2024,11,EX3600
0060150 ZSHI,60150,Análisis flúido,10/09/2024,0060150 ZSHI 20240910,"3170,05","3170,05","3170,05","414,4",26,Normal,Advertencia,,,No,0,Normal,"Todos los predictores en rango normal, seguir monitoreando.",,Ninguna falla identificada,16/09/2024 3:29:38 p. m.,lrodriguez,,,"64,36","10,1","32,16",,0,,,,"0,92",,,"10,205",18,17,13,0,"0,17",0,"0,6",0,,,,,10/09/2024,2024,09,EX3600
0060150 ZSHI,60150,Análisis flúido,15/08/2024,0060150 ZSHI 20240815,"2755,65","2755,65","2755,65","731,7",45,Normal,Advertencia,,,No,0,Advertencia,"Los conteos de partículas son ligeramente elevados, sin embargo mínimos. Teniendo en cuenta que todos los otros predictores permanecen dentro de los límites aceptables, continúe monitoreando de cerca.  Particle counts are slightly elevated, However minimal. Considering all other predictors remain within acceptable limits, continue to monitor closely.  ",,Alto conteo de partículas,21/08/2024 10:01:27 p. m.,sysadmin,,,"50,32","15,11","172,24",,0,,,,"1,21",,,"9,01",21,19,13,"0,16","0,42","0,09","1,48","0,11",,,,,15/08/2024,2024,08,EX3600
0060150 ZSHI,60150,Análisis flúido,1/07/2024,0060150 ZSHI 20240701,"2023,95","2023,95","2023,95","513,1",30,Normal,Advertencia,,,No,0,Advertencia,"Los conteos de partículas son ligeramente elevados, sin embargo mínimos. Teniendo en cuenta que todos los otros predictores permanecen dentro de los límites aceptables, continúe monitoreando de cerca.  Particle counts are slightly elevated, However minimal. Considering all other predictors remain within acceptable limits, continue to monitor closely.  ",,Alto conteo de partículas,4/07/2024 9:55:33 p. m.,sysadmin,,,"2,9","27,67","321,15",,0,,,,"1,64",,,,20,18,13,"0,68","0,59","0,06","1,58",0,,,,,1/07/2024,2024,07,EX3600
0060150 ZSHI,60150,Análisis flúido,1/06/2024,0060150 ZSHI 20240601,"1510,85","1510,85","1510,85","573,9",33,Normal,Normal,,,No,0,Normal,"Componente con bajas horas de operacion  , equipo nuevo , posible desgaste de asentamiento , seguir operando bajo monitoreo",,Ninguna falla identificada,19/06/2024 4:38:02 p. m.,fpertuz,,,"1,77","42,34","301,03",,"0,34",,,,"1,01",,,,18,16,13,"0,51","0,81","0,02","1,1","1,43",,,,,1/06/2024,2024,06,EX3600
0060150 ZSHI,60150,Análisis flúido,29/04/2024,0060150 ZSHI 20240429,"936,95","936,95","936,95",679,38,Normal,Crítico,,,No,0,Normal,"Componente con bajas horas de operacion  , equipo nuevo , posible desgaste de asentamiento , seguir operando bajo monitoreo",,Ninguna falla identificada,19/06/2024 4:37:52 p. m.,fpertuz,,,"4,35","31,85","300,25",,0,,,,"0,99",,,"6,65",20,19,13,"0,24","1,43",0,"1,92",0,,,,,29/04/2024,2024,04,EX3600
0060150 ZSHI,60150,Análisis flúido,22/03/2024,0060150 ZSHI 20240322,"257,95","257,95","257,95",,,Normal,Crítico,,,No,0,Normal,"Componente con bajas horas de operacion  , equipo nuevo , posible desgaste de asentamiento , seguir operando bajo monitoreo",,Ninguna falla identificada,19/06/2024 4:37:22 p. m.,fpertuz,,,"1,85","42,6","270,43",,0,,,,"0,9",,,"6,65",20,16,13,"0,36","2,72",0,"0,41",0,,,,,22/03/2024,2024,03,EX3600
0060151 ZSHI,60151,Análisis flúido,8/08/2026,0060151 ZSHI 20260808,"12278,64","13746,74","12278,64","485,3",27,Normal,Crítico,,,No,0,Advertencia,"Los predictores del codigo ISO de limpieza estan en rango de advertencia .  Asistente, abre una OT tipo TR P3 con las siguientes recomendaciones   1.  Cambie los desfogues del tanque hidráulico.  2. Cambie los filtros del sistema (By pass, flujo pleno, piloto, drenaje y alta eficiencia).",,,10/08/2026 1:17:41 p. m.,jbenitez2,,,"74,31","18,51","107,63",,"0,28",,,,"2,9",,,"10,23",20,19,15,"2,22","0,36","0,21","9,79",0,,,,,8/08/2026,2026,08,EX3600
0060151 ZSHI,60151,Análisis flúido,12/07/2026,0060151 ZSHI 20260712,"11793,34","13261,44","11793,34","18,4",1,Normal,Crítico,,,No,0,Advertencia,SE TOMARA UNA CONTRAMUESTRA PARA VERIFICAR TENDENCIA,,Alto conteo de partículas,14/07/2026 10:35:40 a. m.,jbenitez2,,,"81,34",24,"107,27",,0,,3,22,"5,59",,28,"9,97",19,18,14,"2,13","0,4","0,47","15,12",0,,,,,12/07/2026,2026,07,EX3600
0060151 ZSHI,60151,Análisis flúido,11/07/2026,0060151 ZSHI 20260711,"11774,94","13243,04","11774,94","504,1",29,Normal,Crítico,,,No,0,Normal,SE TOMARA UNA CONTRAMUESTRA PARA VERIFICAR TENDENCIA,,Ninguna falla identificada,21/07/2026 4:37:29 p. m.,jbenitez2,,,"72,59","19,05","94,26",,0,,3,22,"3,33",,29,"9,76",19,16,9,3,"0,53","0,54","16,93",0,,,,,11/07/2026,2026,07,EX3600
0060151 ZSHI,60151,Análisis flúido,12/06/2026,0060151 ZSHI 20260612,"11270,84","12738,94","11270,84","485,3",30,Normal,Crítico,,,No,0,Normal,SEGUIR OPERANDO ,,Ninguna falla identificada,17/06/2026 12:03:48 p. m.,jbenitez2,,,"60,02","15,97","100,82",,"0,46",,3,22,"3,12",,28,"10,08",18,16,12,"2,73","0,39","0,45","14,62","0,55",,,,,12/06/2026,2026,06,EX3600
0060151 ZSHI,60151,Análisis flúido,13/05/2026,0060151 ZSHI 20260513,"10785,54","12253,64","10785,54","363,5",25,Normal,Crítico,,,No,0,Advertencia,"Los predictores del codigo ISO de limpieza estan en rango de advertencia.  Asistente, abre una OT tipo TR P3 con las siguientes recomendaciones   1.  Cambie los desfogues del tanque hidráulico.  2. Cambie los filtros del sistema (By pass, flujo pleno, piloto, drenaje y alta eficiencia)  Pedir el elemento filtrante STOCK: 483074 cant 6 se debe solicitar este filtro de flujo pleno.",,Alto conteo de partículas,19/05/2026 10:28:38 a. m.,jbenitez2,,,"65,78","4,17","73,76",,0,,2,21,0,,28,"11,2",20,18,13,0,"0,02",0,"0,17","0,8",,,,,13/05/2026,2026,05,EX3600
0060151 ZSHI,60151,Análisis flúido,18/04/2026,0060151 ZSHI 20260418,"10422,04","11890,14","10422,04","440,3",26,Normal,Crítico,,,No,0,Advertencia,YA SE TIENE UNA OT PARA ESTE COMPONENTE 1650553,,Alto conteo de partículas,21/04/2026 7:19:21 a. m.,jbenitez2,,,"79,26","43,46","118,78",,0,,,,"5,86",,,"9,7",21,20,16,"3,54","0,86","0,51","22,45","0,22",,,,,18/04/2026,2026,04,EX3600
0060151 ZSHI,60151,Análisis flúido,23/03/2026,0060151 ZSHI 20260323,"9981,74","11449,84","9981,74","50,8",3,Normal,Crítico,,,No,0,Advertencia,"Los predictores del codigo ISO de limpieza estan en rango de advertencia.  Asistente, abre una OT tipo TR P3 con las siguientes recomendaciones   1.  Cambie los desfogues del tanque hidráulico.  2. Cambie los filtros del sistema (By pass, flujo pleno, piloto, drenaje y alta eficiencia)  Pedir el elemento filtrante STOCK: 483074 cant 6 se debe solicitar este filtro de flujo pleno.",,Alto conteo de partículas,30/03/2026 11:08:30 a. m.,jbenitez2,,,"61,79","41,47","102,55",,"0,43",,3,22,"4,73",,27,"10,058",21,20,15,"3,34","0,7","0,65","20,82","0,22",,,,,23/03/2026,2026,03,EX3600
0060151 ZSHI,60151,Análisis flúido,20/03/2026,0060151 ZSHI 20260320,"9930,94","11399,04","9930,94","801,9",43,Normal,Crítico,,,No,0,Normal,SEGUIR OPERANDO ,,Ninguna falla identificada,25/03/2026 1:06:41 p. m.,jbenitez2,,,"64,21","32,38","84,07",,"0,82",,3,22,"4,59",,27,"9,76",19,17,13,"3,02","0,65","0,53","18,76",0,,,,,20/03/2026,2026,03,EX3600
0060151 ZSHI,60151,Análisis flúido,5/02/2026,0060151 ZSHI 20260205,"9129,04","10597,14","9129,04","400,9",24,Normal,Crítico,,,No,0,Normal,"Todos los predictores en rango normal, seguir monitoreando de cerca.",,Ninguna falla identificada,9/02/2026 12:57:19 p. m.,jbenitez2,,,"76,57","12,78","117,92",,0,,2,21,"1,07",,28,"11,06",17,15,12,0,"0,08","0,13","0,27",0,,,,,5/02/2026,2026,02,EX3600
0060151 ZSHI,60151,Análisis flúido,12/01/2026,0060151 ZSHI 20260112,"8728,14","10196,24","8728,14","415,6",26,Normal,Crítico,,,No,0,Advertencia,"Los predictores del codigo ISO de limpieza estan en rango de advertencia.  Asistente, abre una OT tipo TR P3 con las siguientes recomendaciones   1.  Cambie los desfogues del tanque hidráulico.  2. Cambie los filtros del sistema (By pass, flujo pleno, piloto, drenaje y alta eficiencia)  Pedir el elemento filtrante STOCK: 483074 cant 6 se debe solicitar este filtro de flujo pleno.",,Alto conteo de partículas,19/01/2026 12:12:13 p. m.,jbenitez2,,,"71,54","5,57","60,57",,0,,2,21,0,,28,"11,1",20,19,15,"0,02",0,"0,05","0,08",0,,,,,12/01/2026,2026,01,EX3600
0060151 ZSHI,60151,Análisis flúido,17/12/2025,0060151 ZSHI 20251217,"8312,54","9780,64","8312,54","630,1",34,Normal,Crítico,,,No,0,Normal,"Todos los predictores permanecen dentro de los límites aceptables, continúe monitoreando de cerca.  ",,Ninguna falla identificada,22/12/2025 3:03:20 p. m.,jbenitez2,,,"75,74","51,02","204,4",,0,,,,"7,02",,,"9,8",19,17,13,"3,61","0,93","0,45","15,22",0,,,,,17/12/2025,2025,12,EX3600
0060151 ZSHI,60151,Análisis flúido,13/11/2025,0060151 ZSHI 20251113,"7682,44","9150,54","7682,44","584,3",34,Normal,Crítico,,,No,0,Normal,SEGUIR OPERANDO ,,Ninguna falla identificada,29/12/2025 1:58:17 p. m.,jbenitez2,,,"76,84","11,71","97,12",,0,,2,21,"1,16",,28,"10,93",22,19,12,"0,02","0,02",0,"0,28","1,19",,,,,13/11/2025,2025,11,EX3600
0060151 ZSHI,60151,Análisis flúido,10/10/2025,0060151 ZSHI 20251010,"7098,14","8566,24","7098,14","468,3",39,Normal,Crítico,,,No,0,Normal,"Todos los predictores en rango normal, seguir monitoreando de cerca.",,Ninguna falla identificada,20/10/2025 12:45:30 p. m.,jbenitez2,,,"58,51","23,15","112,34",,0,,,,"1,54",,,"10,232",18,15,7,"1,19","0,52","0,34","7,38",0,,,,,10/10/2025,2025,10,EX3600
0060151 ZSHI,60151,Análisis flúido,1/09/2025,0060151 ZSHI 20250901,"6629,84","8097,94","6629,84",553,32,Normal,Crítico,,,No,0,Advertencia,EQUIPO PROXIMO A ENTRAR A PARADA ANUAL SE LE CAMBIARA ACEITE Y FILTROS ,,Ninguna falla identificada,9/09/2025 8:25:06 a. m.,jbenitez2,,,"70,41","11,29","102,01",,0,,2,20,"0,94",,27,"9,9",21,19,16,"0,08","0,01","0,02","0,08","1,12",,,,,1/09/2025,2025,09,EX3600
0060151 ZSHI,60151,Análisis flúido,31/07/2025,0060151 ZSHI 20250731,"6076,84","7544,94","6076,84","676,7",38,Normal,Crítico,,,No,0,Normal,SE TENDRA BAJO MONITOREO ,,Ninguna falla identificada,4/08/2025 3:17:56 p. m.,jbenitez2,,,"55,97","41,57","102,98",,0,,,,"3,19",,,"9,74",18,17,13,"1,55","0,57","0,43","16,95","0,4",,,,,31/07/2025,2025,07,EX3600
0060151 ZSHI,60151,Análisis flúido,23/06/2025,0060151 ZSHI 20250623,"5400,14","6868,24","5400,14","392,3",28,Normal,Crítico,,,No,0,Normal,SE TENDRA EN BAJO MONITOREO,,Ninguna falla identificada,29/07/2025 9:13:29 a. m.,jbenitez2,,,"85,36","32,44","64,37",,0,,2,21,"2,96",,27,"9,9",17,15,11,"1,66","0,74","0,26","13,78",0,,,,,23/06/2025,2025,06,EX3600
0060151 ZSHI,60151,Análisis flúido,26/05/2025,0060151 ZSHI 20250526,"5007,84","6475,94","5007,84","938,14",59,Normal,Crítico,,,No,0,Normal,SE TENDRA EN BAJO MONITOREO,,Ninguna falla identificada,29/07/2025 9:13:41 a. m.,jbenitez2,,,"46,93","16,06","76,14",,"0,01",,2,21,"2,03",,27,"9,81",22,17,14,"1,58","0,5","0,34",11,"0,56",,,,,26/05/2025,2025,05,EX3600
0060151 ZSHI,60151,Análisis flúido,28/03/2025,0060151 ZSHI 20250328,"4069,7","5537,8","4069,7","348,8",18,Normal,Crítico,,,No,0,Normal,"Se toma una contramuestra , parametros normales",,Ninguna falla identificada,29/07/2025 9:17:26 a. m.,jbenitez2,,,"73,05","25,68","102,49",,0,,,,"1,87",,,"10,97",20,19,14,"0,47","0,07","0,14","0,43","0,02",,,,,28/03/2025,2025,03,EX3600
0060151 ZSHI,60151,Análisis flúido,10/03/2025,0060151 ZSHI 20250310,"3720,9",5189,"3720,9","141,5",8,Normal,Crítico,,,No,0,Normal,"Se toma una contramuestra , parametros normales",,Ninguna falla identificada,29/07/2025 9:14:20 a. m.,jbenitez2,,,"79,94","33,12","40,48",,0,,2,21,"2,78",,28,"11,1",25,23,20,"0,57","0,05",0,"0,58","0,48",,,,,10/03/2025,2025,03,EX3600
0060151 ZSHI,60151,Análisis flúido,2/03/2025,0060151 ZSHI 20250302,"3579,4","5047,5","3579,4","90,4",5,Normal,Crítico,,,No,0,Normal,"Se toma una contramuestra , parametros normales",,Ninguna falla identificada,29/07/2025 9:14:29 a. m.,jbenitez2,,,"51,27","54,66","102,08",,"0,24",,,,"2,52",,,"9,49",17,16,12,"1,34","0,79","0,36","15,02","0,49",,,,,2/03/2025,2025,03,EX3600
0060151 ZSHI,60151,Análisis flúido,25/02/2025,0060151 ZSHI 20250225,3489,"4957,1",3489,"216,2",11,Normal,Crítico,,,No,0,Normal,"Se toma una contramuestra , parametros normales",,Ninguna falla identificada,29/07/2025 9:14:37 a. m.,jbenitez2,,,"62,12","32,54","41,48",,0,,3,20,"2,72",,26,"9,55",23,21,16,"1,26",1,"0,31","12,91",0,,,,,25/02/2025,2025,02,EX3600
0060151 ZSHI,60151,Análisis flúido,14/02/2025,0060151 ZSHI 20250214,"3272,8","4740,9","3272,8","473,8",26,Normal,Crítico,,,No,0,Normal,"Se toma una contramuestra , parametros normales",,Ninguna falla identificada,29/07/2025 9:14:49 a. m.,jbenitez2,,,"68,19","53,41","119,78",,0,,3,20,"3,22",,26,"9,5",18,16,13,"1,77","1,11","0,11","15,88","0,12",,,,,14/02/2025,2025,02,EX3600
0060151 ZSHI,60151,Análisis flúido,19/01/2025,0060151 ZSHI 20250119,2799,"4267,1",2799,"760,2",43,Normal,Crítico,,,No,0,Normal,SE TENDRA EN BAJO MONITOREO,,Ninguna falla identificada,29/07/2025 9:15:20 a. m.,jbenitez2,,,"65,89","44,83","120,37",,0,,,,"2,68",,,"9,61",18,17,13,"0,97","1,04","0,17","10,8","0,52",,,,,19/01/2025,2025,01,EX3600
0060151 ZSHI,60151,Análisis flúido,7/12/2024,0060151 ZSHI 20241207,"2038,8","3506,9","2038,8","265,5",16,Normal,Crítico,,,No,0,Normal,SE TENDRA EN BAJO MONITOREO,,Ninguna falla identificada,29/07/2025 9:15:30 a. m.,jbenitez2,,,"75,55","25,71","114,47",,"0,46",,,,"1,67",,,"10,981",20,19,15,"0,87","1,5","0,51","1,78","0,43",,,,,7/12/2024,2024,12,EX3600
0060151 ZSHI,60151,Análisis flúido,21/11/2024,0060151 ZSHI 20241121,"1773,3","3241,4","1773,3","186,5",13,Normal,Crítico,,,No,0,Normal,SE TENDRA EN BAJO MONITOREO,,Ninguna falla identificada,29/07/2025 9:15:40 a. m.,jbenitez2,,,"62,85","45,41","147,89",,0,,,,"1,02",,,"9,68",18,17,14,"0,35","1,04","0,24","4,89","0,92",,,,,21/11/2024,2024,11,EX3600
0060151 ZSHI,60151,Análisis flúido,8/11/2024,0060151 ZSHI 20241108,"1586,8","3054,9","1586,8","1586,8",10,Normal,Crítico,,,No,0,Normal,SE TENDRA EN BAJO MONITOREO,,Ninguna falla identificada,29/07/2025 9:15:49 a. m.,jbenitez2,,,"65,19","51,81","165,43",,0,,,,"1,43",,,"9,8",19,17,13,"0,64","1,02","0,15","4,41",0,,,,,8/11/2024,2024,11,EX3600
0060151 ZSHI,60151,Análisis flúido,29/10/2024,0060151 ZSHI 20241029,"1468,1","1468,1",0,"541,1",37,Normal,Crítico,,,No,0,Normal,SE TENDRA EN BAJO MONITOREO,,Ninguna falla identificada,29/07/2025 9:15:57 a. m.,jbenitez2,,,"67,45","28,54","41,24",,0,,2,20,"1,72",,27,"9,7",24,22,19,"0,62","1,02","0,06","3,27","1,39",,,,,29/10/2024,2024,10,EX3600
0060151 ZSHI,60151,Análisis flúido,22/09/2024,0060151 ZSHI 20240922,927,927,0,"246,8",16,Normal,Crítico,,,No,0,Normal,SE TENDRA EN BAJO MONITOREO,,Ninguna falla identificada,29/07/2025 9:16:07 a. m.,jbenitez2,,,"71,44","34,58","135,24",,"3,2",,,,"0,66",,,"9,974",17,15,13,0,"0,89","0,07","1,47",0,,,,,22/09/2024,2024,09,EX3600
0060151 ZSHI,60151,Análisis flúido,6/09/2024,0060151 ZSHI 20240906,"680,2","680,2",0,"159,7",10,Normal,Crítico,,,No,0,Normal,SE TENDRA EN BAJO MONITOREO,,Ninguna falla identificada,29/07/2025 9:16:16 a. m.,jbenitez2,,,"72,39","24,64","112,61",,0,,,,"0,58",,,"10,127",17,16,10,"0,12","0,67","0,05","0,84","0,03",,,,,6/09/2024,2024,09,EX3600
0060151 ZSHI,60151,Análisis flúido,27/08/2024,0060151 ZSHI 20240827,"520,5","520,5",0,"255,5",22,Normal,Crítico,,,No,0,Normal,SE TENDRA EN BAJO MONITOREO,,Ninguna falla identificada,29/07/2025 9:16:27 a. m.,jbenitez2,,,"74,35","20,68","115,58",,0,,,,"0,42",,,,14,13,10,0,"0,5",0,"0,24",0,,,,,27/08/2024,2024,08,EX3600
0060151 ZSHI,60151,Análisis flúido,5/08/2024,0060151 ZSHI 20240805,265,265,0,,,Normal,Crítico,,,No,0,Normal,SE TENDRA EN BAJO MONITOREO,,Ninguna falla identificada,29/07/2025 9:16:37 a. m.,jbenitez2,,,"39,2","9,63","145,08",,"0,14",,,,"3,63",,,"9,46",25,24,19,"1,05","0,85",0,"1,4",0,,,,,5/08/2024,2024,08,EX3600
0060152 ZSHI,60152,Análisis flúido,23/07/2026,0060152 ZSHI 20260723,"11444,28","11860,38","11444,28","569,7",31,Normal,Crítico,,,No,0,Advertencia,"Los predictores del codigo ISO de limpieza estan en rango de advertencia .  Asistente, abre una OT tipo TR P3 con las siguientes recomendaciones   1.  Cambie los desfogues del tanque hidráulico.  2. Cambie los filtros del sistema (By pass, flujo pleno, piloto, drenaje y alta eficiencia).",,,27/07/2026 10:34:14 a. m.,jbenitez2,,,"74,8","15,69","117,78",,0,,3,22,"6,07",,28,"9,86",20,18,14,"3,89","0,3","0,28","14,05",0,,,,,23/07/2026,2026,07,EX3600
0060152 ZSHI,60152,Análisis flúido,22/06/2026,0060152 ZSHI 20260622,"10874,58","11290,68","10874,58","415,6",30,Normal,Crítico,,,No,0,Advertencia,"Los predictores del codigo ISO de limpieza estan en rango de advertencia.  Asistente, abre una OT tipo TR P2 con las siguientes recomendaciones y enventanarla el 26/6/2026   1.  Cambie los desfogues del tanque hidráulico.  2. Cambie los filtros del sistema (By pass, flujo pleno, piloto, drenaje y alta eficiencia).  ",,Alto conteo de partículas,24/06/2026 3:11:23 p. m.,jbenitez2,,,"70,72","16,39","85,92",,0,,3,21,"7,38",,27,"9,74",19,18,14,"5,45","0,45","0,72","17,85",0,,,,,22/06/2026,2026,06,EX3600
0060152 ZSHI,60152,Análisis flúido,23/05/2026,0060152 ZSHI 20260523,"10458,98","10875,08","10458,98","527,4",28,Normal,Crítico,,,No,0,Advertencia,YA SE TIENE UNA OT PARA ESTE COMPONENTE 1668860,,Alto conteo de partículas,27/05/2026 7:30:29 a. m.,jbenitez2,,,"72,34","14,5","105,32",,0,,2,21,"5,49",,27,"10,31",20,18,14,"3,43","0,3","0,18","11,21",0,,,,,23/05/2026,2026,05,EX3600
0060152 ZSHI,60152,Análisis flúido,25/04/2026,0060152 ZSHI 20260425,"9931,58","10347,68","9931,58","409,9",25,Normal,Crítico,,,No,0,Advertencia,"  Los predictores del codigo ISO de limpieza estan en rango de advertencia.  Asistente, abre una OT tipo TR P2 con las siguientes recomendaciones  1.  Cambie los desfogues del tanque hidráulico.  2. Cambie los filtros del sistema (By pass, flujo pleno, piloto, drenaje y alta eficiencia)  ",,Alto conteo de partículas,28/04/2026 11:13:26 a. m.,jbenitez2,,,"67,82","28,47","122,44",,0,,3,21,"10,13",,27,"9,87",22,20,16,"5,57","0,53","0,32","17,66",0,,,,,25/04/2026,2026,04,EX3600
0060152 ZSHI,60152,Análisis flúido,31/03/2026,0060152 ZSHI 20260331,"9521,68","9937,78","9521,68",531,30,Normal,Crítico,,,No,0,Normal,"Todos los predictores permanecen dentro de los límites aceptables, continúe monitoreando de cerca.  ",,Ninguna falla identificada,6/04/2026 10:05:41 a. m.,jbenitez2,,,"53,62","24,5","99,14",,"0,14",,,,"5,87",,,"9,6",17,15,11,"4,58","0,42","0,18","14,6",0,,,,,31/03/2026,2026,03,EX3600
0060152 ZSHI,60152,Análisis flúido,1/03/2026,0060152 ZSHI 20260301,"8990,68","9406,78","8990,68","405,1",22,Normal,Crítico,,,No,0,Advertencia,YA SE TIENE UNA OT PARA ESTE COMPONENTE #1624538,,Alto conteo de partículas,4/03/2026 8:38:24 a. m.,jbenitez2,,,"49,44","47,72","152,41",,"0,06",,,,"3,28",,,"9,62",20,18,12,"2,34","0,45","0,16","12,22",0,,,,,1/03/2026,2026,03,EX3600
0060152 ZSHI,60152,Análisis flúido,7/02/2026,0060152 ZSHI 20260207,"8585,58","9001,68","8585,58","246,3",15,Normal,Crítico,,,No,0,Advertencia,"  Los predictores del codigo ISO de limpieza estan en rango de advertencia.  Asistente, abre una OT tipo TR P3 con las siguientes recomendaciones Y enventanarla el dia 13/02/2026:  1.  Cambie los desfogues del tanque hidráulico.  2. Cambie los filtros del sistema (By pass, flujo pleno, piloto, drenaje y alta eficiencia)  ",,Alto conteo de partículas,11/02/2026 4:26:44 p. m.,jbenitez2,,,"64,27","47,46","125,3",,"0,33",,2,20,"2,16",,27,"11,066",22,20,16,"0,89","0,07",0,"0,57","0,07",,,,,7/02/2026,2026,02,EX3600
0060152 ZSHI,60152,Análisis flúido,23/01/2026,0060152 ZSHI 20260123,"8339,28","8755,38","8339,28","457,8",29,Normal,Crítico,,,No,0,Normal,"Todos los predictores permanecen dentro de los límites aceptables, continúe monitoreando de cerca.  ",,Ninguna falla identificada,26/01/2026 6:44:54 a. m.,jbenitez2,,,"75,44","29,77","177,96",,0,,,,"2,87",,,"9,81",18,16,11,"1,2","0,73",0,"9,43",0,,,,,23/01/2026,2026,01,EX3600
0060152 ZSHI,60152,Análisis flúido,25/12/2025,0060152 ZSHI 20251225,"7881,48","8297,58","7881,48",467,26,Normal,Crítico,,,No,0,Normal,"Todos los predictores permanecen dentro de los límites aceptables, continúe monitoreando de cerca.  ",,Ninguna falla identificada,29/12/2025 1:38:51 p. m.,jbenitez2,,,"62,85","14,09","25,76",,0,,,,"1,62",,,"9,8",20,15,11,"1,32","0,48","0,15","6,19",0,,,,,25/12/2025,2025,12,EX3600
0060152 ZSHI,60152,Análisis flúido,29/11/2025,0060152 ZSHI 20251129,"7414,48","7830,58","7414,48","290,1",20,Normal,Crítico,,,No,0,Normal,SE TOMARA UNA CONTRAMUESTRA PARA VERIFICAR TENDENCIA,,Ninguna falla identificada,6/01/2026 12:57:52 p. m.,jbenitez2,,,"56,05","10,18","99,94",,"0,13",,2,20,"1,18",,27,"10,02",23,18,14,"0,59","0,24",0,"4,3",0,,,,,29/11/2025,2025,11,EX3600
0060152 ZSHI,60152,Análisis flúido,9/11/2025,0060152 ZSHI 20251109,"7124,38","7540,48","7124,38","298,3",21,Normal,Normal,,,No,0,Normal,"Todos los predictores permanecen dentro de los límites aceptables, continúe monitoreando de cerca.  ",,Ninguna falla identificada,15/11/2025 8:23:26 p. m.,sysadmin,,,,,,,,,,,,,,,19,17,11,,,,,,,,,,9/11/2025,2025,11,EX3600
0060152 ZSHI,60152,Análisis flúido,19/10/2025,0060152 ZSHI 20251019,"6826,08","7242,18","6826,08",508,34,Normal,Crítico,,,No,0,Normal,"EQUIPO PROXIMO A ENTRAR A PARADA ANUAL , SE LE CAMBIARA ACEITE Y FILTROS ",,Ninguna falla identificada,28/10/2025 11:29:30 a. m.,jbenitez2,,,"53,26","1,9","84,39",,0,,3,17,"0,78",,20,"11,516",21,19,18,"0,28","0,04",0,"1,18","1,45",,,,,19/10/2025,2025,10,EX3600
0060152 ZSHI,60152,Análisis flúido,15/09/2025,0060152 ZSHI 20250915,"6318,08","6734,18","6318,08","516,9",30,Normal,Crítico,,,No,0,Normal,SE TENDRA EN BAJO MONITOREO,,Ninguna falla identificada,22/09/2025 3:55:02 p. m.,jbenitez2,,,"44,09","11,84","262,39",,0,,3,17,"3,64",,23,"8,868",20,18,14,"1,01","0,51","0,11","10,79",0,,,,,15/09/2025,2025,09,EX3600
0060152 ZSHI,60152,Análisis flúido,16/08/2025,0060152 ZSHI 20250816,"5801,18","6217,28","5801,18","374,3",19,Normal,Crítico,,,No,0,Normal,SE TENDRA EN BAJO MONITOREO,,Ninguna falla identificada,21/08/2025 5:07:56 p. m.,jbenitez2,,,"39,99","11,27","153,81",,"0,17",,3,17,"2,24",,23,9,16,15,11,"1,85","0,33",0,"10,23",0,,,,,16/08/2025,2025,08,EX3600
0060152 ZSHI,60152,Análisis flúido,28/07/2025,0060152 ZSHI 20250728,"5426,88","5842,98","5426,88","285,9",16,Normal,Crítico,,,No,0,Advertencia,"  Los predictores del codigo ISO de limpieza estan en rango de advertencia.    Asistente, abre una OT tipo TR P3 con las siguientes recomendaciones.    1.  Cambie los desfogues del tanque hidráulico.  2. Cambie los filtros del sistema (By pass, flujo pleno, piloto, drenaje y alta eficiencia)  ",,Ninguna falla identificada,4/08/2025 2:57:36 p. m.,jbenitez2,,,"42,25","10,19","149,13",,0,,3,17,"2,01",,23,"8,98",21,19,16,"1,17","0,27",0,"9,3","0,09",,,,,28/07/2025,2025,07,EX3600
0060152 ZSHI,60152,Análisis flúido,12/07/2025,0060152 ZSHI 20250712,"5140,98","5557,08","5140,98","691,8",38,Normal,Crítico,,,No,0,Normal,SE TENDRA EN BAJO MONITOREO,,Ninguna falla identificada,15/07/2025 5:20:26 p. m.,jbenitez2,,,"55,73","13,41","208,68",,0,,,,"1,59",,,"9,01",18,16,13,0,"0,51","0,36","7,98",0,,,,,12/07/2025,2025,07,EX3600
0060152 ZSHI,60152,Análisis flúido,4/06/2025,0060152 ZSHI 20250604,"4449,18","4865,28","4449,18","529,3",35,Normal,Crítico,,,No,0,Advertencia," EL PREDICTOR DEL CALCIO,FOSFORADO, VISCOCIDAD SE ENCUENTRA EN CRITICO    Asistente, abre una OT tipo TR P3 envetanarla el dia 21/6/2025 con las siguientes recomendaciones.    1.  Cambie los desfogues del tanque hidráulico.  2. Cambie los filtros del sistema (By pass, flujo pleno, piloto, drenaje y alta eficiencia)  ",,Ninguna falla identificada,9/06/2025 2:37:18 p. m.,jbenitez2,,,"53,09","13,38","171,12",,0,,2,16,"1,84",,23,"9,2",18,16,9,"1,13","0,38","0,08","6,65",0,,,,,4/06/2025,2025,06,EX3600
0060152 ZSHI,60152,Análisis flúido,30/04/2025,0060152 ZSHI 20250430,"3919,88","4335,98","3919,88","503,48",29,Normal,Crítico,,,No,0,Advertencia,"  SISTEMA HIDRAULICO  Los predictores del codigo ISO de limpieza estan en rango de advertencia.    Asistente, abre una OT tipo TR P3 con las siguientes recomendaciones.    1.  Cambie los desfogues del tanque hidráulico.  2. Cambie los filtros del sistema (By pass, flujo pleno, piloto, drenaje y alta eficiencia)  ",,Ninguna falla identificada,5/05/2025 2:32:44 p. m.,jbenitez2,,,"11,23","19,84","226,87",,0,,3,9,"2,3",,17,"7,67",19,18,13,"1,42","0,56",0,"13,37","1,69",,,,,30/04/2025,2025,04,EX3600
0060152 ZSHI,60152,Análisis flúido,1/04/2025,0060152 ZSHI 20250401,"3416,4","3832,5","3416,4","470,1",27,Normal,Crítico,,,No,0,Normal,SE TENDRA EN BAJO MONITOREO,,Ninguna falla identificada,28/04/2025 3:23:27 p. m.,jbenitez2,,,"11,21","23,01","300,76",,0,,,,"2,36",,,"7,6",19,17,13,"0,94","0,6","0,01","10,02","0,9",,,,,1/04/2025,2025,04,EX3600
0060152 ZSHI,60152,Análisis flúido,5/03/2025,0060152 ZSHI 20250305,"2946,3","3362,4","2946,3","527,7",29,Normal,Crítico,,,No,0,Normal,SE TENDRA EN BAJO MONITOREO,,Ninguna falla identificada,28/04/2025 2:51:07 p. m.,jbenitez2,,,"10,86","31,71","270,33",,"0,38",,3,8,"1,59",,16,"7,64",18,16,13,"0,85","0,7","0,04","9,82","0,37",,,,,5/03/2025,2025,03,EX3600
0060152 ZSHI,60152,Análisis flúido,4/02/2025,0060152 ZSHI 20250204,"2418,6","2834,7","2418,6",544,30,Normal,Crítico,,,No,0,Normal,"Predictores en rango normal, aciete original HITACHI. Seguir monitoreando de cerca",,Ninguna falla identificada,11/02/2025 10:24:48 p. m.,lrodriguez,,,"13,2","22,64","236,95",,0,,,,"1,46",,,"7,7",17,16,12,"0,45","1,07",0,"7,65","1,79",,,,,4/02/2025,2025,02,EX3600
0060152 ZSHI,60152,Análisis flúido,5/01/2025,0060152 ZSHI 20250105,"1874,6","2290,7","1874,6","332,3",22,Normal,Crítico,,,No,0,Normal,"Predictores en rango normal, aciete original HITACHI. Seguir monitoreando de cerca.",,Ninguna falla identificada,21/01/2025 3:06:38 p. m.,lrodriguez,,,"8,89","27,02","276,5",,0,,,,"0,98",,,,17,14,11,"0,47","1,27","0,03","6,7","0,44",,,,,5/01/2025,2025,01,EX3600
0060152 ZSHI,60152,Análisis flúido,14/12/2024,0060152 ZSHI 20241214,"1542,3","1958,4","1542,3","507,9",36,Normal,Crítico,,,No,0,Normal,"Todos los predictores en rango normal, componentes en etapa de asentamiento, codigo ISO elevado. Seguir monitoreando de cerca y verificar tendencia luego del cambio de filtracion.",,Ninguna falla identificada,21/01/2025 1:35:22 p. m.,lrodriguez,,,"9,26","22,25","265,5",,0,,,,"2,66",,,"7,52",23,22,18,"0,75","1,01","0,02","5,5","0,37",,,,,14/12/2024,2024,12,EX3600
0060152 ZSHI,60152,Análisis flúido,8/11/2024,0060152 ZSHI 20241108,"1034,4","1450,5","1034,4","1034,4",56,Normal,Crítico,,,No,0,Normal,"Todos los predictores en rango normal, componentes en etapa de asentamiento, codigo ISO elevado. Seguir monitoreando de cerca.",,Ninguna falla identificada,21/01/2025 1:20:23 p. m.,lrodriguez,,,"4,06","32,27","333,21",,0,,,,"10,33",,,"7,47",22,20,17,"3,05","1,44",0,"6,11","1,18",,,,,8/11/2024,2024,11,EX3600
0060152 ZSHI,60152,Análisis flúido,13/09/2024,0060152 ZSHI 20240913,"416,1","416,1",0,,,Normal,Normal,,,No,0,Normal,SEGUIR OPERANDO ,,Ninguna falla identificada,2/11/2024 11:51:30 p. m.,DMartinez,,,"4,72","26,69","287,43",,0,,,,"0,82",,,,18,16,13,"0,32","1,63",0,"1,16","0,04",,,,,13/09/2024,2024,09,EX3600
0060153 ZSHI,60153,Análisis flúido,26/07/2026,0060153 ZSHI 20260726,"12010,11","12473,51","12010,11","534,6",30,Normal,Crítico,,,No,0,Advertencia,"  Los predictores del codigo ISO de limpieza estan en rango de critico .  Asistente, abre una OT tipo TR P1  con las siguientes recomendaciones   1.  Cambie los desfogues del tanque hidráulico.  2. Cambie los filtros del sistema (By pass, flujo pleno, piloto, drenaje y alta eficiencia).",,,3/08/2026 3:53:04 p. m.,jbenitez2,,,"69,97","18,59","97,89",,0,,,,"0,45",,,"11,04",23,21,17,0,"0,01",0,"0,19",0,,,,,26/07/2026,2026,07,EX3600
0060153 ZSHI,60153,Análisis flúido,26/06/2026,0060153 ZSHI 20260626,"11475,51","11938,91","11475,51","492,5",30,Normal,Crítico,,,No,0,Advertencia,"Los predictores del codigo ISO de limpieza estan en rango de critico.  Asistente, abre una OT tipo TR P1 con las siguientes recomendaciones y enventanarla el 1/7/2026   1.  Cambie los desfogues del tanque hidráulico.  2. Cambie los filtros del sistema (By pass, flujo pleno, piloto, drenaje y alta eficiencia).",,Alto conteo de partículas,30/06/2026 10:54:42 a. m.,jbenitez2,,,"57,05","26,6","108,57",,"0,82",,2,21,"1,4",,28,"11,09",24,23,19,"0,68","0,02",0,"0,94",0,,,,,26/06/2026,2026,06,EX3600
0060153 ZSHI,60153,Análisis flúido,27/05/2026,0060153 ZSHI 20260527,"10983,01","11446,41","10983,01","443,2",24,Normal,Crítico,,,No,0,Normal,SEGUIR OPERANDO ,,Ninguna falla identificada,3/06/2026 7:50:38 a. m.,jbenitez2,,,76,"28,42","141,43",,0,,3,22,"5,74",,27,"9,51",18,16,12,"3,28","0,9","1,49","19,5",0,,,,,27/05/2026,2026,05,EX3600
0060153 ZSHI,60153,Análisis flúido,3/05/2026,0060153 ZSHI 20260503,"10539,81","11003,21","10539,81","547,4",31,Normal,Crítico,,,No,0,Crítico,"Los predictores del codigo ISO de limpieza estan en rango de critico.  Asistente, abre una OT tipo TR P1 con las siguientes recomendaciones  y enventanar el dia 7/5/2026 en el seis 300:  1.  Cambie los desfogues del tanque hidráulico.  2. Cambie los filtros del sistema (By pass, flujo pleno, piloto, drenaje y alta eficiencia).  ",,Alto conteo de partículas,6/05/2026 1:24:15 p. m.,jbenitez2,,,"57,51","13,08","71,87",,"0,14",,2,20,"1,47",,27,"11,04",24,23,21,"0,51","0,04","0,01","0,66","0,14",,,,,3/05/2026,2026,05,EX3600
0060153 ZSHI,60153,Análisis flúido,2/04/2026,0060153 ZSHI 20260402,"9992,41","10455,81","9992,41","453,4",24,Normal,Crítico,,,No,0,Advertencia,YA SE TIENE UNA OT PARA ESTE COMPONENTE  OT.1642563,,Alto conteo de partículas,6/04/2026 10:55:35 a. m.,jbenitez2,,,"71,74","22,35","122,42",,0,,2,21,"3,66",,28,"10,912",22,21,18,"2,34","0,13","1,06","5,49",0,,,,,2/04/2026,2026,04,EX3600
0060153 ZSHI,60153,Análisis flúido,9/03/2026,0060153 ZSHI 20260309,"9539,01","10002,41","9539,01","667,7",38,Normal,Crítico,,,No,0,Advertencia,"Los predictores del codigo ISO de limpieza estan en rango de critico.  Asistente, abre una OT tipo TR P3 con las siguientes recomendaciones :  1.  Cambie los desfogues del tanque hidráulico.  2. Cambie los filtros del sistema (By pass, flujo pleno, piloto, drenaje y alta eficiencia).  ",,Alto conteo de partículas,16/03/2026 3:22:44 p. m.,jbenitez2,,,"64,8","13,67","123,81",,"0,13",,,,"1,72",,,"11,086",23,22,18,"0,68","0,08","0,06","0,26",0,,,,,9/03/2026,2026,03,EX3600
0060153 ZSHI,60153,Análisis flúido,30/01/2026,0060153 ZSHI 20260130,"8871,31","9334,71","8871,31","430,4",23,Normal,Crítico,,,No,0,Advertencia,"Los predictores del codigo ISO de limpieza estan en rango de critico.  Asistente, abre una OT tipo TR P3 con las siguientes recomendaciones:  1.  Cambie los desfogues del tanque hidráulico.  2. Cambie los filtros del sistema (By pass, flujo pleno, piloto, drenaje y alta eficiencia)",,Alto conteo de partículas,4/02/2026 10:14:40 a. m.,jbenitez2,,,"60,52","6,41","103,51",,"0,25",,,,"1,11",,,,23,21,18,"0,71","0,03",0,"0,07","0,33",,,,,30/01/2026,2026,01,EX3600
0060153 ZSHI,60153,Análisis flúido,7/01/2026,0060153 ZSHI 20260107,"8440,91","8904,31","8440,91","637,4",35,Normal,Crítico,,,No,0,Normal,"Todos los predictores permanecen dentro de los límites aceptables, continúe monitoreando de cerca.",,Ninguna falla identificada,19/01/2026 9:28:12 a. m.,jbenitez2,,,"50,16","36,07","120,27",,"0,99",,3,21,"2,84",,27,"9,9",17,15,11,"2,1","0,66","0,46","8,98","1,3",,,,,7/01/2026,2026,01,EX3600
0060153 ZSHI,60153,Análisis flúido,3/12/2025,0060153 ZSHI 20251203,"7803,51","8266,91","7803,51","510,7",27,Normal,Crítico,,,No,0,Advertencia,"Los predictores del codigo ISO de limpieza estan en rango de advertencia.  Asistente, abre una OT tipo TR P3 con las siguientes recomendaciones   1.  Cambie los desfogues del tanque hidráulico.  2. Cambie los filtros del sistema (By pass, flujo pleno, piloto, drenaje y alta eficiencia)  Pedir el elemento filtrante STOCK: 483074 cant 6 se debe solicitar este filtro de flujo pleno.  ",,Alto conteo de partículas,6/01/2026 1:16:58 p. m.,jbenitez2,,,"65,97","6,1","5,44",,0,,2,20,"0,55",,27,"11,02",21,19,16,"0,05",0,"0,07","0,1",0,,,,,3/12/2025,2025,12,EX3600
0060153 ZSHI,60153,Análisis flúido,6/11/2025,0060153 ZSHI 20251106,"7292,81","7756,21","7292,81","306,8",28,Normal,Crítico,,,No,0,Normal,SEGUIR OPERANDO ,,Ninguna falla identificada,29/12/2025 2:07:26 p. m.,jbenitez2,,,"83,2","7,37","118,62",,0,,2,21,"0,93",,28,"10,9",18,16,12,"1,01",0,"0,18","0,54","0,49",,,,,6/11/2025,2025,11,EX3600
0060153 ZSHI,60153,Análisis flúido,9/10/2025,0060153 ZSHI 20251009,"6986,01","7449,41","6986,01","258,8",16,Normal,Crítico,,,No,0,Normal,"Todos los predictores permanecen dentro de los límites aceptables, continúe monitoreando de cerca.  ",,Ninguna falla identificada,16/10/2025 7:24:27 a. m.,jbenitez2,,,"46,55","12,51","110,97",,"0,53",,2,21,"0,66",,28,"10,95",20,18,14,"0,54","0,01","0,02",0,"0,3",,,,,9/10/2025,2025,10,EX3600
0060153 ZSHI,60153,Análisis flúido,23/09/2025,0060153 ZSHI 20250923,"6727,21","7190,61","6727,21","577,1",31,Normal,Crítico,,,No,0,Normal,Puede seguir operando,,Ninguna falla identificada,30/09/2025 8:44:10 a. m.,jbenitez2,,,"52,07","5,93","108,74",,0,,,,"1,63",,,"9,69",17,15,11,"0,97","0,26","0,3","5,71","0,32",,,,,23/09/2025,2025,09,EX3600
0060153 ZSHI,60153,Análisis flúido,23/08/2025,0060153 ZSHI 20250823,"6150,11","6613,51","6150,11","559,9",33,Normal,Crítico,,,No,0,Advertencia,ya se tiene una ot para este componente #1510716,,Ninguna falla identificada,1/09/2025 10:58:48 a. m.,jbenitez2,,,"63,66","3,96","71,83",,"0,19",,,,"0,42",,,"10,9",21,20,17,"0,17",0,"0,05",0,"0,09",,,,,23/08/2025,2025,08,EX3600
0060153 ZSHI,60153,Análisis flúido,21/07/2025,0060153 ZSHI 20250721,"5590,21","6053,61","5590,21","540,5",31,Normal,Crítico,,,No,0,Advertencia,"Asistente, abre una OT tipo TR P3 con las siguientes recomendaciones Y enventanarla en el evento del dia .    1.  Cambie los desfogues del tanque hidráulico.  2. Cambie los filtros del sistema (By pass, flujo pleno, piloto, drenaje y alta eficiencia)",,Ninguna falla identificada,28/07/2025 4:34:42 p. m.,jbenitez2,,,"53,98","11,83","145,24",,"0,12",,3,17,"2,48",,24,9,19,16,12,"1,42","0,57","0,08","10,02",0,,,,,21/07/2025,2025,07,EX3600
0060153 ZSHI,60153,Análisis flúido,20/06/2025,0060153 ZSHI 20250620,"5049,71","5513,11","5049,71","721,7",42,Normal,Crítico,,,No,0,Advertencia,"Los predictores del codigo ISO de limpieza estan en rango de advertencia.    Asistente, abre una OT tipo TR P3 con las siguientes recomendaciones.    1.  Cambie los desfogues del tanque hidráulico.  2. Cambie los filtros del sistema (By pass, flujo pleno, piloto, drenaje y alta eficiencia)  ",,Ninguna falla identificada,25/06/2025 10:36:39 a. m.,jbenitez2,,,"59,81","4,53","75,28",,0,,,,"0,71",,,11,21,20,16,"0,28",0,0,"0,21","0,27",,,,,20/06/2025,2025,06,EX3600
0060153 ZSHI,60153,Análisis flúido,9/05/2025,0060153 ZSHI 20250509,"4328,01","4791,41","4328,01","331,1",22,Normal,Crítico,,,No,0,Advertencia,"SE TENDRA BAJO MONITOREO, SE TOMARA CONTRAMUESTRA",,Ninguna falla identificada,14/05/2025 9:37:32 a. m.,jbenitez2,,,"44,81","12,11","124,17",,0,,3,16,"2,27",,23,"9,1",19,18,14,"0,96","0,59","0,15","6,29","0,72",,,,,9/05/2025,2025,05,EX3600
0060153 ZSHI,60153,Análisis flúido,17/04/2025,0060153 ZSHI 20250417,"3996,91","4460,31","3996,91","312,61",17,Normal,Crítico,,,No,0,Normal,SE TENDRA EN BAJO MONITOREO,,Ninguna falla identificada,28/04/2025 3:24:04 p. m.,jbenitez2,,,"23,02","21,28","210,15",,"0,87",,,,"2,52",,,"8,03",18,16,13,"1,88","0,92",0,"10,55","0,77",,,,,17/04/2025,2025,04,EX3600
0060153 ZSHI,60153,Análisis flúido,31/03/2025,0060153 ZSHI 20250331,"3684,3","4147,7","3684,3","157,2",9,Normal,Crítico,,,No,0,Normal,"EQUIPO EN PARAMETROS NORMALES , SE TENDRA BAJO MONITOREO.",,Ninguna falla identificada,28/04/2025 2:56:29 p. m.,jbenitez2,,,"21,03","18,16","268,45",,0,,,,"9,27",,,8,20,19,16,"1,57","0,93","0,43","7,7","0,92",,,,,31/03/2025,2025,03,EX3600
0060153 ZSHI,60153,Análisis flúido,22/03/2025,0060153 ZSHI 20250322,"3527,1","3990,5","3527,1","562,7",30,Normal,Crítico,,,No,0,Normal,SE TENDRA EN BAJO MONITOREO,,Ninguna falla identificada,28/04/2025 2:48:48 p. m.,jbenitez2,,,"24,44","17,75","221,26",,0,,,,"2,05",,,8,18,16,12,"1,16","0,89","0,07","6,5","0,73",,,,,22/03/2025,2025,03,EX3600
0060153 ZSHI,60153,Análisis flúido,20/02/2025,0060153 ZSHI 20250220,"2964,4","3427,8","2964,4","589,9",31,Normal,Crítico,,,No,0,Normal,"EQUIPO EN PARAMETROS NORMALES , SE TENDRA BAJO MONITOREO.",,Ninguna falla identificada,28/04/2025 2:59:06 p. m.,jbenitez2,,,"25,9","23,83","304,58",,0,,,,"1,92",,,"8,2",19,18,15,"0,22","0,9",0,"5,6","1,19",,,,,20/02/2025,2025,02,EX3600
0060153 ZSHI,60153,Análisis flúido,20/01/2025,0060153 ZSHI 20250120,"2374,5","2837,9","2374,5","638,7",37,Normal,Crítico,,,No,0,Normal,"Todos los predictores en rango normal, aceite hidraulico original HITACHI",,Ninguna falla identificada,27/01/2025 6:56:32 p. m.,lrodriguez,,,"62,82","11,37","90,72",,"0,16",,,,"0,89",,,"11,156",19,17,14,"0,26","0,01",0,"0,21",0,,,,,20/01/2025,2025,01,EX3600
0060153 ZSHI,60153,Análisis flúido,14/12/2024,0060153 ZSHI 20241214,"1735,8","2199,2","1735,8","402,1",25,Normal,Crítico,,,No,0,Normal,"Codigo ISO ligeramente elevado, Cambiar filtracion en su intervalo defiido. Predictores en rango normal, aceite original HITACHI. Seguir monitoreando de cerca.",,Ninguna falla identificada,21/01/2025 1:41:28 p. m.,lrodriguez,,,"18,84","32,78","328,41",,0,,,,"1,8",,,"7,74",23,21,18,"0,32","1,05",0,"3,96","0,99",,,,,14/12/2024,2024,12,EX3600
0060153 ZSHI,60153,Análisis flúido,19/11/2024,0060153 ZSHI 20241119,"1333,7","1797,1","1333,7","105,2",8,Normal,Crítico,,,No,0,Advertencia,"Los conteos de partículas son ligeramente elevados, sin embargo mínimos. Teniendo en cuenta que todos los otros predictores permanecen dentro de los límites aceptables, continúe monitoreando de cerca.  Particle counts are slightly elevated, However minimal. Considering all other predictors remain within acceptable limits, continue to monitor closely.  ",,Alto conteo de partículas,25/11/2024 8:26:38 p. m.,sysadmin,,,"15,9","36,35","281,85",,"0,13",,,,"1,61",,,,22,21,18,"0,43","0,99","0,01","3,63","0,15",,,,,19/11/2024,2024,11,EX3600
0060153 ZSHI,60153,Análisis flúido,11/11/2024,0060153 ZSHI 20241111,"1228,5","1691,9","1228,5","1228,5",57,Normal,Crítico,,,No,0,Normal,"Predictores sin novedad, aceite hidraulico usado es el original HITACHI. Seguir monitoreando de cerca",,Ninguna falla identificada,21/01/2025 1:03:36 p. m.,lrodriguez,,,"13,76","30,3","333,27",,0,,,,"0,48",,,"7,68",16,14,11,"0,2","1,21","0,04","2,33","1,01",,,,,11/11/2024,2024,11,EX3600
0060153 ZSHI,60153,Análisis flúido,15/09/2024,0060153 ZSHI 20240915,"463,4","463,4",0,,,Normal,Normal,,,No,0,Normal,SEGUIR OPERANDO ,,Ninguna falla identificada,2/11/2024 11:51:30 p. m.,DMartinez,,,"14,94","38,39","342,84",,0,,,,"1,03",,,,17,15,11,0,"2,64",0,"2,18",0,,,,,15/09/2024,2024,09,EX3600
0060154 ZSHI,60154,Análisis flúido,5/08/2026,0060154 ZSHI 20260805,"11343,14","11343,14","11343,14","483,3",26,Normal,Crítico,,,No,0,Advertencia,"Los predictores del codigo ISO de limpieza estan en rango de advertencia .  Asistente, abre una OT tipo TR P1 con las siguientes recomendaciones   1.  Cambie los desfogues del tanque hidráulico.  2. Cambie los filtros del sistema (By pass, flujo pleno, piloto, drenaje y alta eficiencia).",,,10/08/2026 1:08:11 p. m.,jbenitez2,,,"46,8","10,47","88,85",,0,,,,"0,69",,,"10,83",23,21,18,"0,51","0,12","0,11",3,0,,,,,5/08/2026,2026,08,EX3600
0060154 ZSHI,60154,Análisis flúido,10/07/2026,0060154 ZSHI 20260710,"10859,84","10859,84","10859,84","513,7",30,Normal,Crítico,,,No,0,Normal,COMPONENTE CON CONDICION –NORMAL--. PUEDE OPERAR SIN RESTRICCION,,Ninguna falla identificada,21/07/2026 7:31:41 a. m.,jbenitez2,,,"69,06","24,48","121,33",,0,,3,22,"4,46",,27,"9,65",19,17,13,"3,11","0,6","0,85","18,17","0,4",,,,,10/07/2026,2026,07,EX3600
0060154 ZSHI,60154,Análisis flúido,10/06/2026,0060154 ZSHI 20260610,"10346,14","10346,14","10346,14","127,4",10,Normal,Crítico,,,No,0,Normal,"Todos los predictores permanecen dentro de los límites aceptables, continúe monitoreando de cerca.  ",,Ninguna falla identificada,12/06/2026 8:03:08 a. m.,jbenitez2,,,"32,37","6,45","82,42",,"0,3",,2,21,"0,54",,28,"10,22",19,14,13,"0,92","0,14","0,01","4,18","0,61",,,,,10/06/2026,2026,06,EX3600
0060154 ZSHI,60154,Análisis flúido,31/05/2026,0060154 ZSHI 20260531,"10218,74","10218,74","10218,74","289,9",17,Normal,Crítico,,,No,0,Advertencia,"Los predictores del codigo ISO de limpieza estan en rango de advertencia.  Asistente, abre una OT tipo TR P3 con las siguientes recomendaciones y enventanarla el 19/6/2026   1.  Cambie los desfogues del tanque hidráulico.  2. Cambie los filtros del sistema (By pass, flujo pleno, piloto, drenaje y alta eficiencia).",,Alto conteo de partículas,4/06/2026 1:52:06 p. m.,jbenitez2,,,"40,28","27,4","125,31",,"0,47",,3,21,"3,8",,26,"9,5",22,20,17,"2,53","0,41","0,17","17,03","0,17",,,,,31/05/2026,2026,05,EX3600
0060154 ZSHI,60154,Análisis flúido,14/05/2026,0060154 ZSHI 20260514,"9928,84","9928,84","9928,84","388,9",21,Normal,Crítico,,,No,0,Normal,"Todos los predictores permanecen dentro de los límites aceptables, continúe monitoreando de cerca.  ",,Ninguna falla identificada,19/05/2026 10:06:14 a. m.,jbenitez2,,,"46,81","21,38","100,56",,"0,36",,,,"3,32",,,"9,6",17,16,13,"2,41","0,43","0,3","13,48","0,45",,,,,14/05/2026,2026,05,EX3600
0060154 ZSHI,60154,Análisis flúido,23/04/2026,0060154 ZSHI 20260423,"9539,94","9539,94","9539,94","406,5",24,Normal,Crítico,,,No,0,Advertencia,"Los predictores del codigo ISO de limpieza estan en rango de advertencia.  Asistente, abre una OT tipo TR P2 con las siguientes recomendaciones Y enventanarla en el evento del dia 16/4/2026 .  1.  Cambie los desfogues del tanque hidráulico.  2. Cambie los filtros del sistema (By pass, flujo pleno, piloto, drenaje y alta eficiencia)  ",,Alto conteo de partículas,27/04/2026 3:00:46 p. m.,jbenitez2,,,"48,46","20,05","89,66",,"0,19",,,,"2,83",,,"9,66",21,19,15,"1,62","0,41","0,17","10,61","1,12",,,,,23/04/2026,2026,04,EX3600
0060154 ZSHI,60154,Análisis flúido,30/03/2026,0060154 ZSHI 20260330,"9133,44","9133,44","9133,44","429,1",23,Normal,Crítico,,,No,0,Advertencia,"Los predictores del codigo ISO de limpieza estan en rango de advertencia.  Asistente, abre una OT tipo TR P2 con las siguientes recomendaciones Y enventanarla en el evento del dia 16/4/2026 .  1.  Cambie los desfogues del tanque hidráulico.  2. Cambie los filtros del sistema (By pass, flujo pleno, piloto, drenaje y alta eficiencia)  ",,Alto conteo de partículas,6/04/2026 10:50:20 a. m.,jbenitez2,,,"62,19","34,2","116,34",,"0,44",,2,21,"1,34",,28,"10,6",22,20,17,"1,13","0,12",0,"3,59","0,16",,,,,30/03/2026,2026,03,EX3600
0060154 ZSHI,60154,Análisis flúido,7/03/2026,0060154 ZSHI 20260307,"8704,34","8704,34","8704,34","386,1",22,Normal,Crítico,,,No,0,Crítico,"EQUIPO PROXIMO A ENTRAR A PM , SE LE CAMBIARAN FILTROS",,Ninguna falla identificada,16/03/2026 11:38:27 a. m.,jbenitez2,,,"55,85","12,73","109,13",,"0,08",,2,21,"0,33",,28,"10,676",20,19,16,"0,44","0,15",0,"1,72",0,,,,,7/03/2026,2026,03,EX3600
0060154 ZSHI,60154,Análisis flúido,13/02/2026,0060154 ZSHI 20260213,"8318,24","8318,24","8318,24","409,5",22,Normal,Crítico,,,No,0,Advertencia,YA SE TIENE UNA OT PARA ESTE COMPONENTE 1614870,,Alto conteo de partículas,17/02/2026 7:46:04 a. m.,jbenitez2,,,"73,16","20,9","83,67",,0,,3,21,"1,55",,27,"9,7",23,20,15,"0,87","0,65",0,"6,41",0,,,,,13/02/2026,2026,02,EX3600
0060154 ZSHI,60154,Análisis flúido,22/01/2026,0060154 ZSHI 20260122,"7908,74","7908,74","7908,74","492,2",28,Normal,Crítico,,,No,0,Advertencia,"Los predictores del codigo ISO de limpieza estan en rango de advertencia.  Asistente, abre una OT tipo TR P2 con las siguientes recomendaciones Y enventanarla en el evento del dia 15/2/2026 .  1.  Cambie los desfogues del tanque hidráulico.  2. Cambie los filtros del sistema (By pass, flujo pleno, piloto, drenaje y alta eficiencia)  ",,Alto conteo de partículas,26/01/2026 8:49:02 a. m.,jbenitez2,,,"60,2","3,23","99,8",,"0,05",,,,"1,23",,,"11,063",22,21,18,"0,39",0,0,"0,17","0,16",,,,,22/01/2026,2026,01,EX3600
0060154 ZSHI,60154,Análisis flúido,25/12/2025,0060154 ZSHI 20251225,"7416,54","7416,54","7416,54","494,9",31,Normal,Crítico,,,No,0,Advertencia,"Los predictores del codigo ISO de limpieza estan en rango de advertencia.  Asistente, abre una OT tipo TR P3 con las siguientes recomendaciones   1.  Cambie los desfogues del tanque hidráulico.  2. Cambie los filtros del sistema (By pass, flujo pleno, piloto, drenaje y alta eficiencia)  Pedir el elemento filtrante STOCK: 483074 cant 6 se debe solicitar este filtro de flujo pleno.",,Alto conteo de partículas,6/01/2026 12:51:07 p. m.,jbenitez2,,,"80,11","3,65","115,19",,0,,,,"0,95",,,"11,05",20,19,16,"0,19",0,0,"0,09","0,32",,,,,25/12/2025,2025,12,EX3600
0060154 ZSHI,60154,Análisis flúido,24/11/2025,0060154 ZSHI 20251124,"6921,64","6921,64","6921,64","392,8",21,Normal,Crítico,,,No,0,Advertencia,SE TOMARA UNA CONTRAMUESTRA PARA VERIFICAR ,,Alto conteo de partículas,6/01/2026 8:06:50 a. m.,jbenitez2,,,"55,84","4,68","107,2",,0,,2,20,"0,75",,27,"10,536",22,21,19,"0,18","0,04","0,07","1,52",0,,,,,24/11/2025,2025,11,EX3600
0060154 ZSHI,60154,Análisis flúido,3/11/2025,0060154 ZSHI 20251103,"6528,84","6528,84","6528,84","569,1",33,Normal,Crítico,,,No,0,Normal,PROXIMO A ENTRAR A PARADA ANUAL PARA CAMBIO DE ACEITE,,Ninguna falla identificada,19/11/2025 12:38:52 p. m.,jbenitez2,,,"58,4","9,43","302,44",,0,,3,18,"3,01",,24,,23,21,17,"2,17","0,41","0,19","9,21","0,98",,,,,3/11/2025,2025,11,EX3600
0060154 ZSHI,60154,Análisis flúido,1/10/2025,0060154 ZSHI 20251001,"5959,74","5959,74","5959,74","659,3",44,Normal,Crítico,,,No,0,Normal,"Todos los predictores en rango normal, seguir monitoreando de cerca.",,Ninguna falla identificada,8/10/2025 7:30:02 a. m.,jbenitez2,,,"44,73","9,31","298,14",,"1,38",,3,16,"2,67",,22,"8,7",18,16,12,"0,57","0,48",0,"7,35",0,,,,,1/10/2025,2025,10,EX3600
0060154 ZSHI,60154,Análisis flúido,18/08/2025,0060154 ZSHI 20250818,"5300,44","5300,44","5300,44","405,9",23,Normal,Crítico,,,No,0,Advertencia,YA SE TIENE UNA OT GENERADA PARA ESTE COMPONENTE 1510715,,Ninguna falla identificada,25/08/2025 1:20:20 p. m.,jbenitez2,,,"42,89","8,46","167,24",,0,,3,16,"1,25",,22,"8,6",19,18,14,"0,96","0,27",0,"5,45","0,31",,,,,18/08/2025,2025,08,EX3600
0060154 ZSHI,60154,Análisis flúido,26/07/2025,0060154 ZSHI 20250726,"4894,54","4894,54","4894,54",81,4,Normal,Crítico,,,No,0,Advertencia,YA SE TIENE UNA OT GENERADA PARA ESTE COMPONENTE 1510715,,Ninguna falla identificada,4/08/2025 2:49:47 p. m.,jbenitez2,,,"42,35","7,84","155,57",,"0,35",,3,16,"2,71",,22,"8,99",22,20,17,"0,89","0,25","0,02","4,66",0,,,,,26/07/2025,2025,07,EX3600
0060154 ZSHI,60154,Análisis flúido,22/07/2025,0060154 ZSHI 20250722,"4813,54","4813,54","4813,54","686,5",39,Normal,Crítico,,,No,0,Advertencia,"Asistente, abre una OT tipo TR P3 con las siguientes recomendaciones Y enventanarla en el evento del dia .    1.  Cambie los desfogues del tanque hidráulico.  2. Cambie los filtros del sistema (By pass, flujo pleno, piloto, drenaje y alta eficiencia)",,Ninguna falla identificada,28/07/2025 4:41:04 p. m.,jbenitez2,,,"51,35","7,8","150,3",,"0,21",,3,16,"1,54",,23,9,17,15,13,"1,1","0,34",0,"3,85",0,,,,,22/07/2025,2025,07,EX3600
0060154 ZSHI,60154,Análisis flúido,13/06/2025,0060154 ZSHI 20250613,"4127,04","4127,04","4127,04","341,4",19,Normal,Crítico,,,No,0,Advertencia,"Los predictores del calcio,cinc,fosoforado y viscocidad  estan en rango de crtico.    Asistente, abre una OT tipo TR P3 envetanarla 29/6/2025  con las siguientes recomendaciones.    1.  Cambie los desfogues del tanque hidráulico.  2. Cambie los filtros del sistema (By pass, flujo pleno, piloto, drenaje y alta eficiencia)  ",,Ninguna falla identificada,16/06/2025 10:59:37 a. m.,jbenitez2,,,"8,97","15,52","241,44",,0,,,,"2,68",,,"7,62",18,16,13,"1,39","0,67","0,11","7,17",0,,,,,13/06/2025,2025,06,EX3600
0060154 ZSHI,60154,Análisis flúido,25/05/2025,0060154 ZSHI 20250525,"3785,64","3785,64","3785,64","266,6",18,Normal,Crítico,,,No,0,Advertencia,"Los predictores del codigo ISO de limpieza estan en rango de advertencia.    Asistente, abre una OT tipo TR P3 envetanarla 7/6/2025  con las siguientes recomendaciones.    1.  Cambie los desfogues del tanque hidráulico.  2. Cambie los filtros del sistema (By pass, flujo pleno, piloto, drenaje y alta eficiencia)  ",,Ninguna falla identificada,27/05/2025 9:45:27 a. m.,jbenitez2,,,"52,28","33,6","101,94",,0,,2,21,"0,61",,28,"11,064",20,18,14,"0,47","0,02",0,0,0,,,,,25/05/2025,2025,05,EX3600
0060154 ZSHI,60154,Análisis flúido,7/05/2025,0060154 ZSHI 20250507,"3519,04","3519,04","3519,04",412,27,Normal,Crítico,,,No,0,Normal,"EQUIPO EN PARAMETROS NORMALES , SE TENDRA BAJO MONITOREO.",,Ninguna falla identificada,12/05/2025 1:58:57 p. m.,jbenitez2,,,"4,3","16,92","205,25",,0,,3,8,"2,75",,16,"7,51",18,17,14,"1,72","0,82","0,24","7,57",0,,,,,7/05/2025,2025,05,EX3600
0060154 ZSHI,60154,Análisis flúido,10/04/2025,0060154 ZSHI 20250410,"3107,04","3107,04","3107,04","635,74",34,Normal,Crítico,,,No,0,Normal,"EQUIPO EN PARAMETROS NORMALES , SE TENDRA BAJO MONITOREO.",,Ninguna falla identificada,28/04/2025 3:03:19 p. m.,jbenitez2,,,"3,71","21,38","316,28",,0,,3,7,"2,18",,15,"7,5",18,16,13,"1,14","0,71","0,11","6,42",0,,,,,10/04/2025,2025,04,EX3600
0060154 ZSHI,60154,Análisis flúido,7/03/2025,0060154 ZSHI 20250307,"2471,3","2471,3","2471,3","482,6",26,Normal,Crítico,,,No,0,Normal,SE TENDRA EN BAJO MONITOREO,,Ninguna falla identificada,28/04/2025 2:50:53 p. m.,jbenitez2,,,"71,23","41,2","113,38",,0,,2,21,"1,08",,29,"11,16",20,18,13,"0,37","0,06","0,13","0,09",0,,,,,7/03/2025,2025,03,EX3600
0060154 ZSHI,60154,Análisis flúido,9/02/2025,0060154 ZSHI 20250209,"1988,7","1988,7","1988,7",688,36,Normal,Crítico,,,No,0,Normal,"Predictores en rango normal, aciete original HITACHI. Seguir monitoreando de cerca.",,Ninguna falla identificada,13/02/2025 10:38:42 p. m.,lrodriguez,,,"1,4","18,26","314,27",,0,,,,"2,2",,,"7,41",20,18,14,"0,08","0,45",0,"2,6","1,01",,,,,9/02/2025,2025,02,EX3600
0060154 ZSHI,60154,Análisis flúido,4/01/2025,0060154 ZSHI 20250104,"1300,7","1300,7","1300,7","346,1",21,Normal,Crítico,,,No,0,Normal,"Predictores en rango normal, aciete original HITACHI. Seguir monitoreando de cerca.",,Ninguna falla identificada,21/01/2025 3:06:05 p. m.,lrodriguez,,,"1,18","25,32","262,93",,0,,,,"0,7",,,"7,4",17,15,12,"0,46","0,86",0,"2,82",0,,,,,4/01/2025,2025,01,EX3600
0060154 ZSHI,60154,Análisis flúido,14/12/2024,0060154 ZSHI 20241214,"954,6","954,6","954,6",121,6,Normal,Crítico,,,No,0,Normal,"Codigo ISO ligeramente elevado, Cambiar filtracion en su intervalo defiido. Predictores en rango normal, aceite original HITACHI. Seguir monitoreando de cerca.",,Ninguna falla identificada,21/01/2025 1:41:28 p. m.,lrodriguez,,,3,"24,98","269,53",,0,,,,"1,13",,,"7,47",21,19,16,"0,28","1,86",0,"2,78","0,44",,,,,14/12/2024,2024,12,EX3600
0060154 ZSHI,60154,Análisis flúido,8/12/2024,0060154 ZSHI 20241208,"833,6","833,6","833,6","436,2",28,Normal,Crítico,,,No,0,Advertencia,"Los conteos de partículas son ligeramente elevados, sin embargo mínimos. Teniendo en cuenta que todos los otros predictores permanecen dentro de los límites aceptables, continúe monitoreando de cerca.  Particle counts are slightly elevated, However minimal. Considering all other predictors remain within acceptable limits, continue to monitor closely.  ",,Alto conteo de partículas,11/12/2024 8:25:08 p. m.,sysadmin,,,"2,23","29,68","273,38",,0,,3,6,"0,57",,15,,24,23,20,"0,31","2,62","0,05","3,36","1,26",,,,,8/12/2024,2024,12,EX3600
0060154 ZSHI,60154,Análisis flúido,10/11/2024,0060154 ZSHI 20241110,"397,4","397,4","397,4",,,Normal,Crítico,,,No,0,Normal,"Predictores en rango normal, aciete original HITACHI. Seguir monitoreando de cerca.",,Ninguna falla identificada,21/01/2025 1:16:09 p. m.,lrodriguez,,,"2,61","33,28",321,,0,,,,0,,,"7,46",17,15,11,0,"3,45",0,"1,97","0,86",,,,,10/11/2024,2024,11,EX3600
0060155 ZSHI,60155,Análisis flúido,18/06/2025,0060155 ZSHI 20250618,"2590,4","2590,4",0,760,42,Normal,Crítico,,,No,0,Normal,"Se toma una contramuestra , parametros normales",,Ninguna falla identificada,29/07/2025 9:19:50 a. m.,jbenitez2,,,"2,07","31,11","150,92",,"0,18",,2,6,"0,55",,16,"7,6",20,19,14,"0,13","0,08",0,"0,96","0,04",,,,,18/06/2025,2025,06,EX3600
0060155 ZSHI,60155,Análisis flúido,7/05/2025,0060155 ZSHI 20250507,"1830,4","1830,4",0,"402,4",27,Normal,Crítico,,,No,0,Normal,"Se toma una contramuestra ,",,Ninguna falla identificada,29/07/2025 9:20:09 a. m.,jbenitez2,,,"1,71","22,29","102,27",,0,,3,7,"1,14",,16,"7,66",21,19,16,0,"0,14","0,02","0,39","0,08",,,,,7/05/2025,2025,05,EX3600
0060155 ZSHI,60155,Análisis flúido,10/04/2025,0060155 ZSHI 20250410,1428,1428,0,"436,6",24,Normal,Crítico,,,No,0,Normal,"Se toma una contramuestra , parametros normales",,Ninguna falla identificada,29/07/2025 9:20:19 a. m.,jbenitez2,,,"2,6","26,05","329,71",,0,,3,5,"1,18",,15,"7,4",18,17,14,"0,63","1,18","0,1","4,08",0,,,,,10/04/2025,2025,04,EX3600
0060155 ZSHI,60155,Análisis flúido,17/03/2025,0060155 ZSHI 20250317,"991,4","991,4",0,,,Normal,Crítico,,,No,0,Normal,"Se toma una contramuestra , parametros normales",,Ninguna falla identificada,29/07/2025 9:18:34 a. m.,jbenitez2,,,"1,75","33,32","200,97",,0,,,,"0,76",,,"7,69",21,19,14,0,"0,17","0,02","0,24",0,,,,,17/03/2025,2025,03,EX3600
0060155 ZSHI,60155,Análisis flúido,8/08/2026,0060155 ZSHI 20260808,"9980,5","50269,8","47679,4","3815,7",1,Normal,Crítico,,,No,0,Advertencia,"  Los predictores del codigo ISO de limpieza estan en rango de critico .  Asistente, abre una OT tipo TR P1 con las siguientes recomendaciones   1.  Cambie los desfogues del tanque hidráulico.  2. Cambie los filtros del sistema (By pass, flujo pleno, piloto, drenaje y alta eficiencia).    ",,,10/08/2026 11:42:48 a. m.,jbenitez2,,,"50,79","30,72","131,99",,"0,39",,,,"11,34",,,"9,45",26,25,22,"3,25","0,52","0,22","17,29","0,02",,,,,8/08/2026,2026,08,EX3600
0060156 ZSHI,60156,Análisis flúido,7/08/2026,0060156 ZSHI 20260807,"6164,8","46454,1","43863,7",0,24,Normal,Crítico,,,No,0,Normal,SEGUIR OPERANDO ,,,10/08/2026 11:26:18 a. m.,jbenitez2,,,"45,76","43,73","84,72",,"0,18",,,,0,,,"11,02",19,17,13,"0,04","0,01","0,03","0,08",0,,,,,7/08/2026,2026,08,EX3600
0060155 ZSHI,60155,Análisis flúido,14/07/2026,0060155 ZSHI 20260714,9514,"46454,1","43863,7","3858,2",3,Normal,Crítico,,,No,0,Advertencia,"  Los predictores del codigo ISO de limpieza estan en rango de advertencia .  Asistente, abre una OT tipo TR P3 con las siguientes recomendaciones   1.  Cambie los desfogues del tanque hidráulico.  2. Cambie los filtros del sistema (By pass, flujo pleno, piloto, drenaje y alta eficiencia).    ",,Alto conteo de partículas,21/07/2026 4:39:22 p. m.,jbenitez2,,,"26,55","21,18","109,73",,0,,3,21,"4,43",,27,"9,3",22,21,18,"2,35","0,48","0,12","14,08","0,94",,,,,14/07/2026,2026,07,EX3600
0060156 ZSHI,60156,Análisis flúido,11/07/2026,0060156 ZSHI 20260711,"5655,8","42595,9","40005,5","652,5",42,Normal,Crítico,,,No,0,Advertencia,SE TOMARA UNA CONTRAMUESTRA PARA VERIFICAR TEDENCIA ,,Alto conteo de partículas,21/07/2026 4:38:09 p. m.,jbenitez2,,,"24,3","44,48","246,24",,0,,3,11,"3,1",,19,"7,92",21,20,17,"1,2","0,62","1,24","17,99",0,,,,,11/07/2026,2026,07,EX3600
0060156 ZSHI,60156,Análisis flúido,30/05/2026,0060156 ZSHI 20260530,"5003,3","41943,4",39353,0,4,Normal,Crítico,,,No,0,Advertencia,"Los predictores del codigo ISO de limpieza estan en rango de advertencia.  Asistente, abre una OT tipo TR P2 con las siguientes recomendaciones y enventanarla el 6/6/2026   1.  Cambie los desfogues del tanque hidráulico.  2. Cambie los filtros del sistema (By pass, flujo pleno, piloto, drenaje y alta eficiencia).  ",,Alto conteo de partículas,3/06/2026 7:38:28 a. m.,jbenitez2,,,"16,65","33,19","240,65",,0,,3,10,"2,2",,18,"7,96",22,20,17,"1,67","0,56","0,79","17,93","0,6",,,,,30/05/2026,2026,05,EX3600
0060155 ZSHI,60155,Análisis flúido,26/05/2026,0060155 ZSHI 20260526,"8622,6","41943,4",39353,"4063,8",20,Normal,Crítico,,,No,0,Advertencia,SE TOMARA UNA CONTRAMUESTRA PARA VERIFICAR TENDENCIA ,,Alto conteo de partículas,3/06/2026 7:33:30 a. m.,jbenitez2,,,"61,79","25,44","142,24",,0,,3,20,"4,56",,26,"9,55",20,18,14,"2,42","0,69","0,24","13,03","0,56",,,,,26/05/2026,2026,05,EX3600
0060156 ZSHI,60156,Análisis flúido,6/05/2026,0060156 ZSHI 20260506,"4558,8","37879,6","35289,2",0,4,Normal,Crítico,,,No,0,Advertencia,YA SE TIENE UNA OT 1673418,,Alto conteo de partículas,11/05/2026 11:50:34 a. m.,jbenitez2,,,"21,81","32,67","215,23",,"0,02",,,,"2,57",,,"7,9",19,17,15,"1,64","0,65","0,51","16,05","1,47",,,,,6/05/2026,2026,05,EX3600
0060155 ZSHI,60155,Análisis flúido,2/05/2026,0060155 ZSHI 20260502,"8156,7","37879,6","35289,2","4094,4",27,Normal,Crítico,,,No,0,Advertencia,"Los predictores del codigo ISO de limpieza estan en rango de advertencia.  Asistente, abre una OT tipo TR P2 con las siguientes recomendaciones   1.cambio de todo el aceite hidrualico  2.  Cambie los desfogues del tanque hidráulico.  3. Cambie los filtros del sistema (By pass, flujo pleno, piloto, drenaje y alta eficiencia)  Pedir el elemento filtrante STOCK: 483074 cant 6 se debe solicitar este filtro de flujo pleno.",,Alto conteo de partículas,5/05/2026 1:14:10 p. m.,jbenitez2,,,"55,11","29,75","120,62",,"0,22",,,,7,,,"9,57",20,18,14,"2,16","0,63","0,08","12,49","0,61",,,,,2/05/2026,2026,05,EX3600
0060156 ZSHI,60156,Análisis flúido,5/04/2026,0060156 ZSHI 20260405,"4062,3","33785,2","31194,8",0,11,Normal,Crítico,,,No,0,Advertencia,"Los predictores del codigo ISO de limpieza estan en rango de advertencia.  Asistente, abre una OT tipo TR P3 con las siguientes recomendaciones   1.  Cambie los desfogues del tanque hidráulico.  2. Cambie los filtros del sistema (By pass, flujo pleno, piloto, drenaje y alta eficiencia)  Pedir el elemento filtrante STOCK: 483074 cant 6 se debe solicitar este filtro de flujo pleno.",,Alto conteo de partículas,7/04/2026 10:29:39 a. m.,jbenitez2,,,"23,81","55,87","217,99",,0,,3,10,"0,96",,18,"7,98",20,18,14,"1,69","0,81","0,14","16,31","0,57",,,,,5/04/2026,2026,04,EX3600
0060155 ZSHI,60155,Análisis flúido,25/03/2026,0060155 ZSHI 20260325,"7509,6","33785,2","31194,8","3893,7",13,Normal,Crítico,,,No,0,Normal,"Todos los predictores permanecen dentro de los límites aceptables, continúe monitoreando de cerca.  ",,Ninguna falla identificada,30/03/2026 10:38:37 a. m.,jbenitez2,,,"53,16","19,1","110,03",,"0,81",,2,21,"1,06",,27,"10,481",19,17,12,"0,85","0,32","0,06","3,66",0,,,,,25/03/2026,2026,03,EX3600
0060156 ZSHI,60156,Análisis flúido,12/03/2026,0060156 ZSHI 20260312,"3615,9","29891,5","27301,1",0,12,Normal,Crítico,,,No,0,Advertencia,"Los predictores del codigo ISO de limpieza estan en rango de advertencia.  Asistente, abre una OT tipo TR P3 con las siguientes recomendaciones   1.  Cambie los desfogues del tanque hidráulico.  2. Cambie los filtros del sistema (By pass, flujo pleno, piloto, drenaje y alta eficiencia)  Pedir el elemento filtrante STOCK: 483074 cant 6 se debe solicitar este filtro de flujo pleno.",,Alto conteo de partículas,16/03/2026 11:54:36 a. m.,jbenitez2,,,"52,84","16,21","71,46",,"0,17",,,,"0,05",,,"11,1",20,18,15,"0,04","0,06",0,"0,35","0,02",,,,,12/03/2026,2026,03,EX3600
0060155 ZSHI,60155,Análisis flúido,28/02/2026,0060155 ZSHI 20260228,"7036,3","29891,5","27301,1","329,4",17,Normal,Crítico,,,No,0,Normal,"Todos los predictores permanecen dentro de los límites aceptables, continúe monitoreando de cerca.  ",,Ninguna falla identificada,4/03/2026 8:12:53 a. m.,jbenitez2,,,"50,12",37,"147,16",,"0,07",,,,"1,35",,,"9,56",17,15,11,"1,21","0,84","0,09","8,74",0,,,,,28/02/2026,2026,02,EX3600
0060155 ZSHI,60155,Análisis flúido,11/02/2026,0060155 ZSHI 20260211,"6706,9","29562,1","26971,7","3639,3",23,Normal,Crítico,,,No,0,Normal,"Todos los predictores permanecen dentro de los límites aceptables, continúe monitoreando de cerca.  ",,Ninguna falla identificada,13/02/2026 8:41:31 a. m.,jbenitez2,,,"69,83","31,4","138,54",,0,,2,19,"1,24",,26,,15,14,10,"0,76","0,71",0,"6,78","1,33",,,,,11/02/2026,2026,02,EX3600
0060156 ZSHI,60156,Análisis flúido,11/02/2026,0060156 ZSHI 20260211,"3067,6","25922,8","23332,4",0,23,Normal,Crítico,,,No,0,Normal,"Todos los predictores permanecen dentro de los límites aceptables, continúe monitoreando de cerca.  ",,Ninguna falla identificada,13/02/2026 8:37:02 a. m.,jbenitez2,,,"24,22","39,5","215,01",,"1,09",,3,10,"0,61",,18,,20,17,12,"1,07",1,"0,3","10,3","0,68",,,,,11/02/2026,2026,02,EX3600
0060155 ZSHI,60155,Análisis flúido,19/01/2026,0060155 ZSHI 20260119,"6379,6","25922,8","23332,4","3799,6",4,Normal,Crítico,,,No,0,Advertencia,YA SE TIENE UNA OT PARA ESTE COMPONENTE OT 1603591,,Alto conteo de partículas,23/01/2026 6:17:40 a. m.,jbenitez2,,,"64,24","21,25","252,57",,0,,2,19,"1,13",,26,"10,512",23,21,18,0,"0,31",0,"3,01",0,,,,,19/01/2026,2026,01,EX3600
0060156 ZSHI,60156,Análisis flúido,15/01/2026,0060156 ZSHI 20260115,2580,"22123,2","19532,8",0,21,Normal,Crítico,,,No,0,Advertencia,"Los predictores del codigo ISO de limpieza estan en rango de advertencia.  Asistente, abre una OT tipo TR P3 con las siguientes recomendaciones   1.  Cambie los desfogues del tanque hidráulico.  2. Cambie los filtros del sistema (By pass, flujo pleno, piloto, drenaje y alta eficiencia)  Pedir el elemento filtrante STOCK: 483074 cant 6 se debe solicitar este filtro de flujo pleno.",,Alto conteo de partículas,19/01/2026 12:27:16 p. m.,jbenitez2,,,"49,4","9,71","108,79",,"0,06",,2,21,"0,84",,28,,20,18,15,"0,31","0,04",0,"0,37","1,1",,,,,15/01/2026,2026,01,EX3600
0060155 ZSHI,60155,Análisis flúido,25/12/2025,0060155 ZSHI 20251225,"5913,6","22123,2","19532,8","3846,9",9,Normal,Crítico,,,No,0,Crítico,"Los predictores del codigo ISO de limpieza estan en rango de critico.  Asistente, abre una OT tipo TR P2 con las siguientes recomendaciones   1.  Cambie los desfogues del tanque hidráulico.  2. Cambie los filtros del sistema (By pass, flujo pleno, piloto, drenaje y alta eficiencia)  Pedir el elemento filtrante STOCK: 483074 cant 6 se debe solicitar este filtro de flujo pleno.",,Alto conteo de partículas,6/01/2026 1:03:43 p. m.,jbenitez2,,,"65,5","25,88","136,22",,0,,,,"1,35",,,"11,04",23,21,18,"0,62","0,09","0,1","0,55","0,95",,,,,25/12/2025,2025,12,EX3600
0060156 ZSHI,60156,Análisis flúido,16/12/2025,0060156 ZSHI 20251216,"2066,7","18276,3","15685,9",0,21,Normal,Crítico,,,No,0,Normal,"Todos los predictores permanecen dentro de los límites aceptables, continúe monitoreando de cerca.  ",,Ninguna falla identificada,22/12/2025 10:30:28 a. m.,jbenitez2,,,"64,74","17,4","131,82",,"0,13",,,,"0,62",,,"10,9",19,17,13,"0,13","0,1",0,"0,16",0,,,,,16/12/2025,2025,12,EX3600
0060155 ZSHI,60155,Análisis flúido,25/11/2025,0060155 ZSHI 20251125,"5340,3","18276,3","15685,9","3832,8",9,Normal,Crítico,,,No,0,Advertencia,"SE TOMARA CONTRAMUESTRA, PARA VERIFICAR TENDENCIA",,Alto conteo de partículas,6/01/2026 8:04:08 a. m.,jbenitez2,,,"66,28","22,88","133,16",,0,,2,21,"0,7",,28,"10,928",22,21,19,0,"0,03","0,07",0,0,,,,,25/11/2025,2025,11,EX3600
0060156 ZSHI,60156,Análisis flúido,16/11/2025,0060156 ZSHI 20251116,"1507,5","14443,5","11853,1",0,9,Normal,Crítico,,,No,0,Normal,SEGUIR OPERANDO ,,Ninguna falla identificada,29/12/2025 1:51:12 p. m.,jbenitez2,,,"36,21","38,26","210,21",,"0,17",,2,12,"1,43",,20,"8,6",22,20,14,"0,62","1,51","0,07","4,25","1,34",,,,,16/11/2025,2025,11,EX3600
0060155 ZSHI,60155,Análisis flúido,7/11/2025,0060155 ZSHI 20251107,"4996,7","14443,5","11853,1","117,7",6,Normal,Crítico,,,No,0,Normal,SEGUIR OPERANDO ,,Ninguna falla identificada,29/12/2025 2:07:13 p. m.,jbenitez2,,,"42,99","22,6","255,91",,0,,3,15,"3,39",,22,,23,21,14,"2,13","0,59","0,09","12,63",0,,,,,7/11/2025,2025,11,EX3600
0060155 ZSHI,60155,Análisis flúido,1/11/2025,0060155 ZSHI 20251101,4879,"14325,8","11735,4","3950,8",17,Normal,Crítico,,,No,0,Normal,SEGUIR OPERANDO ,,Ninguna falla identificada,29/12/2025 2:10:22 p. m.,jbenitez2,,,"55,13","15,48","124,86",,"0,21",,,,"0,43",,,"10,945",22,20,17,"0,01","0,11",0,0,0,,,,,1/11/2025,2025,11,EX3600
0060156 ZSHI,60156,Análisis flúido,15/10/2025,0060156 ZSHI 20251015,"928,2",10375,"7784,6",0,20,Normal,Crítico,,,No,0,Normal,"Todos los predictores permanecen dentro de los límites aceptables, continúe monitoreando de cerca.  ",,Ninguna falla identificada,22/12/2025 3:04:11 p. m.,jbenitez2,,,"28,92","44,06","323,71",,0,,3,9,"1,81",,18,"7,96",18,16,11,"0,89","2,89","0,18","3,72",0,,,,,15/10/2025,2025,10,EX3600
0060155 ZSHI,60155,Análisis flúido,25/09/2025,0060155 ZSHI 20250925,4253,10375,"7784,6","3955,4",17,Normal,Crítico,,,No,0,Normal,"Todos los predictores permanecen dentro de los límites aceptables, continúe monitoreando de cerca.  ",,Ninguna falla identificada,22/12/2025 3:04:21 p. m.,jbenitez2,,,"41,52","10,98","300,34",,0,,3,15,"1,55",,22,"8,7",19,17,14,0,"0,66","0,17","6,29",0,,,,,25/09/2025,2025,09,EX3600
0060156 ZSHI,60156,Análisis flúido,8/09/2025,0060156 ZSHI 20250908,"297,6","6419,6","3829,2",0,10,Normal,Crítico,,,No,0,Normal,SEGUIR OPERANDO,,Ninguna falla identificada,22/12/2025 3:05:27 p. m.,jbenitez2,,,"18,13","24,73","241,43",,0,,3,9,"0,26",,17,"7,95",20,19,15,"0,08","2,06","0,01","1,33","0,43",,,,,8/09/2025,2025,09,EX3600
0060155 ZSHI,60155,Análisis flúido,29/08/2025,0060155 ZSHI 20250829,"3829,2","6419,6","3829,2","555,5",35,Normal,Crítico,,,No,0,Normal,"Todos los predictores permanecen dentro de los límites aceptables, continúe monitoreando de cerca.  ",,Ninguna falla identificada,22/12/2025 3:05:54 p. m.,jbenitez2,,,"68,93","13,65","197,44",,0,,2,21,"1,27",,28,"10,971",20,19,16,"0,33","0,58","0,64","0,8","0,27",,,,,29/08/2025,2025,08,EX3600
0060155 ZSHI,60155,Análisis flúido,25/07/2025,0060155 ZSHI 20250725,"3273,7","5864,1","3273,7","167,8",8,Normal,Crítico,,,No,0,Normal,"SEGUIR OPERANDO , BAJO MONITOREO",,Ninguna falla identificada,22/12/2025 3:06:40 p. m.,jbenitez2,,,"0,81","18,74","269,82",,0,,3,6,"1,19",,15,"7,36",23,21,17,"0,31","0,57","0,03","7,95",0,,,,,25/07/2025,2025,07,EX3600
0060155 ZSHI,60155,Análisis flúido,17/07/2025,0060155 ZSHI 20250717,"3105,9","5696,3","3105,9","3105,9",29,Normal,Crítico,,,No,0,Normal,"SEGUIR OPERANDO , BAJO MONITOREO",,Ninguna falla identificada,22/12/2025 3:06:50 p. m.,jbenitez2,,,"1,57","22,48","132,02",,"0,04",,3,7,"0,13",,16,"7,57",21,19,15,0,"0,11","0,02","0,26","0,44",,,,,17/07/2025,2025,07,EX3600
0060155 ZSHI,60155,Análisis flúido,18/06/2025,0060155 ZSHI 20250618,"2590,4","2590,4",0,,,Normal,Crítico,,,No,0,Crítico,"Los predictores del codigo ISO de limpieza estan en rango de critico.  Asistente, abre una OT tipo TR P2 con las siguientes recomendaciones   1.  Cambie los desfogues del tanque hidráulico.  2. Cambie los filtros del sistema (By pass, flujo pleno, piloto, drenaje y alta eficiencia)  Pedir el elemento filtrante STOCK: 483074 cant 6 se debe solicitar este filtro de flujo pleno.",,Alto conteo de partículas,6/01/2026 1:00:37 p. m.,jbenitez2,,,"2,07","31,11","150,92",,"0,18",,2,6,"0,55",,16,"7,6",20,19,14,"0,13","0,08",0,"0,96","0,04",,,,,18/06/2025,2025,06,EX3600
0060157 ZSHI,60157,Análisis flúido,1/08/2026,0060157 ZSHI 20260801,3221,"4114,4",3221,"496,5",28,Normal,Crítico,,,No,0,Normal,PUEDE SEGUIR OPERANDO ,,,4/08/2026 7:30:48 a. m.,jbenitez2,,,"46,06","9,81","137,81",,"0,15",,2,19,"0,61",,26,"10,12",20,17,14,"0,35","0,17","0,09","2,56","0,14",,,,,1/08/2026,2026,08,EX3600
0060157 ZSHI,60157,Análisis flúido,4/07/2026,0060157 ZSHI 20260704,"2724,5","3617,9","2724,5","495,9",26,Normal,Crítico,,,No,0,Advertencia,"Los predictores del codigo ISO de limpieza estan en rango de advertencia.  Asistente, abre una OT tipo TR P2 con las siguientes recomendaciones   1.  Cambie los desfogues del tanque hidráulico.  2. Cambie los filtros del sistema (By pass, flujo pleno, piloto, drenaje y alta eficiencia).",,Altos metales de desgaste,8/07/2026 2:49:13 p. m.,jbenitez2,,,"10,74","25,42","148,76",,0,,3,8,"4,08",,17,"7,83",20,18,15,"1,26","0,93",0,"10,5","1,39",,,,,4/07/2026,2026,07,EX3600
0060157 ZSHI,60157,Análisis flúido,8/06/2026,0060157 ZSHI 20260608,"2228,6",3122,"2228,6","432,7",28,Normal,Crítico,,,No,0,Normal,PUEDE SEGUIR OPERANDO ,,Ninguna falla identificada,11/06/2026 7:35:22 a. m.,jbenitez2,,,"45,02","24,75","305,95",,0,,2,13,"0,92",,21,"8,94",20,17,13,"0,5","1,07","0,11","5,37",0,,,,,8/06/2026,2026,06,EX3600
0060157 ZSHI,60157,Análisis flúido,11/05/2026,0060157 ZSHI 20260511,"1795,9","2689,3","1795,9","417,7",24,Normal,Crítico,,,No,0,Advertencia,"Los predictores del codigo ISO de limpieza estan en rango de advertencia.  Asistente, abre una OT tipo TR P2 con las siguientes recomendaciones y enventanarla el 18/5/2026    1.  Cambie los desfogues del tanque hidráulico.  2. Cambie los filtros del sistema (By pass, flujo pleno, piloto, drenaje y alta eficiencia).",,Alto conteo de partículas,15/05/2026 9:12:06 a. m.,jbenitez2,,,"33,8","13,26","132,38",,"0,12",,2,14,"0,47",,22,"9,31",24,21,17,"0,36","0,83","0,14","2,64","0,91",,,,,11/05/2026,2026,05,EX3600
0060157 ZSHI,60157,Análisis flúido,17/04/2026,0060157 ZSHI 20260417,"1378,2","2271,6","1378,2","1378,2",27,Normal,Crítico,,,No,0,Normal,"sin novedad, seguir monitoreando de cerca.",,Ninguna falla identificada,20/04/2026 11:47:34 a. m.,jbenitez2,,,"7,33","18,99","226,75",,"0,14",,,,"0,95",,,"7,6",18,16,13,"0,77","1,98","0,2","4,67","0,37",,,,,17/04/2026,2026,04,EX3600
0060157 ZSHI,60157,Análisis flúido,21/03/2026,0060157 ZSHI 20260321,"893,4","893,4",0,506,28,Normal,Crítico,,,No,0,Advertencia,"  Los predictores del codigo ISO de limpieza estan en rango de advertencia.  Asistente, abre una OT tipo TR P3 con las siguientes recomendaciones :  1.  Cambie los desfogues del tanque hidráulico.  2. Cambie los filtros del sistema (By pass, flujo pleno, piloto, drenaje y alta eficiencia).",,Alto conteo de partículas,30/03/2026 11:18:53 a. m.,jbenitez2,,,"8,58","48,1","249,36",,"0,07",,3,6,"0,73",,16,"7,58",20,19,15,"0,42","2,93",0,"5,39",0,,,,,21/03/2026,2026,03,EX3600
0060157 ZSHI,60157,Análisis flúido,21/02/2026,0060157 ZSHI 20260221,"387,4","387,4",0,,,Normal,Crítico,,,No,0,Normal,SE  TOMARA UNA CONTRAMUESTRA PARA VERIFICAR TENDENCIA ,,Ninguna falla identificada,30/03/2026 11:02:01 a. m.,jbenitez2,,,"7,47","47,3","294,62",,"0,4",,3,6,"0,92",,16,"7,6",19,17,13,"0,32","2,93","0,06","3,13",0,,,,,21/02/2026,2026,02,EX3600
0060119 ZSHI,60119,Análisis flúido,16/08/2026,0060119 ZSHI 20260816,"39791,23","39791,23","39791,23","488,9",27,Normal,Crítico,,,No,0,Normal,SEGUIR OPERANDO ,,,18/08/2026 10:36:34 a. m.,DMartinez,,"0,02","81,19","41,72","106,27","2,39","0,49",,2,22,"5,01","2,28",29,"9,98",19,17,13,"2,06","1,38","0,62","5,4",0,,,,,16/08/2026,2026,08,EX5500
0060119 ZSHI,60119,Análisis flúido,20/07/2026,0060119 ZSHI 20260720,"39302,33","39302,33","39302,33","256,4",13,Normal,Crítico,,,No,0,Advertencia,"NIviles de CODIGO ISO AUN DISMINUIDI EN 3 NIVELES POSTERIOR A LA FILTRACION PALL , SE TENDRA EN SEGUIMENTO ESTA CONDICION CON MUESTREO",,Alto conteo de partículas,23/07/2026 7:56:07 p. m.,DMartinez,,"0,07","78,79","4,02","107,05","0,5",0,,2,21,"0,95",0,28,"11,18",20,18,15,"0,47","0,01","0,01",0,0,,,,,20/07/2026,2026,07,EX5500
0060119 ZSHI,60119,Análisis flúido,7/07/2026,0060119 ZSHI 20260707,"39045,93","39045,93","39045,93","456,8",24,Normal,Crítico,,,No,0,Advertencia,"NIviles de CODIGO ISO AUN DISMINUIDI EN 3 NIVELES POSTERIOR A LA FILTRACION PALL , SE TENDRA EN SEGUIMENTO ESTA CONDICION CON MUESTREO",,Alto conteo de partículas,23/07/2026 7:56:07 p. m.,DMartinez,,"0,09","103,49","48,87","146,57","1,64",0,,,,"4,36","10,02",,"10,14",20,18,14,"2,09","2,13","0,65","4,81","0,38",,,,,7/07/2026,2026,07,EX5500
0060119 ZSHI,60119,Análisis flúido,13/06/2026,0060119 ZSHI 20260613,"38589,13","38589,13","38589,13","311,3",22,Normal,Crítico,,,No,0,Advertencia,"SEGUIR OPERANDO , MANTENER EN SEGUIMIENTO EL CODIGO ISO DEL SISTEMA HIDRUALICO",TOMAR MUESTRA,Suciedad,16/06/2026 10:59:46 a. m.,DMartinez,,"0,02","113,77","44,53","95,88","2,01","0,03",,2,21,"2,37","2,14",27,"10,92",20,19,15,"1,36","2,44","0,55","3,17","0,07",,,,,13/06/2026,2026,06,EX5500
0060119 ZSHI,60119,Análisis flúido,22/05/2026,0060119 ZSHI 20260522,"38277,83","38277,83","38277,83","103,5",5,Normal,Crítico,,,No,0,Advertencia,"SEGUIR OPERANDO , MANTENER EN SEGUIMIENTO EL CODIGO ISO DEL SISTEMA HIDRUALICO",TOMAR MUESTRA,Suciedad,16/06/2026 10:59:46 a. m.,DMartinez,,"0,06","116,14","46,9","123,87","2,15","0,09",,2,21,"1,46","2,46",27,"10,6",23,21,18,"0,84","1,59","0,22","2,36","0,17",,,,,22/05/2026,2026,05,EX5500
0060119 ZSHI,60119,Análisis flúido,17/05/2026,0060119 ZSHI 20260517,"38174,33","38174,33","38174,33","23,6",3,Normal,Crítico,,,No,0,Advertencia,"SEGUIR OPERANDO , MANTENER EN SEGUIMIENTO EL CODIGO ISO DEL SISTEMA HIDRUALICO",TOMAR MUESTRA,Suciedad,16/06/2026 10:59:46 a. m.,DMartinez,,"0,04","126,04","40,11","108,43","1,23",0,,2,21,"0,93","1,9",28,"11,08",21,18,14,"0,36","0,72","0,1","1,54","0,62",,,,,17/05/2026,2026,05,EX5500
0060120 ZSHI,60120,Análisis flúido,4/08/2026,0060120 ZSHI 20260804,"18238,14","18238,14","18238,14","254,8",13,Normal,Crítico,,,No,0,Crítico,CAMBIO DE ACEITE HIDRAULICO PALA HITACHI EX5500/EX5600-----POR CONDICION ICOR01711265,,,10/08/2026 1:31:44 p. m.,DMartinez,,"0,07","69,19","21,86","119,2","2,85","1,99",,2,22,"12,38","2,68",28,"10,04",21,17,13,"5,79","1,46","0,34","7,7",0,"0,1","0,07",0,"0,08",4/08/2026,2026,08,EX5500
0060120 ZSHI,60120,Análisis flúido,22/07/2026,0060120 ZSHI 20260722,"17983,34","17983,34","17983,34","215,8",12,Normal,Crítico,,,No,0,Crítico,CAMBIO DE ACEITE HIDRAULICO PALA HITACHI EX5500/EX5600-----POR CONDICION ICOR01711265,,Suciedad,24/07/2026 5:46:44 p. m.,DMartinez,,"0,03","94,57","46,51","79,05","1,07","1,64",,2,22,"15,37","1,55",28,"10,1",22,21,19,"5,29","1,6","0,29","9,56","0,65","0,1","0,15",0,"0,26",22/07/2026,2026,07,EX5500
0060120 ZSHI,60120,Análisis flúido,10/07/2026,0060120 ZSHI 20260710,"17767,54","17767,54","17767,54","290,1",17,Normal,Crítico,,,No,0,Crítico,CAMBIO DE ACEITE HIDRAULICO PALA HITACHI EX5500/EX5600-----POR CONDICION  ICOR01711265-202607,,Alto conteo de partículas,15/07/2026 2:27:16 p. m.,DMartinez,,"0,11","71,47","11,86","121,03","1,64",0,,,,"10,94","1,36",,"10,16",22,19,13,"5,85","1,9","0,33","6,4",0,"0,11",0,0,"0,03",10/07/2026,2026,07,EX5500
0060120 ZSHI,60120,Análisis flúido,23/06/2026,0060120 ZSHI 20260623,"17477,44","17477,44","17477,44","74,2",5,Normal,Crítico,,,No,0,Crítico,CAMBIO DE ACEITE HIDRAULICO PALA HITACHI EX5500/EX5600-----POR CONDICION  ICOR01711265-202607,,Alto conteo de partículas,15/07/2026 2:27:16 p. m.,DMartinez,,"0,06","54,4","5,56","63,88","1,42","0,71",,2,21,"3,91","1,36",28,"10,35",22,20,14,"2,8","1,19","0,17","4,17",0,"0,03","0,03","0,73",0,23/06/2026,2026,06,EX5500
0060120 ZSHI,60120,Análisis flúido,18/06/2026,0060120 ZSHI 20260618,"17403,24","17403,24","17403,24",219,18,Normal,Crítico,,,No,0,Crítico,CAMBIO DE ACEITE HIDRAULICO PALA HITACHI EX5500/EX5600-----POR CONDICION  ICOR01711265-202607,,Alto conteo de partículas,15/07/2026 2:27:16 p. m.,DMartinez,,0,"62,4","1,71","112,5","0,44","0,83",,,,0,"0,04",,"11,01",21,20,15,"0,06",0,0,"0,07",0,0,0,"0,21",0,18/06/2026,2026,06,EX5500
0060120 ZSHI,60120,Análisis flúido,31/05/2026,0060120 ZSHI 20260531,"17184,24","17184,24","17184,24","70,3",4,Normal,Crítico,,,No,0,Normal,"ACEITE FUE CANABIADO EN EL EVENTO DE  FALLA DEL CILINDRO DE NIVLEACION POR FUGA INTERNA , SE TENDRA EN SEGUIMIENTO LA SALUD DEL SISTEMA HIDRUALICO ",,Ninguna falla identificada,16/06/2026 10:46:56 a. m.,DMartinez,,"0,08","47,64","22,85","123,24","1,61","1,93",,2,22,"8,81","2,96",28,"10,28",21,19,13,"5,16","1,67","0,36","8,98","0,92","0,06","0,03","0,3",0,31/05/2026,2026,05,EX5500
0060120 ZSHI,60120,Análisis flúido,27/05/2026,0060120 ZSHI 20260527,"17113,94","17113,94","17113,94","136,9",7,Normal,Crítico,,,No,0,Normal,SEGUIR OPERANDO ,,Ninguna falla identificada,16/06/2026 10:45:51 a. m.,DMartinez,,"0,04","64,39","5,46","85,11","0,46",0,,2,21,"0,07","1,88",28,"11,02",21,19,15,0,"0,22","0,06","0,17",0,"0,04","0,18","0,15","0,1",27/05/2026,2026,05,EX5500
0060120 ZSHI,60120,Análisis flúido,20/05/2026,0060120 ZSHI 20260520,"16977,04","16977,04","16977,04","104,3",7,Normal,Crítico,,,No,0,Normal,SEGUIR OPERANDO ,,Ninguna falla identificada,16/06/2026 10:45:51 a. m.,DMartinez,,"0,1","78,03","22,48","118,51","2,33","0,83",,2,21,"7,6","3,24",28,"10,05",21,19,16,"4,93","1,46","0,45","6,98",0,"0,13","0,15",0,"0,01",20/05/2026,2026,05,EX5500
0060120 ZSHI,60120,Análisis flúido,13/05/2026,0060120 ZSHI 20260513,"16872,74","16872,74","16872,74","428,2",25,Normal,Crítico,,,No,0,Normal,SEGUIR OPERANDO ,,Ninguna falla identificada,16/06/2026 10:45:51 a. m.,DMartinez,,"0,06","81,95","22,9","101,77","1,02","1,23",,2,22,"6,41","1,71",28,"10,3",20,17,13,"3,83","1,55","0,33","6,85","0,43","0,15",0,"0,09",0,13/05/2026,2026,05,EX5500
0060120 ZSHI,60120,Análisis flúido,18/04/2026,0060120 ZSHI 20260418,"16444,54","16444,54","16444,54","18,4",2,Normal,Crítico,,,No,0,Normal,"Aceite Hidraulico fue cambiado el 15 de abril , condicion se mantendra en seguimiento con AA, para validar tendencia posterior al cambio de aceite hidraulico ",,Ninguna falla identificada,24/04/2026 6:31:53 p. m.,DMartinez,,"0,17","72,8","22,47","116,05","1,16",0,,2,21,"4,8","8,63",28,"10,6",19,16,13,"2,39","1,73","0,14","5,34","0,02","0,02","0,21",0,0,18/04/2026,2026,04,EX5500
0060120 ZSHI,60120,Análisis flúido,16/04/2026,0060120 ZSHI 20260416,"16426,14","16426,14","16426,14","424,7",26,Normal,Crítico,,,No,0,Crítico,"Aceite Hidraulico fue cambiado el 15 de abril , condicion se mantendra en seguimiento con AA, para validar tendencia posterior al cambio de aceite hidraulico ",,Suciedad,24/04/2026 6:35:51 p. m.,DMartinez,,"0,17","80,72","69,38","132,62","1,94","3,25",,2,21,"10,4","1,1",28,10,22,19,12,"6,67","3,58","0,49","14,47","0,61","0,02",0,0,0,16/04/2026,2026,04,EX5500
0060120 ZSHI,60120,Análisis flúido,21/03/2026,0060120 ZSHI 20260321,"16001,44","16001,44","16001,44","209,5",11,Normal,Crítico,,,No,0,Crítico,CAMBIO DE ACEITE HIDRAULICO PALA HITACHI EX5500/EX5600---POR CONDICION CRITICA DE CONTAMINACION  ICOR01630295,,Altos metales de desgaste,26/03/2026 10:13:27 a. m.,DMartinez,,0,"62,38","40,74","94,29","2,27","3,28",,2,22,"9,38","4,4",28,"9,7",20,17,12,"5,78","3,21","0,55","13,75","1,39","0,11","0,13","0,39","0,33",21/03/2026,2026,03,EX5500
0060120 ZSHI,60120,Análisis flúido,10/03/2026,0060120 ZSHI 20260310,"15791,94","15791,94","15791,94","332,9",19,Normal,Crítico,,,No,0,Crítico,CAMBIO DE ACEITE HIDRAULICO PALA HITACHI EX5500/EX5600---POR CONDICION CRITICA DE CONTAMINACION  ICOR01630295 ,,Alto conteo de partículas,26/03/2026 10:15:25 a. m.,DMartinez,,"0,03","75,73","46,91","145,56","1,85","4,4",,3,22,"14,63","1,42",28,"10,1",25,23,9,"6,85","3,76","0,54","19,62",0,"0,1","0,14","1,02","0,11",10/03/2026,2026,03,EX5500
0060120 ZSHI,60120,Análisis flúido,19/02/2026,0060120 ZSHI 20260219,"15459,04","15459,04","15459,04","241,7",12,Normal,Crítico,,,No,0,Crítico,CAMBIO DE ACEITE HIDRAULICO PALA HITACHI EX5500/EX5600---POR CONDICION CRITICA DE CONTAMINACION 01630295,,Altos metales de desgaste,23/02/2026 10:12:58 a. m.,DMartinez,,"0,05","72,83","68,51","124,71","1,46","3,67",,2,21,"10,26","1,22",28,"9,7",22,21,17,"5,66","3,36","0,51","14,71",0,"0,08",0,"0,4","0,12",19/02/2026,2026,02,EX5500
0060120 ZSHI,60120,Análisis flúido,7/02/2026,0060120 ZSHI 20260207,"15217,34","15217,34","15217,34","420,8",25,Normal,Crítico,,,No,0,Advertencia,REALIZAR CAMBIO DE FILTRACCION DE FLUJO PLENO DE HITACHI A PALL 01616475,,Suciedad,13/02/2026 1:32:14 p. m.,DMartinez,,"0,38","60,87","42,49","125,99","1,85","4,37",,2,21,"10,75","1,03",28,,22,20,15,"5,09","3,35","0,29","15,26",0,"0,06","0,02","0,47","0,21",7/02/2026,2026,02,EX5500
0060120 ZSHI,60120,Análisis flúido,13/01/2026,0060120 ZSHI 20260113,"14796,54","14796,54","14796,54","478,8",28,Normal,Crítico,,,No,0,Advertencia,REALIZAR CAMBIO DE FILTRACCION DE FLUJO PLENO DE HITACHI A PALL 01616475,,Alto conteo de partículas,28/01/2026 10:34:26 a. m.,DMartinez,,"0,03","53,28","3,01","107,47","0,99","0,18",,2,21,"0,84","0,19",27,,21,20,17,"0,26","0,01",0,"0,16","0,55","0,03","0,07","0,57","0,05",13/01/2026,2026,01,EX5500
0060120 ZSHI,60120,Análisis flúido,16/12/2025,0060120 ZSHI 20251216,"14317,74","14317,74","14317,74",272,15,Normal,Crítico,,,No,0,Normal,SEGUIR OPERANDO ,,Ninguna falla identificada,18/12/2025 3:30:34 p. m.,DMartinez,,"0,03","68,84","31,95","100,61","1,91","2,62",,2,21,"4,58","2,88",28,"9,9",22,19,12,"2,8","2,56","0,3","8,98","0,49","0,04",0,"0,4","0,13",16/12/2025,2025,12,EX5500
0060120 ZSHI,60120,Análisis flúido,1/12/2025,0060120 ZSHI 20251201,"14045,74","14045,74","14045,74","37,7",3,Normal,Crítico,,,No,0,Advertencia,"INCREMENTO DEL CODIGO ISO EN LA MUESTRA DE ACEITE HIDRUALICO , LAS ACCIONES DE MONITOREO CON EL FIN DE BJAR LOS NIVELES DE PARTICULADO NO HAN SIDO EXITOSAS ,SE ESPERA LA LLEGADA DE LOS FILTROS PALL PARA INSTALAR Y REALIZAR PRUEBAS , SE TENDRA EN SEGUIMIENTO LA SALUD DEL SISTEMA HIDRAULICO , AUN NO SE EVIDENCIA PARTICULADO METALICO O CONTAMINACION",,Alto conteo de partículas,28/01/2026 10:36:39 a. m.,DMartinez,,"0,29","57,33","20,51","91,09","1,55","1,22",,2,21,"3,52","3,02",27,"10,4",24,22,20,"2,31","2,28","0,27","6,17","0,1","0,1",0,0,"0,16",1/12/2025,2025,12,EX5500
0060120 ZSHI,60120,Análisis flúido,28/11/2025,0060120 ZSHI 20251128,"14008,04","14008,04","14008,04","329,1",18,Normal,Crítico,,,No,0,Advertencia,"INCREMENTO DEL CODIGO ISO EN LA MUESTRA DE ACEITE HIDRUALICO , LAS ACCIONES DE MONITOREO CON EL FIN DE BJAR LOS NIVELES DE PARTICULADO NO HAN SIDO EXITOSAS ,SE ESPERA LA LLEGADA DE LOS FILTROS PALL PARA INSTALAR Y REALIZAR PRUEBAS , SE TENDRA EN SEGUIMIENTO LA SALUD DEL SISTEMA HIDRAULICO , AUN NO SE EVIDENCIA PARTICULADO METALICO O CONTAMINACION",,Alto conteo de partículas,28/01/2026 10:36:39 a. m.,DMartinez,,0,"55,29","6,95","28,43","0,91",0,,2,21,"2,08","2,68",28,"10,225",23,20,15,"1,46","1,9","0,09","4,1","1,42","0,12",0,"0,04","0,15",28/11/2025,2025,11,EX5500
0060120 ZSHI,60120,Análisis flúido,10/11/2025,0060120 ZSHI 20251110,"13678,94","13678,94","13678,94","97,2",5,Normal,Crítico,,,No,0,Normal,"SEGUIR OPERANDO , MANTENER EL SEGUIMIENTO DEL CODIGO ISO ",,Ninguna falla identificada,26/12/2025 1:42:18 p. m.,DMartinez,,"0,29","78,9","33,4","128,36","1,24",0,,2,21,"3,31","4,25",28,"10,197",19,16,9,"2,61","2,46",0,"5,91","3,43","0,17","0,27","2,17","0,58",10/11/2025,2025,11,EX5500
0060120 ZSHI,60120,Análisis flúido,5/11/2025,0060120 ZSHI 20251105,"13581,74","13581,74","13581,74","316,9",21,Normal,Crítico,,,No,0,Advertencia,"INCREMENTO DEL CODIGO ISO EN LA MUESTRA DE ACEITE HIDRUALICO , LAS ACCIONES DE MONITOREO CON EL FIN DE BJAR LOS NIVELES DE PARTICULADO NO HAN SIDO EXITOSAS ,SE ESPERA LA LLEGADA DE LOS FILTROS PALL PARA INSTALAR Y REALIZAR PRUEBAS , SE TENDRA EN SEGUIMIENTO LA SALUD DEL SISTEMA HIDRAULICO , AUN NO SE EVIDENCIA PARTICULADO METALICO O CONTAMINACION",,Alto conteo de partículas,28/01/2026 10:36:39 a. m.,DMartinez,,"0,28","81,35","28,88","124,31","0,82",0,,2,21,"3,9","8,74",28,"10,4",24,22,17,"2,19","2,01","0,24","10,93","1,89","0,04","0,27","1,73","0,27",5/11/2025,2025,11,EX5500
0060120 ZSHI,60120,Análisis flúido,15/10/2025,0060120 ZSHI 20251015,"13264,84","13264,84","13264,84","205,6",27,Normal,Crítico,,,No,0,Normal,SEGUIR OPERANDO. ACEITE FUE CAMBIADO EN LA PARADA ANUAL ,,Ninguna falla identificada,21/10/2025 3:52:10 p. m.,DMartinez,,0,"71,88","23,87","109,49","1,65",0,,2,21,"4,88","1,01",28,"10,502",20,17,12,"2,43","2,06","0,36","5,19",0,"0,24","0,02","0,3","0,18",15/10/2025,2025,10,EX5500
0060120 ZSHI,60120,Análisis flúido,18/09/2025,0060120 ZSHI 20250918,"13059,24","13059,24","13059,24",56,6,Normal,Crítico,,,No,0,Advertencia,EQUIPO PROXIMO A INGRESAR A PARADA ANUAL EN DONDE SE REALIZARA EL CAMBIO DE ACEITE ,,Suciedad,21/10/2025 3:55:07 p. m.,DMartinez,,0,"81,17","38,1","122,7","1,9","3,72",,3,22,"12,77","1,24",28,"9,79",22,19,14,"5,82","2,71","0,86","13,79",0,0,0,0,0,18/09/2025,2025,09,EX5500
0060120 ZSHI,60120,Análisis flúido,12/09/2025,0060120 ZSHI 20250912,"13003,24","13003,24","13003,24","95,8",6,Normal,Crítico,,,No,0,Advertencia,EQUIPO PROXIMO A INGRESAR A PARADA ANUAL EN DONDE SE REALIZARA EL CAMBIO DE ACEITE ,,Suciedad,21/10/2025 3:55:07 p. m.,DMartinez,,0,"85,94","62,83","124,92","2,55","2,83",,3,21,"11,38","4,93",28,"9,7",24,22,18,"6,98","2,24","0,73","16,52","0,66","0,04",0,0,"0,15",12/09/2025,2025,09,EX5500
0060120 ZSHI,60120,Análisis flúido,6/09/2025,0060120 ZSHI 20250906,"12907,44","12907,44","12907,44","226,1",12,Normal,Crítico,,,No,0,Advertencia,EQUIPO PROXIMO A INGRESAR A PARADA ANUAL EN DONDE SE REALIZARA EL CAMBIO DE ACEITE ,,Suciedad,21/10/2025 3:55:07 p. m.,DMartinez,,"0,04","76,31","45,74","143,49","4,49","3,64",,3,21,"11,27","1,1",28,"10,4",21,18,12,"6,48","2,17","0,83","13,38","0,28","0,1",0,0,0,6/09/2025,2025,09,EX5500
0060120 ZSHI,60120,Análisis flúido,25/08/2025,0060120 ZSHI 20250825,"12681,34","12681,34","12681,34","453,2",27,Normal,Crítico,,,No,0,Normal,"ENTRADA DE TIERRA DISMINUYO SIGNIFICATIVAMENTE ,MANTENER EN MONITOREO DE CONDIICONES ",,Ninguna falla identificada,2/09/2025 4:20:07 p. m.,DMartinez,,"0,02","62,18","2,69","85,47","0,36","0,2",,2,21,"0,27",0,28,"10,983",21,20,19,0,0,"0,01",0,"0,14","0,07",0,"0,29",0,25/08/2025,2025,08,EX5500
0060120 ZSHI,60120,Análisis flúido,29/07/2025,0060120 ZSHI 20250729,"12228,14","12228,14","12228,14","425,7",22,Normal,Crítico,,,No,0,Crítico,EVALUAR ENTRADA DE TIERRA AL SITEMA HIDRALICO + CAMBIO DE FILTRACCION DE RETORNO+RESPIRADERO 01516210,"ULTIMA MUESTRA CON INCRMENTO EN PREDEICTOR DE SILICO , ACCIONES DE VALIDACION.    1.INEPECCIONE SI LOS CILINDROS PRINCIPALES SE ENCUENTRA FUGANDA ACEITE   2.INSPECCIONE SI EL RESPIRADERO DEL TANQUE SE ENCUENTRA CON CONDICION DE SATURACION DE ACEITE   3. INPECCIONE LOS FILTROS DE RETORNO  POR CONTAMINACION O METALES EN EL ACEITE  DEL TANQUE HIDRUALICO POR AUMENTO EN METALES",Suciedad,6/08/2025 4:04:53 p. m.,DMartinez,,"0,08","63,15","31,07","107,52","1,93","3,29",,2,20,"6,8","1,87",26,"9,92",21,18,14,"3,91","1,65","0,54","9,66","0,45","0,04",0,"0,09","0,14",29/07/2025,2025,07,EX5500
0060120 ZSHI,60120,Análisis flúido,7/07/2025,0060120 ZSHI 20250707,"11802,44","11802,44","11802,44","289,6",17,Normal,Crítico,,,No,0,Normal,SEGUIR OPERANDO BAJO SEGUIMEINTO POR ENTRADA DE TIERRA ,TOMAR MUESTRA DE SEGUIMIENTO ,Ninguna falla identificada,17/07/2025 1:47:01 p. m.,DMartinez,,0,"91,65","24,13","156,07","1,39","3,15",,2,21,"7,23","1,22",27,"10,001",21,19,14,"2,62","1,56","0,86","7,01",0,0,0,0,0,7/07/2025,2025,07,EX5500
0060120 ZSHI,60120,Análisis flúido,20/06/2025,0060120 ZSHI 20250620,"11512,84","11512,84","11512,84","283,4",20,Normal,Crítico,,,No,0,Normal,SEGUIR OPERANDO BAJO SEGUIMEINTO POR ENTRADA DE TIERRA ,TOMAR MUESTRA DE SEGUIMIENTO ,Ninguna falla identificada,17/07/2025 1:47:01 p. m.,DMartinez,,0,"75,69","14,48","82,92","2,42","1,83",,2,21,"4,99","3,54",27,"10,1",22,18,14,"2,24","0,84","0,15","4,22","0,66","0,05",0,0,"0,09",20/06/2025,2025,06,EX5500
0060120 ZSHI,60120,Análisis flúido,31/05/2025,0060120 ZSHI 20250531,"11229,44","11229,44","11229,44","281,5",16,Normal,Crítico,,,No,0,Crítico,01466236 CAMBIO DE ACEITE HIDRAULICO PALA HITACHI EX5500/EX5600-- POR CONDICION,,Suciedad,3/06/2025 11:38:59 a. m.,DMartinez,,"0,01","56,41","6,46","103,14","1,11","0,15",,2,21,"1,59",0,28,"10,953",28,21,17,"0,6","0,07",0,"0,65",0,"0,05","0,06",0,"0,07",31/05/2025,2025,05,EX5500
0060120 ZSHI,60120,Análisis flúido,15/05/2025,0060120 ZSHI 20250515,"10947,94","10947,94","10947,94","270,2",18,Normal,Crítico,,,No,0,Advertencia,01466236 CAMBIO DE ACEITE HIDRAULICO PALA HITACHI EX5500/EX5600-- POR CONDICION,,Alto conteo de partículas,20/05/2025 10:03:33 a. m.,DMartinez,,"0,12","48,48","18,68","89,81","1,57","4,1",,2,21,"7,16","1,09",27,"9,8",21,18,12,"3,58","1,48","0,44","10,49","0,05",0,0,"0,5",0,15/05/2025,2025,05,EX5500
0060120 ZSHI,60120,Análisis flúido,27/04/2025,0060120 ZSHI 20250427,"10677,74","10677,74","10677,74",189,12,Normal,Crítico,,,No,0,Advertencia,01466236 CAMBIO DE ACEITE HIDRAULICO PALA HITACHI EX5500/EX5600-- POR CONDICION,,Deterioro de la condición del fluido,13/05/2025 5:05:55 p. m.,DMartinez,,"0,03","71,06","29,93","108,04","1,93","4,31",,2,21,"10,67","1,43",28,,25,23,18,"3,99","1,71","0,36","16,28","1,34","0,09",0,"0,02","0,29",27/04/2025,2025,04,EX5500
0060120 ZSHI,60120,Análisis flúido,15/04/2025,0060120 ZSHI 20250415,"10488,74","10488,74","10488,74","483,92",28,Normal,Crítico,,,No,0,Normal,"SEGUIR OPERANDO , TENER EN SEGUIMIENTO NIVELES DE CODIGO ISO ",,Ninguna falla identificada,23/04/2025 5:47:27 p. m.,DMartinez,,"0,19","67,36","3,39","42,55","1,53","0,79",,2,21,"1,38","0,13",28,"11,079",22,21,18,"0,38","0,07",0,"0,26",0,"0,11",0,0,0,15/04/2025,2025,04,EX5500
0060120 ZSHI,60120,Análisis flúido,18/03/2025,0060120 ZSHI 20250318,"10004,82","10004,82","10004,82","424,6",26,Normal,Crítico,,,No,0,Normal,"SEGUIR OPERANDO , CONDICIONES DENTRO DE RANGO ","SEGUIR OPERANDO , CONDICIONES DENTRO DE RANGO ",Ninguna falla identificada,25/03/2025 7:35:49 a. m.,DMartinez,,"0,06","75,45","1,13","103,86","0,41",0,,2,21,"0,51",0,28,"11,056",21,20,17,"0,41",0,"0,11",0,"0,21","0,09","0,12",0,"0,24",18/03/2025,2025,03,EX5500
0060120 ZSHI,60120,Análisis flúido,20/02/2025,0060120 ZSHI 20250220,"9580,22","9580,22","9580,22","135,3",9,Normal,Crítico,,,No,0,Crítico,EVALUAR ENTRADA DE TIERRA AL SITEMA HIDRALICO + CAMBIO DE FILTRACCION DE RETORNO+RESPIRADERO 01426269,"ULTIMA MUESTRA CON INCRMENTO EN PREDEICTOR DE SILICO , ACCIONES DE VALIDACION.    1.INEPECCIONE SI LOS CILINDROS PRINCIPALES SE ENCUENTRA FUGANDA ACEITE   2.INSPECCIONE SI EL RESPIRADERO DEL TANQUE SE ENCUENTRA CON CONDICION DE SATURACION DE ACEITE   3. INPECCIONE LOS FILTROS DE RETORNO  POR CONTAMINACION O METALES EN EL ACEITE  DEL TANQUE HIDRUALICO POR AUMENTO EN METALES ",Entrada de polvo,5/03/2025 4:09:46 p. m.,DMartinez,,"0,13","81,07","36,78","129,98","2,47","2,62",,2,21,"15,2","2,11",27,"9,9",23,20,14,"7,14","2,14","0,31","14,36","0,69","0,1","0,3","0,23","0,02",20/02/2025,2025,02,EX5500
0060120 ZSHI,60120,Análisis flúido,11/02/2025,0060120 ZSHI 20250211,"9444,92","9444,92","9444,92","583,6",37,Normal,Crítico,,,No,0,Crítico,EVALUAR ENTRADA DE TIERRA AL SITEMA HIDRALICO + CAMBIO DE FILTRACCION DE RETORNO+RESPIRADERO 01426269,,Entrada de polvo,5/03/2025 4:10:22 p. m.,DMartinez,,"0,24","86,06","30,44","127,5","3,18","2,37",,2,21,"15,66","2,05",27,"9,7",23,19,12,"7,62",2,"0,45","13,05",0,"0,12",0,0,0,11/02/2025,2025,02,EX5500
0060120 ZSHI,60120,Análisis flúido,5/01/2025,0060120 ZSHI 20250105,"8861,32","8861,32","8861,32","165,2",13,Normal,Crítico,,,No,0,Normal,SEGUIR OPERANDO ,,Ninguna falla identificada,11/01/2025 10:18:42 a. m.,DMartinez,,"0,18","76,64","24,67","86,27","1,89","1,74",,2,21,"9,33","1,19",27,,23,20,12,"5,5","1,61","0,34","7,2","0,44","0,11","0,01","0,02","0,17",5/01/2025,2025,01,EX5500
0060120 ZSHI,60120,Análisis flúido,23/12/2024,0060120 ZSHI 20241223,"8696,12","8696,12","8696,12","771,1",62,Normal,Crítico,,,No,0,Advertencia,CAMBIO DE ACEITE HIDRAULICO PALA HITACHI EX5500/EX5600--MAQUINA OPERANDO CON ISO 46 0138151,,Entrada de polvo,7/01/2025 10:09:41 a. m.,DMartinez,,"0,08","77,78","42,04","119,86","1,76","2,95",,2,21,"8,38","1,23",27,"9,86",23,21,17,"3,7","0,75","0,18","5,94","0,8","0,07",0,0,"0,06",23/12/2024,2024,12,EX5500
0060120 ZSHI,60120,Análisis flúido,22/10/2024,0060120 ZSHI 20241022,"7925,02","7925,02","7925,02","141,1",13,Normal,Crítico,,,No,0,Advertencia,"Los conteos de partículas son ligeramente elevados, sin embargo mínimos. Teniendo en cuenta que todos los otros predictores permanecen dentro de los límites aceptables, continúe monitoreando de cerca.  Particle counts are slightly elevated, However minimal. Considering all other predictors remain within acceptable limits, continue to monitor closely.  ",,Alto conteo de partículas,26/10/2024 9:48:15 p. m.,sysadmin,,"0,23","77,57","26,4","122,67","2,5","0,72",,2,20,"9,82","1,4",26,"9,52",21,18,11,"5,77","1,12","0,33","7,03","0,04","0,1",0,0,"0,02",22/10/2024,2024,10,EX5500
0060120 ZSHI,60120,Análisis flúido,9/10/2024,0060120 ZSHI 20241009,"7783,92","7783,92","7783,92","442,1",37,Normal,Crítico,,,No,0,Advertencia,01350720 CAMBIO DE ACEITE HIDRUALICO POR CONDICION ,,Deterioro de la condición del fluido,6/11/2024 12:34:32 p. m.,DMartinez,,"0,24","96,99","59,24","173,36","3,08",0,,3,19,"18,59","1,88",26,"9,38",25,23,18,"7,47","1,35","0,13","12,82","0,12","0,12","0,5","0,8",0,9/10/2024,2024,10,EX5500
0060120 ZSHI,60120,Análisis flúido,2/09/2024,0060120 ZSHI 20240902,"7341,82","7341,82","7341,82","613,8",42,Normal,Crítico,,,No,0,Normal,Seguir Operando,,Ninguna falla identificada,11/09/2024 9:53:08 p. m.,DMartinez,,"0,36","79,24","33,04","158,92","2,79","1,65",,2,19,"9,58","1,93",26,,21,18,12,"4,74","1,07","0,24","6,65",0,"0,02","0,12",0,0,2/09/2024,2024,09,EX5500
0060120 ZSHI,60120,Análisis flúido,22/07/2024,0060120 ZSHI 20240722,"6728,02","6728,02","6728,02","412,5",28,Normal,Crítico,,,No,0,Normal,Seguir Operando ,,Ninguna falla identificada,24/07/2024 9:44:02 a. m.,DMartinez,,0,"75,4","12,55","101,17","0,92",0,,2,20,"2,61","0,6",27,"10,716",20,19,16,"1,56","0,18","0,09","1,15",0,"0,1",0,0,"0,18",22/07/2024,2024,07,EX5500
0060120 ZSHI,60120,Análisis flúido,24/06/2024,0060120 ZSHI 20240624,"6315,52","6315,52","6315,52",1126,68,Normal,Crítico,,,No,0,Normal,Aceite fue cambiado en el ultimo Pm con al Ot 01184560,Tomar muestra de aceite hidraulico ,Deterioro de la condición del fluido,19/07/2024 6:37:22 p. m.,DMartinez,,"0,1","72,95",27,"139,83","1,42",0,,2,19,4,"0,64",26,,22,17,11,"2,09","0,25","0,15","2,27",0,"0,07",0,0,0,24/06/2024,2024,06,EX5500
0060120 ZSHI,60120,Análisis flúido,17/04/2024,0060120 ZSHI 20240417,"5189,52","5189,52","5189,52","212,3",12,Normal,Crítico,,,No,0,Crítico,CONDICION SE ESTA TRABAJANDO CON LA OT     Cambio de Aceite Hidrualico Por incrmento en codigo ISO  01184560    EVALUAR INCREMENTO EN CODIGO ISO DEL ACEITE HIDRAULICO+CAMBIO DE FILTRACION DE RETORNO.01242724,,Entrada de polvo,15/05/2024 8:37:52 a. m.,DMartinez,,"0,13","66,14","43,9","209,74","5,65",0,,3,16,"10,5","1,32",23,8,20,18,14,"6,59","1,09","0,42","6,88",0,"0,08",0,"0,42","0,15",17/04/2024,2024,04,EX5500
0060120 ZSHI,60120,Análisis flúido,5/04/2024,0060120 ZSHI 20240405,"4977,22","4977,22","4977,22","277,4",17,Normal,Crítico,,,No,0,Crítico,Cambio de Aceite Hidrualico Por incrmento en codigo ISO  01184560    EVALUAR INCREMENTO EN CODIGO ISO DEL ACEITE HIDRAULICO+CAMBIO DE FILTRACION DE RETORNO.01242724,,Entrada de polvo,15/05/2024 8:36:29 a. m.,DMartinez,,"0,12","62,99","63,34","134,51","6,91","2,05",,3,15,"11,8","1,06",23,"7,45",21,19,14,"8,01","1,26","0,21","9,87","1,33","0,02",0,0,"0,13",5/04/2024,2024,04,EX5500
0060120 ZSHI,60120,Análisis flúido,19/03/2024,0060120 ZSHI 20240319,"4699,82","4699,82","4699,82","470,92",26,Normal,Advertencia,,,No,0,Normal,Niveles de codigo ISO dentro de rango,Realizar muestra de seguimiento posterior a cambio de filtración y cilindro de nivelación,Ninguna falla identificada,1/04/2024 5:31:36 p. m.,HFragoso,,"0,2","50,63","49,26","151,48","6,7","1,46",,3,16,"7,8","1,23",23,"7,55",17,16,7,"5,24","0,95","0,01","6,4","0,51","0,05",0,"0,1","0,04",19/03/2024,2024,03,EX5500
0060120 ZSHI,60120,Análisis flúido,22/02/2024,0060120 ZSHI 20240222,"4228,9","4228,9","4228,9","642,2",38,Normal,Crítico,,,No,0,Advertencia,01184560 Cambio de Aceite Hidrualico Por incrmento en codigo ISO,"Ultima  muestra evidencia incremento en codigo ISO del analisis de aceite correlacionado con un incremento en particulado de silicio , Actualmente el equipo presenta una condicion de fuga  externa por sellos barredor en el cilindro de  nivelacion , componente se tiene para cmabio en el mes de marzo ,adicional de intervencion del componente se recomienda cambiar aceite del sistema ",Entrada de polvo,6/03/2024 2:42:14 p. m.,DMartinez,,"0,08","64,86","42,02","213,05","5,66",0,,3,16,"8,51","1,5",23,"7,4",20,18,14,"3,86","1,32","0,23","5,17",0,"0,06",0,0,0,22/02/2024,2024,02,EX5500
0060120 ZSHI,60120,Análisis flúido,15/01/2024,0060120 ZSHI 20240115,"3586,7","3586,7","3586,7","362,4",18,Normal,Crítico,,,No,0,Normal,"Seguir Operando , bajo monitoreo","Seguir Operando , bajo monitoreo",Ninguna falla identificada,22/01/2024 8:36:05 a. m.,DMartinez,,"0,11","52,13","26,62","128,73","4,9","0,68",,2,15,"3,41","2,55",23,"7,9",18,17,14,"2,42","1,14",0,"2,44","0,48","0,04","0,01",0,0,15/01/2024,2024,01,EX5500
0060120 ZSHI,60120,Análisis flúido,28/12/2023,0060120 ZSHI 20231228,"3224,3","3224,3","3224,3",0,3,Normal,Crítico,,,No,0,Normal,Existe muestra mas reciente para ser proccesada,Existe muestra mas reciente para ser proccesada,Ninguna falla identificada,26/07/2024 9:24:28 a. m.,DMartinez,,"0,08","61,05","53,27","210,03",6,0,,2,15,"8,13","1,23",23,"8,7",26,24,20,"2,13","1,56","0,04","8,36",0,"0,03",0,0,0,28/12/2023,2023,12,EX5500
0060120 ZSHI,60120,Análisis flúido,25/12/2023,0060120 ZSHI 20231225,"3224,3","3224,3","3224,3","144,5",7,Normal,Crítico,,,No,0,Advertencia,"Los conteos de partículas son ligeramente elevados, sin embargo mínimos. Teniendo en cuenta que todos los otros predictores permanecen dentro de los límites aceptables, continúe monitoreando de cerca.  Particle counts are slightly elevated, However minimal. Considering all other predictors remain within acceptable limits, continue to monitor closely.  ",,Alto conteo de partículas,28/12/2023 1:09:12 p. m.,sysadmin,,"0,1","66,18","37,51","199,11","6,26",0,,2,15,"4,58","1,04",22,"9,23",20,18,14,"1,49","1,71",0,"3,03","0,1","0,08","0,07",0,0,25/12/2023,2023,12,EX5500
0060120 ZSHI,60120,Análisis flúido,18/12/2023,0060120 ZSHI 20231218,"3079,8","3079,8","3079,8","555,3",29,Normal,Crítico,,,No,0,Advertencia,"Los conteos de partículas son ligeramente elevados, sin embargo mínimos. Teniendo en cuenta que todos los otros predictores permanecen dentro de los límites aceptables, continúe monitoreando de cerca.  Particle counts are slightly elevated, However minimal. Considering all other predictors remain within acceptable limits, continue to monitor closely.  ",,Alto conteo de partículas,26/12/2023 6:47:39 a. m.,sysadmin,,0,"59,5","30,86","144,71","4,69","0,21",,2,15,"2,07","1,13",23,"9,16",21,19,15,"1,32","1,41",0,"1,74","0,4",0,0,0,0,18/12/2023,2023,12,EX5500
0060120 ZSHI,60120,Análisis flúido,19/11/2023,0060120 ZSHI 20231119,"2524,5","2524,5","2524,5",,,Normal,Crítico,,,No,0,Advertencia,"Los conteos de partículas son ligeramente elevados, sin embargo mínimos. Teniendo en cuenta que todos los otros predictores permanecen dentro de los límites aceptables, continúe monitoreando de cerca.  Particle counts are slightly elevated, However minimal. Considering all other predictors remain within acceptable limits, continue to monitor closely.  ",,Alto conteo de partículas,4/12/2023 7:55:23 a. m.,hpineda,,"0,01","64,58","28,81","145,9","5,84",0,,2,15,"1,99","2,89",22,,20,18,13,"1,35","1,88","0,03","1,79","0,16","0,05","0,05",0,"0,01",19/11/2023,2023,11,EX5500
0060121 ZSHI,60121,Análisis flúido,16/08/2026,0060121 ZSHI 20260816,"17133,32","18484,92","17133,32","119,1",7,Normal,Crítico,,,No,0,Normal,SEGUIR OPERANDO ,,,18/08/2026 10:36:34 a. m.,DMartinez,,"0,07","52,73","9,13","57,57","1,05","0,16",,2,22,"11,79","1,97",29,"10,14",21,19,14,"3,78","0,52","2,94","5,71","0,3","0,18","0,15","0,3",0,16/08/2026,2026,08,EX5500
0060121 ZSHI,60121,Análisis flúido,9/08/2026,0060121 ZSHI 20260809,"17014,22","18365,82","17014,22","158,9",10,Normal,Crítico,,,No,0,Crítico,REALIZAR CAMBIO DE FILTRACCION DE FLUJO PLENO DE HITACHI A PALL---INCREMENTO DE CODIGO ISO 0173243,,,14/08/2026 10:01:23 a. m.,DMartinez,,"0,03","67,95","10,02","74,44","2,41","0,01",,2,22,"7,38","2,13",29,"10,03",24,22,18,"3,48","0,4","2,26","5,11","0,52","0,11","0,28",0,"0,17",9/08/2026,2026,08,EX5500
0060121 ZSHI,60121,Análisis flúido,30/07/2026,0060121 ZSHI 20260730,"16855,32","18206,92","16855,32","52,2",3,Normal,Crítico,,,No,0,Crítico,"EN INSPECCION POR CONTAMINACION DEL SISTAMA HIDRAULICO SE EVIDENCIA  MAQUINA OPERANDO CON FILTRACION  HITACHI , DESDE EL CAMBIO DE FILTROS DE PALL A HITACHI LA SALUD DEL ACEITE A EMPEORADO EN LA CONDICION , INCRMENTO EN NIVLES DE CODIGO ISO EN CRITICO . CMBIAR LOS FILTROS DE ACEITE POR ALTA EFIICIENCIA. ",CAMBIAR  FILTROS DE RETORNO POR FILTROS DE ALTA EFICIENCIA. ,,5/08/2026 1:12:09 p. m.,DMartinez,,"0,11","63,63","17,2","116,13","2,35","0,86",,2,22,"9,83","3,33",29,"10,31",26,24,21,"2,84","0,43","1,39","5,95","0,31","0,07","0,27",0,"0,22",30/07/2026,2026,07,EX5500
0060121 ZSHI,60121,Análisis flúido,27/07/2026,0060121 ZSHI 20260727,"16803,12","18154,72","16803,12","51,6",3,Normal,Crítico,,,No,0,Crítico,"EN INSPECCION POR CONTAMINACION DEL SISTAMA HIDRAULICO SE EVIDENCIA  MAQUINA OPERANDO CON FILTRACION  HITACHI , DESDE EL CAMBIO DE FILTROS DE PALL A HITACHI LA SALUD DEL ACEITE A EMPEORADO EN LA CONDICION , INCRMENTO EN NIVLES DE CODIGO ISO EN CRITICO . CMBIAR LOS FILTROS DE ACEITE POR ALTA EFIICIENCIA. ",CAMBIAR  FILTROS DE RETORNO POR FILTROS DE ALTA EFICIENCIA. ,,5/08/2026 1:12:09 p. m.,DMartinez,,"0,08","57,07","14,26","123,2","1,79","0,95",,2,22,"4,04","1,31",29,"10,49",22,20,16,"1,65","0,3","0,88","2,95","0,41","0,06","0,26",0,0,27/07/2026,2026,07,EX5500
0060121 ZSHI,60121,Análisis flúido,24/07/2026,0060121 ZSHI 20260724,"16751,52","18103,12","16751,52","118,5",10,Normal,Crítico,,,No,0,Crítico,SEOBSERVA REDUCCION DLE CODIGO ISO POSTERIOR A INSTLACION DE FILTRACION DE ALTA EFICIENCIEINCIA MANTNER EN SEGUIMIENTO LOS NIVELES DE CODIGO ISO,,,5/08/2026 11:48:38 a. m.,DMartinez,,0,"56,07","8,27","73,58","1,44","0,51",,2,22,"3,94","2,78",29,"10,4",21,19,15,2,"0,34","1,2","3,39",0,"0,13","0,12",0,"0,14",24/07/2026,2026,07,EX5500
0060121 ZSHI,60121,Análisis flúido,14/07/2026,0060121 ZSHI 20260714,"16633,02","17984,62","16633,02","246,5",16,Normal,Crítico,,,No,0,Crítico,REALIZAR CAMBIO DE FILTRACCION DE FLUJO PLENO DE HITACHI A PALL 01719013,MUESTRAS POSTERIOR AL CAMBIO DE CILINDRO ,Suciedad,24/07/2026 11:16:53 a. m.,DMartinez,,"0,06","33,84","9,97","106,69","1,93","0,62",,2,22,"7,99","1,12",29,"10,54",23,23,20,3,"0,34","1,01","4,8","0,05",0,0,0,0,14/07/2026,2026,07,EX5500
0060121 ZSHI,60121,Análisis flúido,28/06/2026,0060121 ZSHI 20260628,"16386,52","17738,12","16386,52","444,2",29,Normal,Crítico,,,No,0,Crítico,REALIZAR CAMBIO DE FILTRACCION DE FLUJO PLENO DE HITACHI A PALL 01719013,MUESTRAS POSTERIOR AL CAMBIO DE CILINDRO ,Suciedad,24/07/2026 11:16:53 a. m.,DMartinez,,0,"76,02","29,09","97,11","2,31","0,62",,2,21,"10,37","1,32",28,"10,07",24,23,18,"5,99","0,71","1,38","9,91",0,"0,24",0,"1,2","0,26",28/06/2026,2026,06,EX5500
0060121 ZSHI,60121,Análisis flúido,30/05/2026,0060121 ZSHI 20260530,"15942,32","17293,92","15942,32","35,8",2,Normal,Crítico,,,No,0,Crítico,INSTALAR FILTRO DE ALTA EFICIENCIA DE SISTEMA HIDRAULICO ICOR01482802-202506,,Suciedad,16/06/2026 10:48:14 a. m.,DMartinez,,"0,08","45,11","8,3","119,29","1,51","0,72",,2,21,"2,96","1,03",28,"10,85",22,20,16,"1,82","0,28","0,38","3,27",0,"0,11",0,"0,13",0,30/05/2026,2026,05,EX5500
0060121 ZSHI,60121,Análisis flúido,28/05/2026,0060121 ZSHI 20260528,"15906,52","17258,12","15906,52","464,7",27,Normal,Crítico,,,No,0,Crítico,INSTALAR FILTRO DE ALTA EFICIENCIA DE SISTEMA HIDRAULICO ICOR01482802-202506,,Suciedad,16/06/2026 10:47:52 a. m.,DMartinez,,"0,06","47,99","17,81","116,06","1,06","1,28",,2,21,"6,48","3,41",28,"10,24",22,20,16,"3,75","0,65","1,14","7,73","0,18","0,23","0,03","0,15","0,08",28/05/2026,2026,05,EX5500
0060121 ZSHI,60121,Análisis flúido,1/05/2026,0060121 ZSHI 20260501,"15441,82","16793,42","15441,82","38,6",2,Normal,Crítico,,,No,0,Normal,SEGUIR OPERANDO,,Ninguna falla identificada,11/05/2026 5:18:37 p. m.,DMartinez,,"0,07","51,71","1,28","80,44","0,74","0,34",,2,21,"0,96","0,03",28,"11,066",22,21,18,"0,13",0,0,"0,06","0,42","0,07",0,0,0,1/05/2026,2026,05,EX5500
0060121 ZSHI,60121,Análisis flúido,29/04/2026,0060121 ZSHI 20260429,"15403,22","16754,82","15403,22","187,3",20,Normal,Crítico,,,No,0,Normal,SEGUIR OPERANDO,,Ninguna falla identificada,11/05/2026 5:18:37 p. m.,DMartinez,,"0,15","75,63","14,13","96,38","2,9","0,29",,2,21,"5,55","1,01",28,"10,72",24,22,17,"2,17","0,37","0,93","4,07",0,"0,39",0,0,0,29/04/2026,2026,04,EX5500
0060121 ZSHI,60121,Análisis flúido,9/04/2026,0060121 ZSHI 20260409,"15215,92","16567,52","15215,92","282,1",20,Normal,Crítico,,,No,0,Advertencia,"Tomar muestra de aceite hidraulico , aceite con pocas horas de operacion",,Suciedad,24/04/2026 6:50:44 p. m.,DMartinez,,0,"74,41","27,03","117,36","1,04","1,29",,2,21,"7,58","1,39",28,"10,2",22,20,14,"4,65","0,98","1,46","9,2",0,"0,91",0,"0,49",0,9/04/2026,2026,04,EX5500
0060121 ZSHI,60121,Análisis flúido,20/03/2026,0060121 ZSHI 20260320,"14933,82","16285,42","14933,82","105,6",8,Normal,Crítico,,,No,0,Normal,Seguir Operando,Cambiar Aceite del componente   en el siguiente PM,Ninguna falla identificada,1/04/2026 3:51:01 p. m.,DMartinez,,0,"69,01","12,71","75,59","1,09","0,56",,2,21,"4,19","2,17",28,"10,22",21,19,14,"2,6","0,71","0,7","5,47","0,17","0,09","0,04","0,2","0,04",20/03/2026,2026,03,EX5500
0060121 ZSHI,60121,Análisis flúido,12/03/2026,0060121 ZSHI 20260312,"14828,22","16179,82","14828,22","292,6",17,Normal,Crítico,,,No,0,Normal,Seguir Operando,Cambiar Aceite del componente   en el siguiente PM,Ninguna falla identificada,1/04/2026 3:51:01 p. m.,DMartinez,,0,"54,07","0,84","73,56","0,54",0,,2,21,0,"0,11",28,"11,2",19,17,14,"0,07",0,0,"0,13","0,26","0,07","0,01","0,17","0,1",12/03/2026,2026,03,EX5500
0060121 ZSHI,60121,Análisis flúido,23/02/2026,0060121 ZSHI 20260223,"14535,62","15887,22","14535,62","130,6",12,Normal,Crítico,,,No,0,Advertencia,CAMBIO DE ACEITE HIDRAULICO PALA HITACHI EX5500/EX5600--- POR CONDICION (CONTAMINCACION DEL SISTEMA) ICOR01625449,,Suciedad,10/03/2026 6:11:57 p. m.,DMartinez,,0,"92,43","20,63","140,06","1,39",0,,2,21,"7,09","1,22",28,"10,547",24,23,18,"3,17","0,88","0,7","5,22",0,"0,13","0,07",0,0,23/02/2026,2026,02,EX5500
0060121 ZSHI,60121,Análisis flúido,11/02/2026,0060121 ZSHI 20260211,"14405,02","15756,62","14405,02","337,8",21,Normal,Crítico,,,No,0,Advertencia,CAMBIO DE ACEITE HIDRAULICO PALA HITACHI EX5500/EX5600--- POR CONDICION (CONTAMINCACION DEL SISTEMA) 01625449,,Alto conteo de partículas,13/02/2026 1:51:48 p. m.,DMartinez,,"0,16","70,19","43,65","120,98","1,81","0,91",,2,21,"8,54","1,36",28,,21,18,13,"5,1","2,37","2,36","10,15",0,"0,17",0,0,0,11/02/2026,2026,02,EX5500
0060121 ZSHI,60121,Análisis flúido,21/01/2026,0060121 ZSHI 20260121,"14067,22","15418,82","14067,22","270,7",14,Normal,Crítico,,,No,0,Advertencia,REALIZAR CAMBIO DE FILTRACCION DE FLUJO PLENO DE HITACHI A PALL 01616489,,Alto conteo de partículas,28/01/2026 10:44:51 a. m.,DMartinez,,0,"84,12","49,93","142,4","2,2",0,,2,21,"13,79","2,11",28,"10,942",23,20,15,"5,63","3,4","1,43","11,89",0,"0,16",0,0,0,21/01/2026,2026,01,EX5500
0060121 ZSHI,60121,Análisis flúido,7/01/2026,0060121 ZSHI 20260107,"13796,52","15148,12","13796,52","291,8",20,Normal,Crítico,,,No,0,Advertencia,REALIZAR CAMBIO DE FILTRACCION DE FLUJO PLENO DE HITACHI A PALL 01616489,,Alto conteo de partículas,28/01/2026 10:47:55 a. m.,DMartinez,,"0,07","73,79","38,43","112,77","1,45","1,23",,2,21,"6,98","3,13",28,,21,18,11,"3,69","2,71","1,23","8,63","0,55","0,06","0,19","0,98","0,04",7/01/2026,2026,01,EX5500
0060121 ZSHI,60121,Análisis flúido,18/12/2025,0060121 ZSHI 20251218,"13504,72","14856,32","13504,72",210,28,Normal,Crítico,,,No,0,Normal,"SEGUIR OPERANDO , MANTENER EL SEGUIMIENTO DEL CODIGO ISO ",,Ninguna falla identificada,26/12/2025 1:42:18 p. m.,DMartinez,,"0,11","77,78","24,85","115,94","2,65","1,34",,2,21,"5,58","3,26",28,"10,56",2,19,14,"3,28","1,63","1,65","6,55","0,15","0,09","0,26",0,"0,05",18/12/2025,2025,12,EX5500
0060121 ZSHI,60121,Análisis flúido,20/11/2025,0060121 ZSHI 20251120,"13294,72","14646,32","13294,72","269,9",15,Normal,Crítico,,,No,0,Normal,"cargue masico de la informacion por retrasos en la entrega de laboratorio , nuevas muestras ya tienen recomendaciones cargadas. ",,Ninguna falla identificada,28/01/2026 10:56:35 a. m.,DMartinez,,"3,68","153,67","29,73","22,42","3,66",0,,3,21,"16,72","3,36",27,"9,8",23,19,11,"10,57","3,09","5,48","19,82",0,"0,11","0,02",0,0,20/11/2025,2025,11,EX5500
0060121 ZSHI,60121,Análisis flúido,5/11/2025,0060121 ZSHI 20251105,"13024,82","14376,42","13024,82","207,8",15,Normal,Crítico,,,No,0,Normal,"cargue masico de la informacion por retrasos en la entrega de laboratorio , nuevas muestras ya tienen recomendaciones cargadas. ",,Ninguna falla identificada,28/01/2026 10:56:35 a. m.,DMartinez,,"0,58","149,63","77,03","245,51","3,63","0,27",,3,20,"22,24","3,34",27,"9,9",24,22,17,"12,04","2,94","5,85","22,59","0,79","0,18","0,23",0,"0,29",5/11/2025,2025,11,EX5500
0060121 ZSHI,60121,Análisis flúido,21/10/2025,0060121 ZSHI 20251021,"12817,02","14168,62","12817,02","262,7",16,Normal,Crítico,,,No,0,Crítico,CAMBIO DE ACEITE HIDRAULICO PALA HITACHI EX5500/EX5600---POR CONDICION 01510217,,Suciedad,31/10/2025 10:33:59 a. m.,DMartinez,,"0,18","135,51","100,25","175,17","3,32","3,73",,3,21,"20,93","2,6",27,"9,7",24,22,18,"10,08","2,8","7,11","21,21","0,17","0,12",0,"0,72","0,11",21/10/2025,2025,10,EX5500
0060121 ZSHI,60121,Análisis flúido,5/10/2025,0060121 ZSHI 20251005,"12554,32","13905,92","12554,32","711,5",52,Normal,Crítico,,,No,0,Advertencia,CAMBIO DE ACEITE HIDRAULICO PALA HITACHI EX5500/EX5600---POR CONDICION 01510217,,Suciedad,22/10/2025 10:52:40 a. m.,DMartinez,,"6,25","129,91","61,49","186,24","2,73","3,29",,3,20,"14,91","3,35",27,"9,828",23,21,14,"7,57","2,56","7,14","13,7",0,0,0,0,0,5/10/2025,2025,10,EX5500
0060121 ZSHI,60121,Análisis flúido,14/08/2025,0060121 ZSHI 20250814,"11842,82","13194,42","11842,82","142,4",12,Normal,Crítico,,,No,0,Advertencia,CAMBIO DE ACEITE HIDRAULICO PALA HITACHI EX5500/EX5600---POR CONDICION,,Deterioro de la condición del fluido,26/08/2025 4:03:49 p. m.,DMartinez,,"0,42","106,78","66,72","156,13","3,03",0,,3,21,"12,84","2,13",27,"9,9",21,19,16,"5,6","2,03","3,16","10,98",0,"0,1","0,15","0,5",0,14/08/2025,2025,08,EX5500
0060121 ZSHI,60121,Análisis flúido,2/08/2025,0060121 ZSHI 20250802,"11700,42","13052,02","11700,42",215,11,Normal,Crítico,,,No,0,Crítico,CAMBIO DE ACEITE HIDRAULICO PALA HITACHI EX5500/EX5600---POR CONDICION 01510217,,Suciedad,7/08/2025 10:14:34 a. m.,DMartinez,,"0,12","78,69","44,28",117,"3,12","1,81",,3,21,"15,39","1,76",27,"9,89",24,22,19,"6,01","1,45","3,08","14,58",0,"0,07",0,"0,04","0,26",2/08/2025,2025,08,EX5500
0060121 ZSHI,60121,Análisis flúido,22/07/2025,0060121 ZSHI 20250722,"11485,42","12837,02","11485,42","182,6",10,Normal,Crítico,,,No,0,Advertencia,CAMBIO DE ACEITE HIDRAULICO PALA HITACHI EX5500/EX5600---POR CONDICION 01510217,,Suciedad,28/07/2025 10:00:25 a. m.,DMartinez,,"0,04","75,42","41,24","84,01","1,33","0,49",,2,21,"9,09","2,71",27,"10,076",20,17,12,"3,59","1,31","1,77","9,91","0,41","0,07","0,03",0,"0,03",22/07/2025,2025,07,EX5500
0060121 ZSHI,60121,Análisis flúido,12/07/2025,0060121 ZSHI 20250712,"11302,82","12654,42","11302,82","23,5",3,Normal,Crítico,,,No,0,Crítico,"SISTEMA HIDRAULICO SE ECONTRO SIN RESPIRADERO DEL TANQUE HIDRUALICO , CONDICION SE CORRELACIONA CON LA ENTRADA DE TIERRA POSTERIOR AL CAMBIO DE ACEITE EL 10 DE JULIO ,SE TENDRA EN SEGUIMIENTO CON MUESTREO DE ACEITE Y CAMBIO DE FILTRACION ",,Suciedad,17/07/2025 1:54:23 p. m.,DMartinez,,"0,02","77,04","26,98","143,91","1,35",0,,2,21,"8,41","1,4",27,"10,323",21,17,13,"2,68","1,77","1,38","8,44",0,0,"0,1",0,0,12/07/2025,2025,07,EX5500
0060121 ZSHI,60121,Análisis flúido,9/07/2025,0060121 ZSHI 20250709,"11279,32","12630,92","11279,32","286,7",15,Normal,Crítico,,,No,0,Crítico,01466262  CAMBIO DE ACEITE HIDRAULICO PALA HITACHI EX5500/EX5600-- POR CONDICION,,Suciedad,17/07/2025 1:50:08 p. m.,DMartinez,,"0,13","71,43","61,93","152,74","2,15","2,56",,3,20,"19,87","2,52",26,"9,65",24,22,19,"8,18","2,24","2,22","23,61",0,"0,12",0,"0,11",0,9/07/2025,2025,07,EX5500
0060121 ZSHI,60121,Análisis flúido,24/06/2025,0060121 ZSHI 20250624,"10992,62","12344,22","10992,62","330,3",20,Normal,Crítico,,,No,0,Crítico,CAMBIO DE ACEITE HIDRAULICO PALA HITACHI EX5500/EX5600-- POR CONDICION 01466262,,Suciedad,17/07/2025 1:48:58 p. m.,DMartinez,,"0,15","70,15","3,77","101,79","1,03",0,,2,21,"0,74","0,02",27,"11,022",23,21,13,0,"0,16","0,47","0,34","0,91",0,"0,01",0,0,24/06/2025,2025,06,EX5500
0060121 ZSHI,60121,Análisis flúido,4/06/2025,0060121 ZSHI 20250604,"10662,32","12013,92","10662,32","64,4",5,Normal,Crítico,,,No,0,Advertencia,CAMBIO DE ACEITE HIDRAULICO PALA HITACHI EX5500/EX5600-- POR CONDICION 01466262,,Suciedad,20/06/2025 11:35:24 a. m.,DMartinez,,"0,13","66,74","50,44","118,36","1,97","2,62",,3,21,"12,52","1,93",27,"9,8",22,20,16,"5,61","1,6","1,81","16,34",0,"0,08",0,0,"0,1",4/06/2025,2025,06,EX5500
0060121 ZSHI,60121,Análisis flúido,30/05/2025,0060121 ZSHI 20250530,"10597,92","11949,52","10597,92","392,5",25,Normal,Crítico,,,No,0,Normal,SEGUIR OPERANDO ,,Ninguna falla identificada,3/06/2025 11:39:41 a. m.,DMartinez,,"0,07","50,42","2,69","102,96","0,85",0,,2,21,"0,7",0,28,"11,028",18,17,13,"0,57","0,03",0,"0,47","0,09",0,0,"0,04",0,30/05/2025,2025,05,EX5500
0060121 ZSHI,60121,Análisis flúido,5/05/2025,0060121 ZSHI 20250505,"10205,42","11557,02","10205,42","283,6",19,Normal,Crítico,,,No,0,Crítico,CAMBIO DE ACEITE HIDRAULICO PALA HITACHI EX5500/EX5600-- POR CONDICION 01466262,,Suciedad,13/05/2025 5:09:25 p. m.,DMartinez,,"0,43","79,24","69,28","120,26","4,05","1,26",,3,20,"17,26","3,89",26,"9,67",23,20,12,"9,37","2,46","2,49","19,5",0,"0,1","0,01","0,23","0,02",5/05/2025,2025,05,EX5500
0060121 ZSHI,60121,Análisis flúido,16/04/2025,0060121 ZSHI 20250416,"9921,82","11273,42","9921,82","195,15",12,Normal,Crítico,,,No,0,Normal,"SEGUIR OPERANDO , TENER EN SEGUIMIENTO NIVELES DE CODIGO ISO ",,Ninguna falla identificada,23/04/2025 5:47:27 p. m.,DMartinez,,"0,09","54,09","1,54","108,45","1,05","0,59",,2,21,"1,12","0,12",28,"11,021",21,20,16,"0,65","0,02",0,"0,41",0,0,0,0,"0,16",16/04/2025,2025,04,EX5500
0060121 ZSHI,60121,Análisis flúido,4/04/2025,0060121 ZSHI 20250404,"9726,67","11078,27","9726,67","238,9",14,Normal,Crítico,,,No,0,Crítico,CAMBIO DE ACEITE HIDRAULICO PALA HITACHI EX5500/EX5600 + LIMPIEZA DE TANQUE DE SUCCION 1446448,,Suciedad,8/04/2025 4:56:49 p. m.,DMartinez,,"0,43","88,08","44,19","93,37","3,15",0,,3,20,"10,94","3,29",26,,21,18,14,"5,37","1,88","1,4","11,07","0,07","0,12",0,0,0,4/04/2025,2025,04,EX5500
0060121 ZSHI,60121,Análisis flúido,21/03/2025,0060121 ZSHI 20250321,"9487,77","10839,37","9487,77",398,25,Normal,Crítico,,,No,0,Crítico,CAMBIO DE ACEITE HIDRAULICO PALA HITACHI EX5500/EX5600 + LIMPIEZA DE TANQUE DE SUCCION 1446448,,Suciedad,8/04/2025 4:57:33 p. m.,DMartinez,,"0,55","81,52","52,71","117,96","3,21","0,02",,3,20,"10,04","2,76",26,"9,9",20,17,12,"5,34","1,61","1,31","10,8","0,14","0,13",0,"0,16","0,13",21/03/2025,2025,03,EX5500
0060121 ZSHI,60121,Análisis flúido,24/02/2025,0060121 ZSHI 20250224,"9089,77","10441,37","9089,77","144,3",8,Normal,Crítico,,,No,0,Crítico,CAMBIO DE ACEITE HIDRAULICO PALA HITACHI EX5500/EX5600 01402448,,Suciedad,5/03/2025 3:58:16 p. m.,DMartinez,,"0,03","79,99","132,31","157,78","2,37",0,,3,17,"16,38","3,31",24,,22,20,12,"7,85","2,29","1,12","18,18",0,"0,2","0,26","0,28","0,39",24/02/2025,2025,02,EX5500
0060121 ZSHI,60121,Análisis flúido,16/02/2025,0060121 ZSHI 20250216,"8945,47","10297,07","8945,47","495,1",14,Normal,Crítico,,,No,0,Crítico,CAMBIO DE ACEITE HIDRAULICO PALA HITACHI EX5500/EX5600 01402448,,Suciedad,5/03/2025 3:58:16 p. m.,DMartinez,,"0,04","84,38","122,24","90,48","2,48",0,,3,17,"13,65","3,91",24,,22,20,14,"6,76","2,2","0,93","14,63",0,"0,15","0,23",0,"0,15",16/02/2025,2025,02,EX5500
0060121 ZSHI,60121,Análisis flúido,2/02/2025,0060121 ZSHI 20250202,"8450,37","9801,97","8450,37",0,17,Normal,Crítico,,,No,0,Crítico,CAMBIO DE ACEITE HIDRAULICO PALA HITACHI EX5500/EX5600 01402448,,Suciedad,5/03/2025 3:58:16 p. m.,DMartinez,,"0,36","81,36","130,85","160,62","2,88",0,,3,17,"15,2","2,79",23,"9,41",24,21,15,"6,91","2,39","0,96","16,24","1,27","0,11","0,32","0,56",0,2/02/2025,2025,02,EX5500
0060121 ZSHI,60121,Análisis flúido,16/01/2025,0060121 ZSHI 20250116,"8450,37","9801,97","8450,37","581,9",38,Normal,Crítico,,,No,0,Advertencia,CAMBIO DE ACEITE HIDRAULICO PALA HITACHI EX5500/EX5600 01402448,,Entrada de polvo,27/01/2025 3:45:14 p. m.,DMartinez,,"0,07","71,47","122,86","151,98","1,66","0,02",,3,17,"11,27","2,33",24,"9,4",21,18,12,"5,67","1,85","0,8","10,84","0,71","0,12",0,"0,95","0,16",16/01/2025,2025,01,EX5500
0060121 ZSHI,60121,Análisis flúido,9/12/2024,0060121 ZSHI 20241209,"7868,47","9220,07","7868,47","495,1",36,Normal,Crítico,,,No,0,Advertencia,EVALUAR ENTRADA DE TIERRA AL SITEMA HIDRALICO + CAMBIO DE FILTRACCION DE RETORNO+RESPIRADERO  01381516,,Alto conteo de partículas,20/12/2024 6:25:58 p. m.,DMartinez,,"0,14","55,86","150,23","132,46","2,05","3,03",,3,15,"12,7","1,21",22,"9,3",21,19,13,"5,47","1,55","0,62","10,38","0,2","0,06",0,0,0,9/12/2024,2024,12,EX5500
0060121 ZSHI,60121,Análisis flúido,3/11/2024,0060121 ZSHI 20241103,"7373,37","8724,97","7373,37","598,4",42,Normal,Crítico,,,No,0,Advertencia,"Los conteos de partículas son ligeramente elevados, sin embargo mínimos. Teniendo en cuenta que todos los otros predictores permanecen dentro de los límites aceptables, continúe monitoreando de cerca.  Particle counts are slightly elevated, However minimal. Considering all other predictors remain within acceptable limits, continue to monitor closely.  ",,Alto conteo de partículas,4/11/2024 8:48:01 p. m.,sysadmin,,"0,05","58,08","147,03","139,94","1,2","2,19",,3,15,"8,98","1,28",23,"9,27",20,18,15,"3,71","1,42","0,36","7,76","0,75","0,03","0,26","0,11","0,28",3/11/2024,2024,11,EX5500
0060121 ZSHI,60121,Análisis flúido,22/09/2024,0060121 ZSHI 20240922,"6774,97","8126,57","6774,97","500,2",44,Normal,Crítico,,,No,0,Advertencia,EVALUAR ENTRADA DE TIERRA AL SITEMA HIDRALICO + CAMBIO DE FILTRACCION DE RETORNO+RESPIRADERO  01336521  ,,Suciedad,5/10/2024 12:29:56 p. m.,DMartinez,,0,"65,46","135,11","183,93","1,01","5,45",,2,15,"6,98","1,3",22,"9,435",20,17,13,"2,97","1,39","0,25","4,71",0,"0,03",0,0,0,22/09/2024,2024,09,EX5500
0060121 ZSHI,60121,Análisis flúido,9/08/2024,0060121 ZSHI 20240809,"6274,77","7626,37","6274,77","604,7",37,Normal,Crítico,,,No,0,Crítico,Inspeccionar Sistme hidraulico por alto codigo ISO ,,Entrada de polvo,27/08/2024 9:56:12 a. m.,DMartinez,,0,56,"175,81","163,95","1,61","1,81",,2,13,"5,83","1,83",21,,21,18,14,"2,88","0,83","0,13","4,43","0,13","0,06",0,0,"0,05",9/08/2024,2024,08,EX5500
0060121 ZSHI,60121,Análisis flúido,3/07/2024,0060121 ZSHI 20240703,"5670,07","7021,67","5670,07","481,6",32,Normal,Crítico,,,No,0,Normal,"Aceite fue cambaido en la ultima intervencion con la OT 01250209 , realizar toma de muestra posterior al cambio de aceite hidraulico ","Aceite fue cambaido en la ultima intervencion con la OT 01250209 , realizar toma de muestra posterior al cambio de aceite hidraulico ",Ninguna falla identificada,19/07/2024 6:45:52 p. m.,DMartinez,,"0,18","58,64","174,91","186,33","1,15",0,,2,13,"3,62","0,32",20,,20,17,12,"1,39","0,69","0,13",2,"0,14","0,03","0,01",0,0,3/07/2024,2024,07,EX5500
0060121 ZSHI,60121,Análisis flúido,1/06/2024,0060121 ZSHI 20240601,"5188,47","6540,07","5188,47","558,9",33,Normal,Crítico,,,No,0,Advertencia,Cambiar aceite hidraulico por condicion con la OT 01250209 .,,Deterioro de la condición del fluido,19/07/2024 6:47:32 p. m.,DMartinez,,"0,03","36,88","396,85",292,"1,59","0,72",,2,2,"5,7",0,11,,21,19,15,"2,39","0,9","0,15","2,96","1,8","0,02","0,09",0,"0,12",1/06/2024,2024,06,EX5500
0060121 ZSHI,60121,Análisis flúido,29/04/2024,0060121 ZSHI 20240429,"4629,57","5981,17","4629,57","214,8",13,Normal,Crítico,,,No,0,Advertencia,"Los conteos de partículas son ligeramente elevados, sin embargo mínimos. Teniendo en cuenta que todos los otros predictores permanecen dentro de los límites aceptables, continúe monitoreando de cerca.  Particle counts are slightly elevated, However minimal. Considering all other predictors remain within acceptable limits, continue to monitor closely.  ",,Alto conteo de partículas,4/05/2024 9:43:15 p. m.,sysadmin,,"0,06","40,49","360,7","225,63","0,53",0,,2,2,"2,23",0,11,"8,5",19,18,15,"0,16","0,02","0,02","0,79",0,0,0,"0,4",0,29/04/2024,2024,04,EX5500
0060121 ZSHI,60121,Análisis flúido,16/04/2024,0060121 ZSHI 20240416,"4414,77","5766,37","4414,77","177,3",10,Normal,Crítico,,,No,0,Crítico,EVALUAR ENTRADA DE TIERRA AL SITEMA HIDRALICO + CAMBIO DE FILTRACCION DE RETORNO+RESPIRADERO  01242769    CAMBIO DE ACEITE HIDRAULICO PALA HITACHI EX5500/EX5600 01250209  ,,Alto conteo de partículas,15/05/2024 8:31:46 a. m.,DMartinez,,"0,07","30,07","358,38","323,7","1,27",0,,2,2,"6,5","1,04",11,"8,6",26,24,20,"2,13","0,92","0,42","18,53",0,"0,05",0,0,"0,18",16/04/2024,2024,04,EX5500
0060121 ZSHI,60121,Análisis flúido,6/04/2024,0060121 ZSHI 20240406,"4237,47","5589,07","4237,47","877,27",23,Normal,Crítico,,,No,0,Advertencia,EXISTE MUESTRA MAS RECIENTE PARA SER PROCCESADA ,EXISTE MUESTRA MAS RECIENTE PARA SER PROCCESADA ,Alto conteo de partículas,15/05/2024 8:46:47 a. m.,DMartinez,,"0,19","39,29","338,55","333,09","1,26",0,,2,2,"4,5","0,03",11,"11,1",20,17,12,"1,52","1,14",0,"2,05","0,31",0,0,0,0,6/04/2024,2024,04,EX5500
0060121 ZSHI,60121,Análisis flúido,14/03/2024,0060121 ZSHI 20240314,"3360,2","4711,8","3360,2",0,28,Normal,Crítico,,,No,0,Advertencia,"Los conteos de partículas son ligeramente elevados, sin embargo mínimos. Teniendo en cuenta que todos los otros predictores permanecen dentro de los límites aceptables, continúe monitoreando de cerca.  Particle counts are slightly elevated, However minimal. Considering all other predictors remain within acceptable limits, continue to monitor closely.  ",,Alto conteo de partículas,21/03/2024 7:41:11 a. m.,sysadmin,,"0,15","40,25","350,73","321,73","1,04",0,,2,2,"3,22","0,48",12,"8,5",22,21,17,"1,05","0,99","0,22","2,22","0,45","0,08",0,0,"0,17",14/03/2024,2024,03,EX5500
0060121 ZSHI,60121,Análisis flúido,15/02/2024,0060121 ZSHI 20240215,"3360,2","4711,8","3360,2","481,7",27,Normal,Normal,,,No,0,Normal,"Seguir Operando , Bajo monitoreo  , predictores en rango ","Seguir Operando , Bajo monitoreo  , predictores en rango ",Ninguna falla identificada,23/02/2024 1:21:14 p. m.,DMartinez,,0,"45,9","309,86","328,15","2,5",0,,3,4,"4,18","1,18",13,"8,1",17,16,11,"1,52","4,66","0,04","5,98","0,62","0,1","0,33",0,"0,2",15/02/2024,2024,02,EX5500
0060121 ZSHI,60121,Análisis flúido,19/01/2024,0060121 ZSHI 20240119,"2878,5","4230,1","2878,5",331,23,Normal,Advertencia,,,No,0,Advertencia,Realizar Flushing al sistema hidrualico por alto codigo ISO 01185906,,Deterioro de la condición del fluido,22/01/2024 9:45:03 a. m.,DMartinez,,"0,1","45,9","335,57","329,19","2,9",0,,,,"4,39","1,17",,"8,41",18,16,12,"1,79","4,2","0,16","6,31","1,92","0,1",0,"0,44","0,04",19/01/2024,2024,01,EX5500
0060121 ZSHI,60121,Análisis flúido,27/12/2023,0060121 ZSHI 20231227,"2547,5","3899,1","2547,5","632,9",34,Normal,Normal,,,No,0,Normal,Seguir Operando predictores en rango ,,Ninguna falla identificada,2/01/2024 8:58:02 a. m.,DMartinez,,0,"41,71","356,24","210,81","3,13","0,37",,3,4,"1,7","3,26",13,"8,49",18,16,12,"0,78","3,64",0,"3,81","0,84",0,0,0,"0,1",27/12/2023,2023,12,EX5500
0060121 ZSHI,60121,Análisis flúido,23/11/2023,0060121 ZSHI 20231123,"1914,6","3266,2","1914,6","1914,6",43,Normal,Crítico,,,No,0,Advertencia,"Los conteos de partículas son ligeramente elevados, sin embargo mínimos. Teniendo en cuenta que todos los otros predictores permanecen dentro de los límites aceptables, continúe monitoreando de cerca.  Particle counts are slightly elevated, However minimal. Considering all other predictors remain within acceptable limits, continue to monitor closely.  ",,Alto conteo de partículas,4/12/2023 7:55:33 a. m.,hpineda,,0,"36,57","350,68","224,9","3,15","0,37",,3,4,"1,98","3,12",13,"8,44",20,18,12,"1,18","3,35","0,08","3,85","0,19","0,05",0,0,"0,01",23/11/2023,2023,11,EX5500
0060121 ZSHI,60121,Análisis flúido,11/10/2023,0060121 ZSHI 20231011,"1351,6","1351,6",0,"180,3",12,Normal,Crítico,,,No,0,Advertencia,"Los conteos de partículas son ligeramente elevados, sin embargo mínimos. Teniendo en cuenta que todos los otros predictores permanecen dentro de los límites aceptables, continúe monitoreando de cerca.  Particle counts are slightly elevated, However minimal. Considering all other predictors remain within acceptable limits, continue to monitor closely.  ",,Alto conteo de partículas,25/10/2023 12:13:20 p. m.,Jarisme3,,"0,01","47,47","293,13","321,37","3,24",0,,,,"3,09","1,01",,"8,47",21,18,12,0,"3,46","0,02","3,1",0,0,"0,15",0,0,11/10/2023,2023,10,EX5500
0060121 ZSHI,60121,Análisis flúido,29/09/2023,0060121 ZSHI 20230929,"1171,3","1171,3",0,"450,3",27,Normal,Crítico,,,No,0,Advertencia,"Los conteos de partículas son ligeramente elevados, sin embargo mínimos. Teniendo en cuenta que todos los otros predictores permanecen dentro de los límites aceptables, continúe monitoreando de cerca.  Particle counts are slightly elevated, However minimal. Considering all other predictors remain within acceptable limits, continue to monitor closely.  ",,Alto conteo de partículas,25/10/2023 12:13:15 p. m.,Jarisme3,,"0,05","50,53","397,12","256,13","3,65","0,1",,,,"2,01","1,94",,"8,42",19,17,13,"0,77","3,09","0,05","2,73","0,23","0,04",0,"0,16","0,21",29/09/2023,2023,09,EX5500
0060121 ZSHI,60121,Análisis flúido,2/09/2023,0060121 ZSHI 20230902,721,721,0,"415,8",24,Normal,Normal,,,No,0,Normal,"COMPONENTES CON POCAS HORAS DE OPERACION  ,POSIBLE DESGASTE DE ASENTAMIENTO SE TENDRA EN MONITOREO  CON ANALISIS DE ACEITE ",MONITOREO  CON ANALISIS DE ACEITE  EN 100 HORAS ,Desgaste por asentamiento,25/10/2023 3:24:31 p. m.,DMartinez,,0,"41,17","355,44","228,22","3,49","0,3",,,,"1,28","0,69",,"8,25",17,16,13,"0,6","2,12","0,03","1,9",0,"0,06",0,0,0,2/09/2023,2023,09,EX5500
0060121 ZSHI,60121,Análisis flúido,9/08/2023,0060121 ZSHI 20230809,"305,2","305,2",0,"263,9",17,Normal,Crítico,,,No,0,Advertencia,"Los conteos de partículas son ligeramente elevados, sin embargo mínimos. Teniendo en cuenta que todos los otros predictores permanecen dentro de los límites aceptables, continúe monitoreando de cerca.  Particle counts are slightly elevated, However minimal. Considering all other predictors remain within acceptable limits, continue to monitor closely.  ",,Alto conteo de partículas,25/10/2023 12:12:25 p. m.,Jarisme3,,"0,01","45,25","323,93","322,34","3,33",0,,,,"2,41","0,26",,"8,25",20,18,12,"0,13","1,99","0,06","1,38",0,"0,03",0,0,0,9/08/2023,2023,08,EX5500
0060121 ZSHI,60121,Análisis flúido,23/07/2023,0060121 ZSHI 20230723,"41,3","41,3",0,,,Normal,Crítico,,,No,0,Advertencia,"Los conteos de partículas son ligeramente elevados, sin embargo mínimos. Teniendo en cuenta que todos los otros predictores permanecen dentro de los límites aceptables, continúe monitoreando de cerca.  Particle counts are slightly elevated, However minimal. Considering all other predictors remain within acceptable limits, continue to monitor closely.  ",,Alto conteo de partículas,25/10/2023 12:12:19 p. m.,Jarisme3,,"0,07","46,6","288,2","328,89","2,32","0,68",,,,"0,34","0,26",,"8,4",21,19,14,0,"0,88","0,17",0,0,"0,01",0,0,0,23/07/2023,2023,07,EX5500
0060122 ZSHI,60122,Análisis flúido,17/08/2026,0060122 ZSHI 20260817,"11768,64","12060,64","11768,64","531,7",30,Normal,Crítico,,,No,0,Sin calificar,,,,,,,"0,11","61,38","18,78","95,52","1,81","1,88",,2,22,"7,34","3,8",29,"10,11",24,23,19,"3,05","1,19",0,"7,1","1,56","0,05","0,22","0,53","0,11",17/08/2026,2026,08,EX5500
0060122 ZSHI,60122,Análisis flúido,18/07/2026,0060122 ZSHI 20260718,"11236,94","11528,94","11236,94","124,2",7,Normal,Crítico,,,No,0,Crítico,CAMBIO DE ACEITE HIDRAULICO PALA HITACHI EX5500/EX5600--- POR CONDICION  01630301,,Alto conteo de partículas,24/07/2026 6:16:08 p. m.,DMartinez,,"0,37","36,22","23,3","122,39","4,01","3,49",,2,22,"10,52","2,64",28,"10,041",22,20,16,"3,52","1,42","0,1","10,36","0,47",0,0,"0,59",0,18/07/2026,2026,07,EX5500
0060122 ZSHI,60122,Análisis flúido,11/07/2026,0060122 ZSHI 20260711,"11112,74","11404,74","11112,74","51,9",5,Normal,Crítico,,,No,0,Crítico,CAMBIO DE ACEITE HIDRAULICO PALA HITACHI EX5500/EX5600--- POR CONDICION  01630301,,Alto conteo de partículas,24/07/2026 6:16:08 p. m.,DMartinez,,"0,23","94,04","14,34","70,45","2,49","1,52",,,,"6,65","1,01",,"10,13",23,20,15,"2,69","1,32","0,14","7,43","0,78","0,25","0,11",0,"0,53",11/07/2026,2026,07,EX5500
0060122 ZSHI,60122,Análisis flúido,6/07/2026,0060122 ZSHI 20260706,"11060,84","11352,84","11060,84","436,9",22,Normal,Crítico,,,No,0,Crítico,CAMBIO DE ACEITE HIDRAULICO PALA HITACHI EX5500/EX5600--- POR CONDICION  01630301,,Alto conteo de partículas,24/07/2026 6:16:08 p. m.,DMartinez,,"0,07","68,77","2,95","102,96","0,72",0,,2,22,"0,63","5,77",29,"11,01",23,22,18,0,"0,07",0,"0,7","0,61",0,"0,15","0,58",0,6/07/2026,2026,07,EX5500
0060122 ZSHI,60122,Análisis flúido,14/06/2026,0060122 ZSHI 20260614,"10623,94","10915,94","10623,94","310,2",22,Normal,Crítico,,,No,0,Crítico,INSTALAR FILTRO DE ALTA EFICIENCIA DE SISTEMA HIDRAULICO ICOR01527670-202508,,Suciedad,16/06/2026 10:49:07 a. m.,DMartinez,,"0,06","60,42","12,57","94,71","1,32","1,95",,2,21,"5,28","2,65",27,"10,16",21,19,13,"3,92","1,21","0,13","8,63",0,"0,09",0,0,0,14/06/2026,2026,06,EX5500
0060122 ZSHI,60122,Análisis flúido,23/05/2026,0060122 ZSHI 20260523,"10313,74","10605,74","10313,74","298,5",16,Normal,Crítico,,,No,0,Crítico,INSTALAR FILTRO DE ALTA EFICIENCIA DE SISTEMA HIDRAULICO ICOR01527670-202508,,Suciedad,16/06/2026 10:49:27 a. m.,DMartinez,,"0,02","71,1","17,29","101,04","1,75","2,02",,2,21,"3,88","2,32",28,"10,6",21,19,16,"3,14","1,09","0,12","7,88","0,48","0,06",0,0,0,23/05/2026,2026,05,EX5500
0060122 ZSHI,60122,Análisis flúido,7/05/2026,0060122 ZSHI 20260507,"10015,24","10307,24","10015,24","114,6",6,Normal,Crítico,,,No,0,Advertencia,REALIZAR CAMBIO DE FILTRACCION DE FLUJO PLENO DE HITACHI A PALL ICOR01676945,,Suciedad,12/05/2026 7:44:28 a. m.,DMartinez,,"0,06","91,34","41,38","110,83","1,82","3,65",,3,21,"12,59","1,92",27,"9,6",19,17,14,"8,3","3,17","0,47","18,74","0,17","0,17","0,19",0,"0,06",7/05/2026,2026,05,EX5500
0060122 ZSHI,60122,Análisis flúido,1/05/2026,0060122 ZSHI 20260501,"9900,64","10192,64","9900,64","116,3",9,Normal,Crítico,,,No,0,Advertencia,REALIZAR CAMBIO DE FILTRACCION DE FLUJO PLENO DE HITACHI A PALL ICOR01676945,,Suciedad,12/05/2026 7:44:58 a. m.,DMartinez,,"0,07","74,23","37,57",113,"1,99","4,67",,3,21,"15,84","1,97",27,"9,77",23,21,16,"9,27","3,02","0,5","22,22","0,92","0,12",0,0,"0,03",1/05/2026,2026,05,EX5500
0060122 ZSHI,60122,Análisis flúido,22/04/2026,0060122 ZSHI 20260422,"9784,34","10076,34","9784,34","756,6",43,Normal,Crítico,,,No,0,Normal,SEGUIR OPERANDO,,Ninguna falla identificada,24/04/2026 9:55:33 p. m.,DMartinez,,"0,04","57,99","1,23","75,55","0,47",0,,2,21,"0,16","0,18",28,"11,078",17,16,15,"0,11","0,02","0,05","0,28","0,55","0,1",0,0,0,22/04/2026,2026,04,EX5500
0060122 ZSHI,60122,Análisis flúido,10/03/2026,0060122 ZSHI 20260310,"9027,74","9319,74","9027,74","284,6",16,Normal,Crítico,,,No,0,Crítico,CAMBIO DE ACEITE HIDRAULICO PALA HITACHI EX5500/EX5600--- POR CONDICION ICOR01630301,,Altos metales de desgaste,1/04/2026 5:50:35 p. m.,DMartinez,,"0,06","77,67","54,4","139,6","3,04","5,01",,3,21,"11,8","1,89",27,"9,5",21,19,16,"8,18","3,1","0,52","22,32",0,"0,1",0,0,"0,21",10/03/2026,2026,03,EX5500
0060122 ZSHI,60122,Análisis flúido,22/02/2026,0060122 ZSHI 20260222,"8743,14","9035,14","8743,14","37,4",4,Normal,Crítico,,,No,0,Crítico,CAMBIO DE ACEITE HIDRAULICO PALA HITACHI EX5500/EX5600---- POR CONDICION 01625443 ,,Suciedad,25/02/2026 12:25:02 p. m.,DMartinez,,"0,07","73,12","47,47","123,72","2,14","4,98",,3,21,"11,4","1,73",27,"9,5",22,21,17,"6,82","3,01","0,47","21,51",0,"0,11",0,"0,71",0,22/02/2026,2026,02,EX5500
0060122 ZSHI,60122,Análisis flúido,18/02/2026,0060122 ZSHI 20260218,"8705,74","8997,74","8705,74","344,6",18,Normal,Crítico,,,No,0,Advertencia,CAMBIO DE ACEITE HIDRAULICO PALA HITACHI EX5500/EX5600---- POR CONDICION 01625443,,Suciedad,23/02/2026 9:34:54 a. m.,DMartinez,,"0,05","61,77","34,66","104,95","2,19","5,26",,3,17,"11,12","1,64",24,10,24,22,17,"6,7","2,93","0,43","20,53","0,77","0,08",0,"0,49",0,18/02/2026,2026,02,EX5500
0060122 ZSHI,60122,Análisis flúido,31/01/2026,0060122 ZSHI 20260131,"8361,14","8653,14","8361,14",506,29,Normal,Crítico,,,No,0,Advertencia,CAMBIO DE ACEITE HIDRAULICO PALA HITACHI EX5500/EX5600---- POR CONDICION 01625443,,Alto conteo de partículas,13/02/2026 1:36:53 p. m.,DMartinez,,0,"81,47","49,46","171,74","3,27","4,83",,3,21,"14,74","2,4",27,"9,7",21,18,12,"6,56","3,58",0,"25,75",0,"0,15",0,"1,24",0,31/01/2026,2026,01,EX5500
0060122 ZSHI,60122,Análisis flúido,2/01/2026,0060122 ZSHI 20260102,"7855,14","8147,14","7855,14","184,7",12,Normal,Crítico,,,No,0,Advertencia,REALIZAR CAMBIO DE FILTRACCION DE FLUJO PLENO DE HITACHI A PALL  01616492,,Alto conteo de partículas,28/01/2026 10:50:40 a. m.,DMartinez,,"0,17","74,42","1,8","111,95","0,56",0,,,,"0,7","0,36",,"11,052",22,20,15,"0,9",0,"0,11","0,32","1,34","0,14","0,22","0,2","0,22",2/01/2026,2026,01,EX5500
0060122 ZSHI,60122,Análisis flúido,21/12/2025,0060122 ZSHI 20251221,"7670,44","7962,44","7670,44","327,4",17,Normal,Crítico,,,No,0,Normal,"cargue masico de la informacion por retrasos en la entrega de laboratorio , nuevas muestras ya tienen recomendaciones cargadas. ",,Ninguna falla identificada,28/01/2026 10:56:35 a. m.,DMartinez,,"0,06","66,19","39,9","127,05","2,51","5,75",,3,21,"11,78","1,5",27,"10,053",23,20,15,"6,46","2,49","0,25","19,97","0,14","0,05","0,17","0,71","0,02",21/12/2025,2025,12,EX5500
0060122 ZSHI,60122,Análisis flúido,4/12/2025,0060122 ZSHI 20251204,"7343,04","7635,04","7343,04","617,1",33,Normal,Crítico,,,No,0,Crítico,REALIZAR CAMBIO DE FILTRACCION DE FLUJO PLENO DE HITACHI A PALL 01588354,,Alto conteo de partículas,9/12/2025 8:02:51 a. m.,DMartinez,,0,"81,87","38,26","128,2","2,48","4,48",,3,20,"9,78","1,56",26,"9,5",22,20,15,"4,97","2,74","0,22","16,28",0,"0,08",0,"0,98",0,4/12/2025,2025,12,EX5500
0060122 ZSHI,60122,Análisis flúido,1/11/2025,0060122 ZSHI 20251101,"6725,94","7017,94","6725,94","234,4",13,Normal,Crítico,,,No,0,Advertencia,"incrmento en codigo ISO Persiste posterior a las acciones ejecutadas , mantener en seguimiento la entrada en tierra identificada y programar cambio de filtro de retorno , pilotaje ",,Alto conteo de partículas,28/01/2026 10:55:34 a. m.,DMartinez,,0,"64,16","20,83","110,56","1,17","2,74",,3,21,"5,76","1,14",27,"9,5",21,18,14,"3,55","2,08","0,22","10,79","0,15","0,08","0,12",0,"0,03",1/11/2025,2025,11,EX5500
0060122 ZSHI,60122,Análisis flúido,19/10/2025,0060122 ZSHI 20251019,"6491,54","6783,54","6491,54","372,4",25,Normal,Crítico,,,No,0,Advertencia,"ACEITE CON 800 HORAS DE OPERACION , SE TENDRA EN SEGUIMIENTO CON EL CAMBIO DE FILTRACION DE RETORNO. ",,Alto conteo de partículas,31/10/2025 10:49:25 a. m.,DMartinez,,"0,21","72,35","16,64","72,27","2,42",0,,3,21,"7,3","1,18",27,"9,7",21,19,14,"4,23","2,29","0,48","11,6",0,"0,12",0,0,0,19/10/2025,2025,10,EX5500
0060122 ZSHI,60122,Análisis flúido,24/09/2025,0060122 ZSHI 20250924,"6119,14","6411,14","6119,14","356,9",21,Normal,Crítico,,,No,0,Crítico,REALIZAR CAMBIO DE FILTRACCION DE FLUJO PLENO DE HITACHI A PALL 01527052,,Suciedad,22/10/2025 10:56:22 a. m.,DMartinez,,"0,01","61,04","36,53","142,29","3,47","1,66",,2,20,"3,68","1,56",27,"10,108",20,18,14,"1,96","0,82",0,"7,03","0,64","0,03",0,0,0,24/09/2025,2025,09,EX5500
0060122 ZSHI,60122,Análisis flúido,3/09/2025,0060122 ZSHI 20250903,"5762,24","6054,24","5762,24","196,8",10,Normal,Crítico,,,No,0,Crítico,REALIZAR CAMBIO DE FILTRACCION DE FLUJO PLENO DE HITACHI A PALL 01527052,,Suciedad,22/10/2025 10:59:31 a. m.,DMartinez,,"0,01","76,75","19,74","124,1","1,74","1,33",,2,19,"3,91","2,07",26,,23,21,19,"1,68","0,87","0,02","6,92","0,86","0,06",0,0,"0,12",3/09/2025,2025,09,EX5500
0060122 ZSHI,60122,Análisis flúido,24/08/2025,0060122 ZSHI 20250824,"5565,44","5857,44","5565,44","208,7",14,Normal,Crítico,,,No,0,Crítico,REALIZAR CAMBIO DE FILTRACCION DE FLUJO PLENO DE HITACHI A PALL 01527052,,Suciedad,2/09/2025 4:18:55 p. m.,DMartinez,,"0,11","68,77","34,65","167,28","3,31","3,27",,3,20,"10,22","1,41",26,"9,4",25,23,18,"4,18","4,09","0,21","16,1",0,"0,01","0,03","0,18",0,24/08/2025,2025,08,EX5500
0060122 ZSHI,60122,Análisis flúido,10/08/2025,0060122 ZSHI 20250810,"5356,74","5648,74","5356,74",60,4,Normal,Crítico,,,No,0,Advertencia,REALIZAR CAMBIO DE FILTRACCION DE FLUJO PLENO DE HITACHI A PALL 01527052,,Altos metales de desgaste,26/08/2025 4:18:25 p. m.,DMartinez,,"0,06","75,18","27,48","194,6",3,"3,31",,3,20,"7,05","10,21",26,"9,39",24,21,16,"3,97","2,68","0,16","14,17",0,0,"0,16","0,54",0,10/08/2025,2025,08,EX5500
0060122 ZSHI,60122,Análisis flúido,6/08/2025,0060122 ZSHI 20250806,"5296,74","5588,74","5296,74","470,8",26,Normal,Crítico,,,No,0,Normal,SEGUIR OPERANDO,,Ninguna falla identificada,15/08/2025 10:32:29 a. m.,DMartinez,,"0,04","59,88","16,77","116,28","1,24","2,06",,2,20,"2,83","2,03",27,10,19,16,9,"1,86","1,1","0,12","7,02",0,"0,03",0,"0,31",0,6/08/2025,2025,08,EX5500
0060122 ZSHI,60122,Análisis flúido,11/07/2025,0060122 ZSHI 20250711,"4825,94","5117,94","4825,94","472,8",25,Normal,Crítico,,,No,0,Normal,SEGUIR OPERANDO BAJO SEGUIMEINTO POR ENTRADA DE TIERRA ,TOMAR MUESTRA DE SEGUIMIENTO ,Ninguna falla identificada,17/07/2025 1:47:01 p. m.,DMartinez,,"0,02","72,69","20,78","191,45","2,9","3,36",,3,20,"5,43","0,88",26,"9,41",20,17,12,"2,3","2,1","0,54","10,09",0,0,"0,03",0,0,11/07/2025,2025,07,EX5500
0060122 ZSHI,60122,Análisis flúido,16/06/2025,0060122 ZSHI 20250616,"4353,14","4645,14","4353,14","168,4",10,Normal,Crítico,,,No,0,Advertencia,CAMBIO DE ACEITE HIDRAULICO PALA HITACHI EX5500/EX5600 POR CONDICION 01488695,,Suciedad,20/06/2025 11:40:29 a. m.,DMartinez,,0,"56,5","12,38","111,89","1,64","1,53",,3,19,"5,27","1,86",26,"9,5",22,20,14,"2,57","1,29","0,08","7,66",0,"0,06",0,0,0,16/06/2025,2025,06,EX5500
0060122 ZSHI,60122,Análisis flúido,6/06/2025,0060122 ZSHI 20250606,"4184,74","4476,74","4184,74","535,3",32,Normal,Crítico,,,No,0,Advertencia,CAMBIO DE ACEITE HIDRAULICO PALA HITACHI EX5500/EX5600 POR CONDICION 01488695,,Suciedad,20/06/2025 11:41:08 a. m.,DMartinez,,"0,06","52,33","11,73","119,07","1,88","2,03",,3,19,"3,56","1,76",26,"9,5",21,20,17,"2,27","1,22","0,1","5,97","0,16","0,04",0,0,"0,09",6/06/2025,2025,06,EX5500
0060122 ZSHI,60122,Análisis flúido,5/05/2025,0060122 ZSHI 20250505,"3649,44","3941,44","3649,44","406,8",24,Normal,Crítico,,,No,0,Normal,SEGUIR OPERANDO ,,Ninguna falla identificada,13/05/2025 5:03:14 p. m.,DMartinez,,"0,06","51,53","29,34","150,13","7,17","3,86",,3,16,"8,2","1,64",23,"8,82",20,18,12,"5,75","2,6","0,25","14,74",0,"0,09",0,"0,48","0,05",5/05/2025,2025,05,EX5500
0060122 ZSHI,60122,Análisis flúido,11/04/2025,0060122 ZSHI 20250411,"3242,64","3534,64","3242,64","49,88",4,Normal,Crítico,,,No,0,Crítico,CAMBIO DE ACEITE HIDRAULICO PALA HITACHI 01426255,,Suciedad,15/04/2025 10:19:13 p. m.,DMartinez,,"0,16","46,42","34,19","176,99","8,5","3,33",,3,14,"10,11","2,15",21,"8,5",23,21,17,"6,49","2,46","0,13","15,21","0,07","0,17","0,03","0,47","0,27",11/04/2025,2025,04,EX5500
0060122 ZSHI,60122,Análisis flúido,7/04/2025,0060122 ZSHI 20250407,"3192,76","3484,76","3192,76","662,66",37,Normal,Crítico,,,No,0,Crítico,CAMBIO DE ACEITE HIDRAULICO PALA HITACHI 01426255,,Suciedad,15/04/2025 10:19:13 p. m.,DMartinez,,"0,21","48,04","31,12","155,15","8,63","3,4",,3,14,"8,93","2,1",21,,20,17,12,"5,82","2,63","0,22","14,4","0,44","0,07",0,"1,19","0,05",7/04/2025,2025,04,EX5500
0060122 ZSHI,60122,Análisis flúido,1/03/2025,0060122 ZSHI 20250301,"2530,1","2822,1","2530,1","604,2",35,Normal,Crítico,,,No,0,Advertencia,CAMBIO DE ACEITE HIDRAULICO PALA HITACHI 01426255,,Suciedad,5/03/2025 4:00:47 p. m.,DMartinez,,"0,07","41,06","51,7","212,49","7,93","2,86",,3,13,"9,75","1,33",21,"8,52",25,24,21,"3,39","1,46","0,06","10,58","1,03","0,06","0,05","0,72","0,04",1/03/2025,2025,03,EX5500
0060122 ZSHI,60122,Análisis flúido,25/01/2025,0060122 ZSHI 20250125,"1925,9","2217,9","1925,9","484,2",30,Normal,Crítico,,,No,0,Normal,SEGUIR OPERANDO ,,Ninguna falla identificada,10/02/2025 12:46:40 p. m.,DMartinez,,"0,04","41,99","46,32","238,95","9,5",0,,3,11,"5,08","1,27",20,"8,14",21,18,15,"1,65","2,52",0,"7,72","1,29","0,06","0,4","0,21",0,25/01/2025,2025,01,EX5500
0060122 ZSHI,60122,Análisis flúido,26/12/2024,0060122 ZSHI 20241226,"1441,7","1733,7","1441,7","253,3",14,Normal,Crítico,,,No,0,Normal,SEGUIR OPERANDO ,,Ninguna falla identificada,11/01/2025 10:18:42 a. m.,DMartinez,,"0,06","28,58","49,01","241,54","10,96","1,47",,3,11,"2,67","2,18",19,"8,18",19,18,14,"1,4","2,14",0,"6,95","0,09",0,0,0,0,26/12/2024,2024,12,EX5500
0060122 ZSHI,60122,Análisis flúido,12/12/2024,0060122 ZSHI 20241212,"1188,4","1480,4","1188,4","194,7",12,Normal,Crítico,,,No,0,Advertencia,01381514 CAMBIO DE ACEITE HIDRAULICO PALA HITACHI EX5500/EX5600--ALTO CODIGO ISO,,Fluido incorrecto,20/12/2024 6:20:26 p. m.,DMartinez,,"0,17",69,"4,98","112,77","0,64",0,,2,21,"0,93","0,03",28,"10,966",21,20,17,"0,19","0,18","0,06",0,"0,02","0,04","0,51",0,"0,01",12/12/2024,2024,12,EX5500
0060122 ZSHI,60122,Análisis flúido,30/11/2024,0060122 ZSHI 20241130,"993,7","1285,7","993,7","993,7",56,Normal,Crítico,,,No,0,Advertencia,01381514 CAMBIO DE ACEITE HIDRAULICO PALA HITACHI EX5500/EX5600--ALTO CODIGO ISO,,Alto conteo de partículas,20/12/2024 6:19:45 p. m.,DMartinez,,"0,01","61,15","1,42","95,78","0,95",0,,2,21,"0,71","1,4",28,"11,089",24,22,16,"0,22","0,03",0,"0,05",0,"0,01","0,32","0,1","0,15",30/11/2024,2024,11,EX5500
0060122 ZSHI,60122,Análisis flúido,5/10/2024,0060122 ZSHI 20241005,292,292,0,,,Normal,Crítico,,,No,0,Normal,SEGUIR OPERANDO ,,Ninguna falla identificada,2/11/2024 11:56:48 p. m.,DMartinez,,"0,23","58,71","2,27","87,2","1,53","0,28",,4,7,"0,27",0,14,"11,001",19,17,14,"0,13","0,02",0,"0,14","0,06","0,02","0,23",0,0,5/10/2024,2024,10,EX5500
0060123 ZSHI,60123,Análisis flúido,12/08/2026,0060123 ZSHI 20260812,"11218,75","11514,55","11218,75","14,6",1,Normal,Crítico,,,No,0,Sin calificar,,,,,,,"0,17","48,86","5,29","90,63","2,36","0,87",,2,22,"14,25","3,81",29,"10,69",27,26,21,"2,52","0,55","0,19","5,03","0,29","0,08","0,01","0,67","0,06",12/08/2026,2026,08,EX5500
0060123 ZSHI,60123,Análisis flúido,11/08/2026,0060123 ZSHI 20260811,"11204,15","11499,95","11204,15","12,9",1,Normal,Crítico,,,No,0,Advertencia,MEJORA SINGNIFICATIVA POSTERIOR A LA INSTALACION DE FILTROS DE ALTA EFICIENCIA ,MANTENER EL SEGUIMIENTO,,13/08/2026 6:23:53 p. m.,DMartinez,,"0,12","50,82","5,02","90,01","1,33","0,45",,2,22,"2,92","0,95",29,"10,72",20,19,15,"1,07","0,5","0,13","2,27",0,"0,07",0,"0,37","0,08",11/08/2026,2026,08,EX5500
0060123 ZSHI,60123,Análisis flúido,10/08/2026,0060123 ZSHI 20260810,"11191,25","11487,05","11191,25","46,2",6,Normal,Crítico,,,No,0,Crítico,CAMBIAR FILTROS DE ACEITE  DE FLUJOP PLENO POR CONDICION DE INCRMENTO EN CODIGO ISO ,,,13/08/2026 6:28:05 p. m.,DMartinez,,"0,18","64,95","4,65","65,81","1,2","0,46",,2,22,"1,76","0,72",29,"10,8",22,20,17,"1,05","0,51","0,2","2,52","0,1","0,05","0,28","0,88","0,02",10/08/2026,2026,08,EX5500
0060123 ZSHI,60123,Análisis flúido,4/08/2026,0060123 ZSHI 20260804,"11145,05","11440,85","11145,05",88,5,Normal,Crítico,,,No,0,Crítico,"EQUIPO CON PRESENCIA DE CONTAMINACION POSTERIOR AL CAMBIO DE ACEITE , EN EVALUACION SE IDENTIFICO QUE PRESENTA CONDICON DE ENTRADA DE TIERRA POR CILINDRO DE EMPUJE ,EQUIPO SE LE REALIZARA CAMBIO DE FILTRACION Y SEGUIMIENTO AL CILINDRO DE EMPUJE HASTA TENER COMPONENTE EN POOL ",CAMBIAR CILINDRO DE EMPUJE + CAMBIO DE FILTRACION ,,13/08/2026 6:26:00 p. m.,DMartinez,,"0,36","85,42","12,91","135,65","1,87","0,34",,2,22,"6,84","10,09",29,"10,353",22,21,18,"3,84","1,43","0,46","7,78","0,89","0,05",0,0,0,4/08/2026,2026,08,EX5500
0060123 ZSHI,60123,Análisis flúido,30/07/2026,0060123 ZSHI 20260730,"11057,05","11352,85","11057,05","49,6",4,Normal,Crítico,,,No,0,Normal,ACEITE CON 0 HORAS DE OPERACION . MUESTRAS ANTES DE LA PUESTA EN MARCHA ,,,5/08/2026 1:13:07 p. m.,DMartinez,,"0,56","59,83","12,19","122,78","1,07","0,65",,2,22,0,"0,21",29,"11,221",20,17,13,"0,38","0,01",0,"0,29",0,0,0,0,0,30/07/2026,2026,07,EX5500
0060123 ZSHI,60123,Análisis flúido,26/07/2026,0060123 ZSHI 20260726,"11007,45","11303,25","11007,45","201,1",12,Normal,Crítico,,,No,0,Crítico,"•	Cambio de aceite hidráulico por condición. OT: ICOR01711269  •	Cambio de filtración de aceite hidráulico (filtración de flujo pleno + By pass+ Respiradero) OT: 01721076  •	Cambio de válvulas de sobrecarga de movimiento de boom abajo, en giro y traslación OT: 01721084  •	Cambio de válvula de alivio del bloque de válvula #5. ICOR01721090    ",,,31/07/2026 8:34:44 p. m.,DMartinez,,"0,12","79,77","12,55","110,5","2,31",0,,3,23,"16,31",1,29,"9,68",19,18,15,"9,32","2,41","1,07","16,44",0,"0,29","0,04",0,"0,19",26/07/2026,2026,07,EX5500
0060123 ZSHI,60123,Análisis flúido,14/07/2026,0060123 ZSHI 20260714,"10806,35","11102,15","10806,35","159,2",11,Normal,Crítico,,,No,0,Crítico,Equipo viene incrementado la presión en todos los actuadores hidráulico del equipo llegando a valores de 35 Mpa .análisis de aceite hidráulico indica un incremento en los códigos ISO del aceite hidráulico ya acercándose a los limites condenatorios de Hitachi. ,"1.	Tomar temperatura de todos los cilindros hidráulicos. ICOR01719121 Ot linkeada a la inspección de mañana    2.	Realizar test hidráulico e inspección visual de las válvulas secundarias y primaria de los movimientos de baja de Boom, Extensión y retracción de brazo. ICOR01704220 linkeada para el 25 de julio  3.	Cambio de filtración hidráulica de retorno a filtración de alta eficiencia. 01719046 Ot linkeada a la inspección de mañana    4.	Toma de muestra de aceite. En ejecución.   ",Suciedad,24/07/2026 6:33:18 p. m.,DMartinez,,"0,07","37,38","14,8","101,09","2,12","1,65",,3,23,"11,68","1,1",29,"9,71",24,22,18,"5,75","2,07","0,74","14,09","0,63","0,04","0,04","0,61",0,14/07/2026,2026,07,EX5500
0060123 ZSHI,60123,Análisis flúido,3/07/2026,0060123 ZSHI 20260703,"10647,15","10942,95","10647,15","192,8",10,Normal,Crítico,,,No,0,Crítico,"Equipo en seguimeinto por incremento en los codigo ISO , se viene llevando con filtracion de alta eficiencia PALL , condicion viene de manera progresivoa , se toma muestra para confirmar siguientes pasos ",,Entrada de polvo,24/07/2026 6:34:50 p. m.,DMartinez,,"0,06","41,47","6,26","64,76","1,37","1,3",,3,22,"8,58","4,22",28,"9,95",22,20,17,"5,6","1,38","0,67","9,35",0,"0,08","0,11","0,28",0,3/07/2026,2026,07,EX5500
0060123 ZSHI,60123,Análisis flúido,23/06/2026,0060123 ZSHI 20260623,"10454,35","10750,15","10454,35","292,6",20,Normal,Crítico,,,No,0,Crítico,"Equipo en seguimeinto por incremento en los codigo ISO , se viene llevando con filtracion de alta eficiencia PALL , condicion viene de manera progresivoa , se toma muestra para confirmar siguientes pasos ",,Entrada de polvo,24/07/2026 6:34:50 p. m.,DMartinez,,"0,08","57,84","9,16","89,42","1,32","1,26",,3,21,"9,07","3,29",28,"9,88",21,20,16,"5,53","1,49","0,53","10,46","0,56","0,13",0,"0,17",0,23/06/2026,2026,06,EX5500
0060123 ZSHI,60123,Análisis flúido,3/06/2026,0060123 ZSHI 20260603,"10161,75","10457,55","10161,75","462,1",27,Normal,Crítico,,,No,0,Advertencia,INSTALAR FILTRO DE ALTA EFICIENCIA DE SISTEMA HIDRAULICO  ICOR01527669-202508,,Suciedad,16/06/2026 10:53:55 a. m.,DMartinez,,"0,08","48,28","13,02","120,54","1,66","1,13",,2,22,"8,11","1,9",28,"10,1",19,17,14,"4,72","1,71","0,42","10,56","0,49","0,07","0,18","0,47",0,3/06/2026,2026,06,EX5500
0060123 ZSHI,60123,Análisis flúido,7/05/2026,0060123 ZSHI 20260507,"9699,65","9995,45","9699,65","316,3",21,Normal,Crítico,,,No,0,Advertencia,REALIZAR CAMBIO DE FILTRACCION DE FLUJO PLENO DE HITACHI A PALL 01676950,,Entrada de polvo,12/05/2026 7:49:34 a. m.,DMartinez,,"0,05","69,4","16,88","97,39","1,03","2,15",,3,22,"9,82","1,14",28,"9,8",20,17,14,"5,73","1,65","0,89","13,08","0,78","0,14",0,0,"0,06",7/05/2026,2026,05,EX5500
0060123 ZSHI,60123,Análisis flúido,16/04/2026,0060123 ZSHI 20260416,"9383,35","9679,15","9383,35","435,7",26,Normal,Crítico,,,No,0,Crítico,CAMBIO DE ACEITE HIDRAULICO PALA HITACHI EX5500/EX5600--- POR CONDICION ICOR01560488-202510     ,,Suciedad,24/04/2026 7:19:12 p. m.,DMartinez,,"0,07","62,25","13,66","91,43","1,25","1,39",,2,21,"8,78","1,21",28,"9,9",21,18,12,"5,12","1,62","0,78","11,21",0,"0,15","0,09","0,06","0,06",16/04/2026,2026,04,EX5500
0060123 ZSHI,60123,Análisis flúido,21/03/2026,0060123 ZSHI 20260321,"8947,65","9243,45","8947,65","361,2",20,Normal,Crítico,,,No,0,Crítico,CAMBIO DE ACEITE HIDRAULICO PALA HITACHI EX5500/EX5600--- POR CONDICION ICOR01560488-202510     ,,Suciedad,24/04/2026 7:19:12 p. m.,DMartinez,,"0,06","72,88","21,39","114,91","1,67","2,19",,2,21,"8,16","1,26",28,"9,82",20,17,12,"4,37","1,79","0,46","13,15",0,"0,13","0,14","0,48","0,14",21/03/2026,2026,03,EX5500
0060123 ZSHI,60123,Análisis flúido,1/03/2026,0060123 ZSHI 20260301,"8586,45","8882,25","8586,45","492,2",32,Normal,Crítico,,,No,0,Advertencia,CAMBIO DE ACEITE HIDRAULICO PALA HITACHI EX5500/EX5600--- POR CONDICION 01560488,,Entrada de polvo,10/03/2026 5:34:06 p. m.,DMartinez,,"0,04","71,43",25,"118,37","1,25","2,09",,,,"5,2","3,94",,"9,98",20,17,12,"3,2","1,72","0,26","10,73",0,"0,13",0,0,"0,02",1/03/2026,2026,03,EX5500
0060123 ZSHI,60123,Análisis flúido,28/01/2026,0060123 ZSHI 20260128,"8094,25","8390,05","8094,25","396,5",29,Normal,Crítico,,,No,0,Advertencia,CAMBIO DE ACEITE HIDRAULICO PALA HITACHI EX5500/EX5600--- POR CONDICION 01560488,,Altos metales de desgaste,13/02/2026 1:41:45 p. m.,DMartinez,,"0,05","80,89","21,67","177,97","1,88",0,,2,21,"6,53","1,38",28,"10,423",23,20,18,"3,04","2,06","0,04","9,9",0,"0,13",0,0,0,28/01/2026,2026,01,EX5500
0060123 ZSHI,60123,Análisis flúido,30/12/2025,0060123 ZSHI 20251230,"7697,75","7993,55","7697,75","43,1",4,Normal,Crítico,,,No,0,Advertencia,REALIZAR CAMBIO DE FILTRACCION DE FLUJO PLENO DE HITACHI A PALL 01616493,,Alto conteo de partículas,28/01/2026 10:51:32 a. m.,DMartinez,,"0,03","61,07","11,61","94,48","1,14","1,64",,2,20,"3,97","3,16",27,"10,378",21,19,13,"2,59","1,37","0,08","6,92","0,95","0,02","0,21","0,69","0,1",30/12/2025,2025,12,EX5500
0060123 ZSHI,60123,Análisis flúido,26/12/2025,0060123 ZSHI 20251226,"7654,65","7950,45","7654,65","530,1",29,Normal,Crítico,,,No,0,Advertencia,REALIZAR CAMBIO DE FILTRACCION DE FLUJO PLENO DE HITACHI A PALL 01616493,,Alto conteo de partículas,28/01/2026 10:51:56 a. m.,DMartinez,,"0,09","54,17","18,49","118,96","2,63","2,15",,2,20,"3,96","1,86",27,"10,3",20,18,13,"2,48","1,36","0,09","7,54",0,"0,05","0,25","0,31","0,13",26/12/2025,2025,12,EX5500
0060123 ZSHI,60123,Análisis flúido,27/11/2025,0060123 ZSHI 20251127,"7124,55","7420,35","7124,55","340,7",19,Normal,Crítico,,,No,0,Normal,SEGUIR MONITOREADNO ,,Ninguna falla identificada,28/01/2026 9:24:25 a. m.,DMartinez,,"1,13","77,15","11,66","69,46","1,46","1,06",,3,21,"5,26","3,68",27,"9,68",19,16,12,"3,71","2,17","0,24","10,28","0,52","0,1",0,0,"0,03",27/11/2025,2025,11,EX5500
0060123 ZSHI,60123,Análisis flúido,8/11/2025,0060123 ZSHI 20251108,"6783,85","7079,65","6783,85","131,2",8,Normal,Crítico,,,No,0,Advertencia,"Los conteos de partículas son ligeramente elevados, sin embargo mínimos. Teniendo en cuenta que todos los otros predictores permanecen dentro de los límites aceptables, continúe monitoreando de cerca.  Particle counts are slightly elevated, However minimal. Considering all other predictors remain within acceptable limits, continue to monitor closely.  ",,Alto conteo de partículas,11/11/2025 8:23:20 p. m.,sysadmin,,,,,,,,,,,,,,,21,18,14,,,,,,,,,,8/11/2025,2025,11,EX5500
0060123 ZSHI,60123,Análisis flúido,31/10/2025,0060123 ZSHI 20251031,"6652,65","6948,45","6652,65","371,7",19,Normal,Crítico,,,No,0,Normal,SEGUIR OPERANDO ,,Ninguna falla identificada,25/11/2025 10:04:51 a. m.,DMartinez,,"0,26","91,04","23,6","92,03","1,88",0,,3,21,"6,29","9,35",27,,19,15,10,"4,85","2,5","0,51","10,75","1,71","0,03","0,28","0,87","0,36",31/10/2025,2025,10,EX5500
0060123 ZSHI,60123,Análisis flúido,12/10/2025,0060123 ZSHI 20251012,"6280,95","6576,75","6280,95","306,9",19,Normal,Crítico,,,No,0,Advertencia,CAMBIO DE ACEITE HIDRAULICO PALA HITACHI EX5500/EX5600--- POR CONDICION 01560488,CAMBIO DE ACEITE HIDRAULICO PALA HITACHI EX5500/EX5600--- POR CONDICION,Suciedad,22/10/2025 11:27:39 a. m.,DMartinez,,"0,05","73,4","35,18","133,56","3,82","1,59",,2,21,"4,88","2,21",27,"9,8",20,18,14,"3,08","2,13","0,15","8,95","0,42","0,04","0,21","0,04","0,08",12/10/2025,2025,10,EX5500
0060123 ZSHI,60123,Análisis flúido,23/09/2025,0060123 ZSHI 20250923,"5974,05","6269,85","5974,05","159,4",10,Normal,Crítico,,,No,0,Advertencia,CAMBIO DE ACEITE HIDRAULICO PALA HITACHI EX5500/EX5600--- POR CONDICION 01560488,,Suciedad,22/10/2025 11:29:41 a. m.,DMartinez,,"0,01","79,51","25,98","109,81","3,21","1,25",,2,21,"3,61","2,31",27,"9,8",21,19,15,"2,19","1,7","0,08","6,11","0,13","0,05","0,05",0,"0,09",23/09/2025,2025,09,EX5500
0060123 ZSHI,60123,Análisis flúido,13/09/2025,0060123 ZSHI 20250913,"5814,65","6110,45","5814,65","590,9",39,Normal,Crítico,,,No,0,Advertencia,"INCRMENTO EN LOS NIVELES DE SILICION , POSIBLE ENTRADA DE TIERRA AL SISTEMA , MANTENER EN SEGUIMIENTO ",,Suciedad,22/10/2025 11:31:13 a. m.,DMartinez,,0,"81,89","52,32","150,05","2,35","0,85",,2,21,"3,58","1,82",27,"9,8",19,16,11,"2,33","1,73",0,"7,18","1,22",0,0,0,"0,1",13/09/2025,2025,09,EX5500
0060123 ZSHI,60123,Análisis flúido,5/08/2025,0060123 ZSHI 20250805,"5223,75","5519,55","5223,75","93,4",6,Normal,Crítico,,,No,0,Normal,SEGUIR OPERANDO ,,Ninguna falla identificada,8/08/2025 4:36:21 p. m.,DMartinez,,"0,17","73,53","13,43","156,17","1,5",0,,2,21,"3,01","3,92",27,"10,151",20,17,11,"1,44","1,34",0,"4,07",0,"0,01","0,04","0,1",0,5/08/2025,2025,08,EX5500
0060123 ZSHI,60123,Análisis flúido,30/07/2025,0060123 ZSHI 20250730,"5130,35","5426,15","5130,35",259,13,Normal,Crítico,,,No,0,Normal,SEGUIR OPERANDO CAMBIAR ACEITE ALIENADO AL PM ,,Ninguna falla identificada,1/08/2025 11:29:58 a. m.,DMartinez,,"0,07","65,68","11,37","105,91","2,59","1,26",,2,20,"2,91","0,11",27,"9,81",19,16,14,"1,91","1,56","0,02","6,08","1,06","0,05","0,09",0,"0,07",30/07/2025,2025,07,EX5500
0060123 ZSHI,60123,Análisis flúido,17/07/2025,0060123 ZSHI 20250717,"4871,35","5167,15","4871,35","230,1",13,Normal,Crítico,,,No,0,Normal,SEGUIR OPERANDO ,,Ninguna falla identificada,21/07/2025 4:17:51 p. m.,DMartinez,,"0,07","88,29","9,84","48,51","1,84","1,53",,2,20,"3,45",0,27,"9,9",22,20,16,"2,43","1,59","0,04","4,83","0,28","0,13",0,"0,49","0,24",17/07/2025,2025,07,EX5500
0060123 ZSHI,60123,Análisis flúido,4/07/2025,0060123 ZSHI 20250704,"4641,25","4937,05","4641,25","499,7",30,Normal,Crítico,,,No,0,Normal,SEGUIR OPERANDO BAJO SEGUIMEINTO POR ENTRADA DE TIERRA ,TOMAR MUESTRA DE SEGUIMIENTO ,Ninguna falla identificada,17/07/2025 1:47:01 p. m.,DMartinez,,"0,1","84,1","11,53","49,7","1,71","0,41",,2,20,"2,47","0,63",26,"9,8",19,16,11,"0,78","1,72","0,4","5,16",0,0,"0,04",0,0,4/07/2025,2025,07,EX5500
0060123 ZSHI,60123,Análisis flúido,4/06/2025,0060123 ZSHI 20250604,"4141,55","4437,35","4141,55",63,4,Normal,Crítico,,,No,0,Advertencia,"ACEITE FUE CAMBIADO EL 18 DE JUNIO , SE ESPERA  LA PROXIMA MUESTRA PARA VALIDAR CONDICON POSTERIOR AL CAMBIO ","ACEITE FUE CAMBIADO EL 18 DE JUNIO , SE ESPERA  LA PROXIMA MUESTRA PARA VALIDAR CONDICON POSTERIOR AL CAMBIO ",Ninguna falla identificada,20/06/2025 11:37:33 a. m.,DMartinez,,"0,17",72,"34,12","179,04","3,52",0,,3,18,"7,8","0,92",24,"9,1",20,19,14,"4,64","2,29",0,"13,3",0,"0,1",0,0,"0,1",4/06/2025,2025,06,EX5500
0060123 ZSHI,60123,Análisis flúido,31/05/2025,0060123 ZSHI 20250531,"4078,55","4374,35","4078,55",126,6,Normal,Crítico,,,No,0,Crítico,CAMBIO DE ACEITE HIDRAULICO PALA HITACHI EX5500/EX5600-- POR CODNICION DE ALTO CODIGO ISO 01446441,,Suciedad,3/06/2025 11:42:40 a. m.,DMartinez,,"0,08","48,88","30,29","138,01","2,89","1,82",,3,18,"9,2","3,76",24,"9,136",24,22,19,"4,58","1,8","0,12","13,05","0,31","0,06",0,0,"0,12",31/05/2025,2025,05,EX5500
0060123 ZSHI,60123,Análisis flúido,25/05/2025,0060123 ZSHI 20250525,"3952,55","4248,35","3952,55","419,8",25,Normal,Crítico,,,No,0,Crítico,CAMBIO DE ACEITE HIDRAULICO PALA HITACHI EX5500/EX5600-- POR CODNICION DE ALTO CODIGO ISO 01446441,,Suciedad,3/06/2025 11:46:04 a. m.,DMartinez,,"0,07","43,76","24,6","128,35","3,35","1,69",,3,17,"5,75","2,3",24,"9,11",22,21,17,"3,83","1,75","0,06","12,01","0,08",0,0,"0,39",0,25/05/2025,2025,05,EX5500
0060123 ZSHI,60123,Análisis flúido,30/04/2025,0060123 ZSHI 20250430,"3532,75","3828,55","3532,75","306,7",16,Normal,Crítico,,,No,0,Normal,SEGUIR OPERANDO ,,Ninguna falla identificada,13/05/2025 5:03:14 p. m.,DMartinez,,"0,14","49,01","16,01","115,37","2,39","0,83",,3,18,"4,67","2,87",24,"9,2",20,18,15,"2,97","1,58",0,"8,73","1,99","0,08",0,"0,39","0,25",30/04/2025,2025,04,EX5500
0060123 ZSHI,60123,Análisis flúido,14/04/2025,0060123 ZSHI 20250414,"3226,05","3521,85","3226,05","257,75",15,Normal,Crítico,,,No,0,Normal,"SEGUIR OPERANDO , TENER EN SEGUIMIENTO NIVELES DE CODIGO ISO ",,Ninguna falla identificada,23/04/2025 5:47:27 p. m.,DMartinez,,"0,02","50,09","18,3","166,19","3,31","1,94",,3,18,"4,57","1,07",24,"9,25",19,17,12,"2,08","1,68",0,"7,22",0,0,"0,07",0,0,14/04/2025,2025,04,EX5500
0060123 ZSHI,60123,Análisis flúido,30/03/2025,0060123 ZSHI 20250330,"2968,3","3264,1","2968,3","711,8",36,Normal,Crítico,,,No,0,Advertencia,CAMBIO DE ACEITE HIDRAULICO PALA HITACHI EX5500/EX5600-- POR CODNICION DE ALTO CODIGO ISO 01446441,,Entrada de polvo,8/04/2025 4:45:54 p. m.,DMartinez,,"0,03","53,52","15,8","160,64","2,65",0,,2,17,"3,5","0,48",24,"9,3",22,21,17,"2,18","1,25","0,14","5,62","0,4","0,05","0,1",0,"0,03",30/03/2025,2025,03,EX5500
0060123 ZSHI,60123,Análisis flúido,22/02/2025,0060123 ZSHI 20250222,"2256,5","2552,3","2256,5","746,6",39,Normal,Crítico,,,No,0,Normal,SEGUIR OPERANDO ,SEGUIR OPERANDO ,Ninguna falla identificada,5/03/2025 3:41:54 p. m.,DMartinez,,"0,01","25,15","40,1","239,56","5,51","2,6",,3,11,"2,63","1,55",18,"8,07",18,12,11,"1,44","0,88","0,05","9,27","0,87",0,0,"0,7","0,07",22/02/2025,2025,02,EX5500
0060123 ZSHI,60123,Análisis flúido,14/01/2025,0060123 ZSHI 20250114,"1509,9","1805,7","1509,9","557,3",32,Normal,Crítico,,,No,0,Normal,SEGUIR OPERANDO ,,Ninguna falla identificada,27/01/2025 3:00:46 p. m.,DMartinez,,0,"23,39","30,99","279,5","5,72",0,,,,"1,66","0,84",,"8,029",19,18,14,"0,87","1,21",0,"5,74",0,"0,04",0,"0,05","0,08",14/01/2025,2025,01,EX5500
0060123 ZSHI,60123,Análisis flúido,13/12/2024,0060123 ZSHI 20241213,"952,6","1248,4","952,6","952,6",45,Normal,Crítico,,,No,0,Advertencia,CAMBIO DE ACEITE HIDRAULICO PALA HITACHI EX5500/EX5600--MAQUINA OPERANDO CON ISO 46 01381511,,Fluido incorrecto,20/12/2024 6:17:10 p. m.,DMartinez,,"0,19","68,31","0,94","94,26","0,65","0,03",,3,9,"1,66",0,18,"7,93",19,15,11,"0,38","0,04","0,01","0,46",0,0,"0,03",0,0,13/12/2024,2024,12,EX5500
0060123 ZSHI,60123,Análisis flúido,29/10/2024,0060123 ZSHI 20241029,"295,8","295,8",0,,,Normal,Crítico,,,No,0,Normal,"SEGUIR OPERANDO , ACEITE HIDRAULICO HXN46 DE FABRICA  , REALIZAR CAMBIO A LAS 40000 HORAS ",,Ninguna falla identificada,6/11/2024 2:19:31 p. m.,DMartinez,,"0,06","16,13","38,78","307,8","8,05",0,,2,8,"0,92","0,13",17,"7,9",19,17,12,"0,28","3,79","0,02","3,1","1,87","0,05","0,64","1,36","0,09",29/10/2024,2024,10,EX5500
0060124 ZSHI,60124,Análisis flúido,12/08/2026,0060124 ZSHI 20260812,"11218,97","11218,97","11218,97","146,5",7,Normal,Crítico,,,No,0,Normal,SEGUIR OPERANDO ,,,14/08/2026 10:14:33 a. m.,DMartinez,,"0,16","49,78","8,79","87,27","1,54","0,69",,2,22,"5,08","1,67",29,"10,87",19,17,13,"1,34","0,83","0,34","2,09","1,21","0,07","0,19",0,"0,14",12/08/2026,2026,08,EX5500
0060124 ZSHI,60124,Análisis flúido,5/08/2026,0060124 ZSHI 20260805,"11072,47","11072,47","11072,47","28,3",2,Normal,Crítico,,,No,0,Crítico,En inspeccion por incremento en los niveles de codigo ISO se evidencia que la maquina esta operando con filtraccion HITACHI se genera OT 01726991 para realizar el cambio de filtracciion PALL,,,10/08/2026 1:32:35 p. m.,DMartinez,,0,"50,83","5,79","68,83",1,"1,07",,2,22,"2,71","1,24",29,"10,52",24,22,19,"1,4","0,66","0,34","2,24","0,17","0,03","0,16","0,23",0,5/08/2026,2026,08,EX5500
0060124 ZSHI,60124,Análisis flúido,3/08/2026,0060124 ZSHI 20260803,"11044,17","11044,17","11044,17","94,2",6,Normal,Crítico,,,No,0,Crítico,En inspeccion por incremento en los niveles de codigo ISO se evidencia que la maquina esta operando con filtraccion HITACHI se genera OT 01726991 para realizar el cambio de filtracciion PALL,,,5/08/2026 1:26:14 p. m.,DMartinez,,"0,08","74,71","8,56","137,44","0,78",0,,2,22,"2,58","5,6",29,"10,495",23,22,18,"1,24","0,97","0,45","2,88",0,0,"0,06",0,0,3/08/2026,2026,08,EX5500
0060124 ZSHI,60124,Análisis flúido,28/07/2026,0060124 ZSHI 20260728,"10949,97","10949,97","10949,97",171,10,Normal,Crítico,,,No,0,Crítico,"Condicion de codigo ISO en incremento pese  a las acciones tomadas , realizar las siguintes acciones . Se tiene en seguimiento componentes hidrualicos pro presencia de metales en el filtro de drenaje     •	Cambio de filtración de retorno a filtración de PALL a 7 Micras  •	Realizar termografía a las bombas hidráulicas   •	Realizar termografía a los motores de giro  •	Realizar termografía a los motores de propel  •	Tomar presión de drenaje con manómetro del motor de giro #2.   ",,,3/08/2026 7:32:30 a. m.,DMartinez,,"0,1","63,27","14,99","126,47","1,68","1,46",,2,22,"4,06","0,61",29,"10,26",23,21,17,"1,61","0,92","0,78","2,73",0,0,"0,37",0,"0,01",28/07/2026,2026,07,EX5500
0060124 ZSHI,60124,Análisis flúido,18/07/2026,0060124 ZSHI 20260718,"10778,97","10778,97","10778,97","265,9",19,Normal,Crítico,,,No,0,Crítico,ACIETE SE ENCUENTRA ALTAMETNE CONTAINADO POROABLEMENTE POR LOS EVNTOS ANTERIORES DE DESTRUCCION DE BOMBA HIDRUALICO Y FALLA EN CILINDRO DE EMPUJE . REALIZAR FLUSHING COMPLETO AL SISTEMA POR CONDICION ,,,3/08/2026 7:27:42 a. m.,DMartinez,,"0,01","32,97","13,32","89,2","2,64","0,93",,2,22,"17,22","1,09",26,"10,994",25,24,20,"5,17","2,08","1,73","7,84","1,45",0,"0,1","0,71",0,18/07/2026,2026,07,EX5500
0060124 ZSHI,60124,Análisis flúido,29/06/2026,0060124 ZSHI 20260629,"10513,07","10513,07","10513,07",412,22,Normal,Crítico,,,No,0,Crítico,ACIETE SE ENCUENTRA ALTAMETNE CONTAINADO POROABLEMENTE POR LOS EVNTOS ANTERIORES DE DESTRUCCION DE BOMBA HIDRUALICO Y FALLA EN CILINDRO DE EMPUJE . REALIZAR FLUSHING COMPLETO AL SISTEMA POR CONDICION ,,,3/08/2026 7:27:42 a. m.,DMartinez,,"0,08","64,32","9,83","98,92","1,71","0,7",,2,21,"12,15","3,27",27,"10,11",21,18,13,"7,27","1,39","0,23","7,86","0,28","0,09","0,21","0,59",0,29/06/2026,2026,06,EX5500
0060124 ZSHI,60124,Análisis flúido,7/06/2026,0060124 ZSHI 20260607,"10101,07","10101,07","10101,07",800,49,Normal,Crítico,,,No,0,Advertencia,Se evidecia reduccion del codigo ISO posterior al camkbio de filtracion vamos a tener en seguimiento el codigo de limpieza,,Suciedad,16/06/2026 10:50:54 a. m.,DMartinez,,0,"78,58","7,61","142,66","0,92",0,,2,21,"4,39","4,44",28,"10,44",19,18,14,"2,07","0,94","0,12","2,91",0,"0,01",0,0,0,7/06/2026,2026,06,EX5500
0060124 ZSHI,60124,Análisis flúido,19/04/2026,0060124 ZSHI 20260419,"9301,07","9301,07","9301,07","13,8",1,Normal,Crítico,,,No,0,Advertencia,REALIZAR CAMBIO DE FILTRACCION DE FLUJO PLENO DE HITACHI A PALL  01676954,,Suciedad,12/05/2026 10:34:58 a. m.,DMartinez,,"0,03","53,46","14,86","76,7","2,81","1,28",,3,21,"10,88","1,19",27,"9,8",21,20,16,"6,34","1,17","0,46","10,06","0,78","0,17","0,1",0,0,19/04/2026,2026,04,EX5500
0060124 ZSHI,60124,Análisis flúido,18/04/2026,0060124 ZSHI 20260418,"9287,27","9287,27","9287,27","358,9",19,Normal,Crítico,,,No,0,Crítico,CAMBIO DE ACEITE HIDRAULICO PALA HITACHI EX5500/EX5600--- POR CONDICION ICOR01630298,,Suciedad,24/04/2026 7:26:28 p. m.,DMartinez,,"0,18","78,04","2,65","106,59","0,53",0,,2,21,"1,48","0,29",28,"11,2",23,22,19,0,"0,04",0,"0,22","0,14","0,03","0,14","0,47",0,18/04/2026,2026,04,EX5500
0060124 ZSHI,60124,Análisis flúido,30/03/2026,0060124 ZSHI 20260330,"8928,37","8928,37","8928,37",185,10,Normal,Crítico,,,No,0,Normal,ACEITE FUE CMABIADO EN EL PM DEL MES DE ABRIL POSIBLE CONTAMINACION DE LA MUESTRA YA QUE NO SE OBSERVA CONTAMINANTES ,,Resultados cuestionables de la muestra,24/04/2026 7:27:12 p. m.,DMartinez,,0,"73,92","22,15","95,64","1,04","1,89",,2,22,10,"1,09",28,"9,9",20,18,14,"4,89","1,22","0,19","9,87","0,71","0,09",0,"0,32","0,06",30/03/2026,2026,03,EX5500
0060124 ZSHI,60124,Análisis flúido,20/03/2026,0060124 ZSHI 20260320,"8743,37","8743,37","8743,37","529,9",29,Normal,Crítico,,,No,0,Crítico,CAMBIO DE ACEITE HIDRAULICO PALA HITACHI EX5500/EX5600--- POR CONDICION ICOR01630298,,Suciedad,1/04/2026 5:00:22 p. m.,DMartinez,,"0,04","71,71","13,52","80,79","1,39","1,73",,2,22,"6,52","2,3",28,"9,94",18,16,11,"4,11","1,13","0,17","8,14","0,06","0,08","0,05","0,61","0,03",20/03/2026,2026,03,EX5500
0060124 ZSHI,60124,Análisis flúido,19/02/2026,0060124 ZSHI 20260219,"8213,47","8213,47","8213,47","102,9",5,Normal,Crítico,,,No,0,Crítico,CAMBIO DE ACEITE HIDRAULICO PALA HITACHI EX5500/EX5600--- POR CONDICION 01630298,,Deterioro de la condición del fluido,23/02/2026 9:35:39 a. m.,DMartinez,,"0,15","73,51","33,03","142,82","1,16","1,93",,2,21,"10,67","2,92",28,"10,4",23,20,19,"5,26","0,97","0,15","9,76","0,43","0,1",0,"0,06",0,19/02/2026,2026,02,EX5500
0060124 ZSHI,60124,Análisis flúido,14/02/2026,0060124 ZSHI 20260214,"8110,57","8110,57","8110,57","370,8",21,Normal,Crítico,,,No,0,Crítico,REALIZAR CAMBIO DE FILTRACCION DE FLUJO PLENO DE HITACHI A PALL  01616495,,Suciedad,17/02/2026 1:53:39 p. m.,DMartinez,,"69,35","998,11","714,43","713,35","187,13","46,39",,3,18,"12,43","2,91",23,"10,892",24,22,18,"5,64","1,11","0,21","17,05",0,"0,12","0,03",0,"0,06",14/02/2026,2026,02,EX5500
0060124 ZSHI,60124,Análisis flúido,24/01/2026,0060124 ZSHI 20260124,"7739,77","7739,77","7739,77",726,39,Normal,Crítico,,,No,0,Advertencia,REALIZAR CAMBIO DE FILTRACCION DE FLUJO PLENO DE HITACHI A PALL  01616495,,Alto conteo de partículas,28/01/2026 10:41:51 a. m.,DMartinez,,"0,14","64,46","27,74","105,78","2,38","2,45",,3,21,"10,11","3,54",27,"9,7",19,17,12,"5,34","1,45","0,07","10,31","1,11","0,06","0,16","0,76","0,08",24/01/2026,2026,01,EX5500
0060124 ZSHI,60124,Análisis flúido,16/12/2025,0060124 ZSHI 20251216,"7013,77","7013,77","7013,77","300,5",16,Normal,Crítico,,,No,0,Advertencia,REALIZAR CAMBIO DE FILTRACCION DE FLUJO PLENO DE HITACHI A PALL  01616495,,Alto conteo de partículas,28/01/2026 10:53:22 a. m.,DMartinez,,"0,09","65,85","18,88","97,94","1,52","2,06",,,,"5,3","2,69",,"9,9",23,21,17,"2,84","0,91",0,"5,17",0,"0,08","0,14","0,23","0,06",16/12/2025,2025,12,EX5500
0060124 ZSHI,60124,Análisis flúido,30/11/2025,0060124 ZSHI 20251130,"6713,27","6713,27","6713,27",555,36,Normal,Crítico,,,No,0,Normal,"SEGUIR OPERANDO , MANTENER EL SEGUIMIENTO DEL CODIGO ISO ",,Ninguna falla identificada,26/12/2025 1:42:18 p. m.,DMartinez,,"0,36","70,88","9,75","25,97","2,17",0,,2,21,"3,9","5,44",28,"9,9",19,16,12,"2,19","0,89","0,25","3,04",0,"0,03","0,01",0,"0,03",30/11/2025,2025,11,EX5500
0060124 ZSHI,60124,Análisis flúido,25/10/2025,0060124 ZSHI 20251025,"6158,27","6158,27","6158,27","414,6",23,Normal,Crítico,,,No,0,Advertencia,REALIZAR CAMBIO DE FILTRACCION DE FLUJO PLENO DE HITACHI A PALL  01585284,,Alto conteo de partículas,2/12/2025 5:09:25 p. m.,DMartinez,,"0,1","59,63","33,11","112,35","4,15","1,55",,2,20,"3,67","2,28",27,"9,9",23,22,20,"2,19","0,69","0,05","4,02","0,26","0,05","0,17",0,"0,05",25/10/2025,2025,10,EX5500
0060124 ZSHI,60124,Análisis flúido,2/10/2025,0060124 ZSHI 20251002,"5743,67","5743,67","5743,67","220,7",14,Normal,Crítico,,,No,0,Normal,"SALUD DEL ACEITE HA EVIDENCIADO MEJORIA POSTERIOR A LA INSTALACION DE LOS FILTROS PALL SEGUNDA GENERACION , MANTENER EN SEGUIMEINTO ",,Ninguna falla identificada,22/10/2025 11:23:22 a. m.,DMartinez,,"0,3","68,84","9,44","53,82","1,75","2,29",,2,21,"3,2","7,29",27,"9,7",20,18,14,"1,76","1,32","0,11","3,63",0,0,0,0,0,2/10/2025,2025,10,EX5500
0060124 ZSHI,60124,Análisis flúido,18/09/2025,0060124 ZSHI 20250918,"5522,97","5522,97","5522,97","551,6",37,Normal,Crítico,,,No,0,Normal,"SALUD DEL ACEITE HA EVIDENCIADO MEJORIA POSTERIOR A LA INSTALACION DE LOS FILTROS PALL SEGUNDA GENERACION , MANTENER EN SEGUIMEINTO ",,Ninguna falla identificada,22/10/2025 11:23:22 a. m.,DMartinez,,"0,23","74,63","19,44","117,03","1,82","0,27",,2,21,"3,13","4,74",27,"9,91",19,17,15,"0,91","1,22",0,"3,36","0,65",0,0,1,0,18/09/2025,2025,09,EX5500
0060124 ZSHI,60124,Análisis flúido,12/08/2025,0060124 ZSHI 20250812,"4971,37","4971,37","4971,37","332,7",17,Normal,Crítico,,,No,0,Normal,CAMBIO DE ACEITE HIDRAULICO PALA HITACHI EX5500/EX5600---POR CONDICION  01512836,,Ninguna falla identificada,20/08/2025 11:02:41 a. m.,DMartinez,,0,"70,45","40,05","135,09","1,34",0,,,,"2,36","3,29",,"10,216",21,19,17,"0,73","0,61","0,01","3,06",0,0,"0,07",0,0,12/08/2025,2025,08,EX5500
0060124 ZSHI,60124,Análisis flúido,26/07/2025,0060124 ZSHI 20250726,"4638,67","4638,67","4638,67","198,7",10,Normal,Crítico,,,No,0,Advertencia,CAMBIO DE ACEITE HIDRAULICO PALA HITACHI EX5500/EX5600---POR CONDICION  01512836,,Entrada de polvo,31/07/2025 4:59:36 p. m.,DMartinez,,"0,03","68,31","21,88","121,41","2,68","1,85",,2,21,"5,05","0,76",27,"9,68",22,20,14,"2,79","1,4","0,06","6,63","0,31","0,01",0,"0,43",0,26/07/2025,2025,07,EX5500
0060124 ZSHI,60124,Análisis flúido,16/07/2025,0060124 ZSHI 20250716,"4439,97","4439,97","4439,97","740,9",41,Normal,Crítico,,,No,0,Normal,SEGUIR OPERANDO ,,Ninguna falla identificada,21/07/2025 4:15:41 p. m.,DMartinez,,"0,11","83,14","2,07","46,82","0,44",0,,2,21,"0,75",0,28,"11,034",22,21,18,0,"0,01",0,0,0,"0,09",0,"0,3","0,03",16/07/2025,2025,07,EX5500
0060124 ZSHI,60124,Análisis flúido,5/06/2025,0060124 ZSHI 20250605,"3699,07","3699,07","3699,07","300,1",16,Normal,Crítico,,,No,0,Crítico,CAMBIO DE ACEITE HIDRAULICO PALA HITACHI EX5500/EX5600--POR CONDICION  01432412,,Suciedad,9/06/2025 7:24:37 a. m.,DMartinez,,"0,37","82,4","31,39","156,19","3,92","1,2",,3,20,"6,46","1,16",26,"9,4",20,18,14,"4,36","2,54","0,19","9,37",0,"0,13","0,01",0,"0,16",5/06/2025,2025,06,EX5500
0060124 ZSHI,60124,Análisis flúido,20/05/2025,0060124 ZSHI 20250520,"3398,97","3398,97","3398,97","150,9",10,Normal,Crítico,,,No,0,Crítico,CAMBIO DE ACEITE HIDRAULICO PALA HITACHI EX5500/EX5600--POR CONDICION  01432412,,Suciedad,3/06/2025 11:46:50 a. m.,DMartinez,,"0,14","66,02","21,93","43,51","4,65","0,56",,,,"6,69","1,09",,"9,4",23,21,17,"4,33","2,38","0,13","9,68","0,94","0,11",0,"0,75","0,16",20/05/2025,2025,05,EX5500
0060124 ZSHI,60124,Análisis flúido,10/05/2025,0060124 ZSHI 20250510,"3248,07","3248,07","3248,07","118,2",9,Normal,Crítico,,,No,0,Normal,SEGUIR OPERANDO ,,Ninguna falla identificada,13/05/2025 5:03:14 p. m.,DMartinez,,"0,03","47,42","24,08","108,56","3,63","2,19",,2,20,"3,35","1,75",26,"9,6",19,16,12,"2,61","1,37","0,17","6,63","0,33",0,0,"0,57",0,10/05/2025,2025,05,EX5500
0060124 ZSHI,60124,Análisis flúido,1/05/2025,0060124 ZSHI 20250501,"3129,87","3129,87","3129,87","589,17",32,Normal,Crítico,,,No,0,Normal,SEGUIR OPERANDO ,,Ninguna falla identificada,6/05/2025 3:13:44 p. m.,DMartinez,,"0,02","68,89","3,49","94,62","0,63",0,,,,"0,75",0,,"11,049",19,18,13,"0,01","0,02",0,"0,05",0,0,0,0,0,1/05/2025,2025,05,EX5500
0060124 ZSHI,60124,Análisis flúido,30/03/2025,0060124 ZSHI 20250330,"2540,7","2540,7","2540,7",528,27,Normal,Crítico,,,No,0,Normal,SEGUIR OPERANDO ,,Ninguna falla identificada,15/04/2025 10:17:25 p. m.,DMartinez,,"0,03","62,79","17,64","133,7","3,67",0,,2,27,"3,14","0,4",26,"9,95",22,18,13,"2,27","1,48","0,14","4,16","0,54","0,05","0,18",0,"0,02",30/03/2025,2025,03,EX5500
0060124 ZSHI,60124,Análisis flúido,3/03/2025,0060124 ZSHI 20250303,"2012,7","2012,7","2012,7","523,2",27,Normal,Crítico,,,No,0,Advertencia,CAMBIO DE ACEITE HIDRAULICO PALA HITACHI EX5500/EX5600--POR CONDICION 01432412,,Deterioro de la condición del fluido,17/03/2025 3:21:21 p. m.,DMartinez,,"0,19","50,54","35,34","192,94","8,43","0,35",,3,15,"4,21","1,03",22,"8,68",20,19,16,"2,98","1,94","0,11","7,04","0,42","0,09",0,"0,15","0,01",3/03/2025,2025,03,EX5500
0060124 ZSHI,60124,Análisis flúido,4/02/2025,0060124 ZSHI 20250204,"1489,5","1489,5","1489,5","319,3",16,Normal,Crítico,,,No,0,Normal,SEGUIR OPERANDO ,,Ninguna falla identificada,10/02/2025 12:31:20 p. m.,DMartinez,,"0,13","48,33","28,16","158,86","8,83",0,,3,15,"3,56","1,01",22,"8,8",18,17,13,"2,33","1,57","0,09","4,71","2,05","0,06","0,22","0,4","0,14",4/02/2025,2025,02,EX5500
0060124 ZSHI,60124,Análisis flúido,19/01/2025,0060124 ZSHI 20250119,"1170,2","1170,2","1170,2",61,4,Normal,Crítico,,,No,0,Normal,SEGUIR OPERANDO ,,Ninguna falla identificada,27/01/2025 3:00:46 p. m.,DMartinez,,0,"47,09","29,08","180,41","8,72",0,,3,14,"2,9","0,9",22,"8,774",20,19,15,"1,41","1,71",0,"3,34","1,36","0,08","0,28",0,"0,04",19/01/2025,2025,01,EX5500
0060124 ZSHI,60124,Análisis flúido,15/01/2025,0060124 ZSHI 20250115,"1109,2","1109,2","1109,2","417,4",24,Normal,Crítico,,,No,0,Normal,SEGUIR OPERANDO ,,Ninguna falla identificada,27/01/2025 3:00:46 p. m.,DMartinez,,0,"48,96","29,85","158,32","9,31",0,,3,14,"2,51","0,85",22,"8,7",17,14,7,"1,67","1,82",0,"3,4",0,"0,07",0,0,"0,07",15/01/2025,2025,01,EX5500
0060124 ZSHI,60124,Análisis flúido,22/12/2024,0060124 ZSHI 20241222,"691,8","691,8","691,8",,,Normal,Crítico,,,No,0,Normal,SEGUIR OPERANDO ,,Ninguna falla identificada,27/01/2025 3:00:46 p. m.,DMartinez,,"0,15","71,42","3,24","71,38","0,24",0,,,,0,0,,"11,03",20,18,14,0,"0,04","0,01",0,"0,34","0,01","0,35",0,0,22/12/2024,2024,12,EX5500
0060126 ZSHI,60126,Análisis flúido,12/08/2026,0060126 ZSHI 20260812,"2016,8","2016,8",0,453,24,Normal,Crítico,,,No,0,Normal,SEGUIR OPERANDO,,,18/08/2026 10:34:55 a. m.,DMartinez,,"0,18","11,92","40,27","233,06","9,78","0,7",,3,8,"2,36","3,13",17,"7,6",20,18,13,"0,85","1,73","0,05","4,7","0,34","0,06",0,"0,72","0,07",12/08/2026,2026,08,EX5500
0060126 ZSHI,60126,Análisis flúido,19/07/2026,0060126 ZSHI 20260719,"1563,8","1563,8",0,"438,7",22,Normal,Crítico,,,No,0,Normal,Seguir Operando,,,14/08/2026 4:36:36 p. m.,DMartinez,,0,"9,73","42,24","266,89","11,83","1,43",,3,7,"0,71","1,02",16,"7,63",19,17,13,"0,66","2,68","0,16","4,77",0,"0,02","0,15","0,34",0,19/07/2026,2026,07,EX5500
0060126 ZSHI,60126,Análisis flúido,27/06/2026,0060126 ZSHI 20260627,"1125,1","1125,1",0,"65,4",4,Normal,Crítico,,,No,0,Normal,Seguir Operando,,,14/08/2026 4:36:36 p. m.,DMartinez,,0,"12,25","45,15","295,53","13,27","0,78",,3,6,"1,16","1,97",16,"7,62",22,21,17,"0,65","3,33",0,"5,92",0,"0,02","0,02","0,79",0,27/06/2026,2026,06,EX5500
0060126 ZSHI,60126,Análisis flúido,23/06/2026,0060126 ZSHI 20260623,"1059,7","1059,7",0,351,22,Normal,Crítico,,,No,0,Normal,Seguir Operando,,,14/08/2026 4:36:36 p. m.,DMartinez,,0,"9,87","40,07","242,13","13,25","1,13",,3,6,"0,97","2,63",16,"7,5",20,18,13,"1,08","3,05","0,09","4,89","0,43",0,0,"0,32","0,01",23/06/2026,2026,06,EX5500
0060126 ZSHI,60126,Análisis flúido,1/06/2026,0060126 ZSHI 20260601,"708,7","708,7",0,,,Normal,Crítico,,,No,0,Normal,SEGUIR OPERANDO,,,18/08/2026 10:34:55 a. m.,DMartinez,,"0,13","44,23","14,82","133,25","1,46","0,18",,2,21,"0,3","0,95",28,11,22,20,18,"0,41","0,04",0,"1,24","0,8","0,01","0,04","0,4","0,11",1/06/2026,2026,06,EX5500